2026-09-24 15:02:44,039 INFO:Auto-tuning with 0.9 CPU utilizations, 128 CPUs available, 115 CPUs will be used
2026-09-24 15:02:44,174 WARNING:Benchmark timeout is enforced in benchmark workers by running each benchmark call in a daemon sub-thread and waiting up to the configured timeout.
2026-09-24 15:02:46,693 DEBUG:Compilation failed for config {'block_M': 256, 'block_N': 32, 'block_K': 256, 'block_Dstate': 128, 'num_stages': 5} at index 74 with error: Invalid layout for shared buffer `cb_shared`: the forward map must be injective. Details: ("injectivity could not be proven: the logical input domain exceeds the exact-check limit of 262144 points",). Layout: Layout((5, 256, 256) -> (5, 4, 32, 512), transform: (_i, _j, _k) -> (_i, _k // 64, _j // 8, _j % 8 * 64 + (_k % 64 // 32 + _j % 8 // 4) % 2 * 32 + (_k % 32 // 16 + _j % 4 // 2) % 2 * 16 + (_k % 16 // 8 + _j % 2) % 2 * 8 + _k % 8)). Check the layout passed to T.annotate_layout.
2026-09-24 15:02:47,216 DEBUG:Compilation failed for config {'block_M': 256, 'block_N': 64, 'block_K': 256, 'block_Dstate': 128, 'num_stages': 5} at index 89 with error: Invalid layout for shared buffer `cb_shared`: the forward map must be injective. Details: ("injectivity could not be proven: the logical input domain exceeds the exact-check limit of 262144 points",). Layout: Layout((5, 256, 256) -> (5, 4, 32, 512), transform: (_i, _j, _k) -> (_i, _k // 64, _j // 8, _j % 8 * 64 + (_k % 64 // 32 + _j % 8 // 4) % 2 * 32 + (_k % 32 // 16 + _j % 4 // 2) % 2 * 16 + (_k % 16 // 8 + _j % 2) % 2 * 8 + _k % 8)). Check the layout passed to T.annotate_layout.
2026-09-24 15:02:47,273 WARNING:An error occurred while testing config {'block_M': 64, 'block_N': 32, 'block_K': 128, 'block_Dstate': 128, 'num_stages': 3}, checkout autotuner.log for more details
2026-09-24 15:02:47,273 DEBUG:Error: Traceback (most recent call last):
  File "/home/ywc/co-tilelang/tilelang/autotuner/tuner.py", line 597, in _run_benchmark_target
    latency, worker_ref_latency = _call_benchmark_target(_jit_kernel, _worker_state)
                                  ^^^^^^^^^^^^^^^^^^^^^^^^^^^^^^^^^^^^^^^^^^^^^^^^^^
  File "/home/ywc/co-tilelang/tilelang/autotuner/tuner.py", line 569, in _call_benchmark_target
    return invoke()
           ^^^^^^^^
  File "/home/ywc/co-tilelang/tilelang/autotuner/tuner.py", line 560, in invoke
    return benchmark_target(
           ^^^^^^^^^^^^^^^^^
  File "/home/ywc/co-tilelang/tilelang/autotuner/tuner.py", line 717, in _benchmark_target
    latency = profiler.do_bench(
              ^^^^^^^^^^^^^^^^^^
  File "/home/ywc/co-tilelang/tilelang/profiler/__init__.py", line 281, in do_bench
    return run_bench()
           ^^^^^^^^^^^
  File "/home/ywc/co-tilelang/tilelang/profiler/__init__.py", line 267, in run_bench
    return do_bench(
           ^^^^^^^^^
  File "/home/ywc/co-tilelang/tilelang/profiler/bench.py", line 128, in do_bench
    return _do_bench_impl(
           ^^^^^^^^^^^^^^^
  File "/home/ywc/co-tilelang/tilelang/profiler/bench.py", line 187, in _do_bench_impl
    fn()
  File "/home/ywc/co-tilelang/tilelang/jit/adapter/base.py", line 100, in __call__
    return self.func(*args, **kwds)
           ^^^^^^^^^^^^^^^^^^^^^^^^
  File "/home/ywc/co-tilelang/tilelang/jit/adapter/tvm_ffi.py", line 330, in func
    result = self._get_executable()(*inputs, allocator_anchor)
             ^^^^^^^^^^^^^^^^^^^^^^^^^^^^^^^^^^^^^^^^^^^^^^^^^
  File "/home/ywc/mpk-env/lib/python3.12/site-packages/tvm_ffi/module.py", line 299, in __call__
    return self.main(*args)
           ^^^^^^^^^^^^^^^^
  File "python/tvm_ffi/cython/function.pxi", line 968, in tvm_ffi.core.Function.__call__
  File "<unknown>", line 0, in __tvm_ffi_main
  File "<unknown>", line 0, in __tvm_ffi_chunk_scan_fwd
  File "/home/ywc/co-tilelang/3rdparty/tvm/src/runtime/cuda/cuda_module.cc", line 271, in void tvm::runtime::CUDAWrappedFunc::operator()(tvm::ffi::PackedArgs, tvm::ffi::Any*, void**) const
    TVM_FFI_THROW(InternalError)
    
tvm.error.InternalError: Failed to set the allowed dynamic shared memory size to 101120

2026-09-24 15:02:47,275 WARNING:An error occurred while testing config {'block_M': 64, 'block_N': 32, 'block_K': 128, 'block_Dstate': 128, 'num_stages': 4}, checkout autotuner.log for more details
2026-09-24 15:02:47,275 DEBUG:Error: Traceback (most recent call last):
  File "/home/ywc/co-tilelang/tilelang/autotuner/tuner.py", line 597, in _run_benchmark_target
    latency, worker_ref_latency = _call_benchmark_target(_jit_kernel, _worker_state)
                                  ^^^^^^^^^^^^^^^^^^^^^^^^^^^^^^^^^^^^^^^^^^^^^^^^^^
  File "/home/ywc/co-tilelang/tilelang/autotuner/tuner.py", line 569, in _call_benchmark_target
    return invoke()
           ^^^^^^^^
  File "/home/ywc/co-tilelang/tilelang/autotuner/tuner.py", line 560, in invoke
    return benchmark_target(
           ^^^^^^^^^^^^^^^^^
  File "/home/ywc/co-tilelang/tilelang/autotuner/tuner.py", line 717, in _benchmark_target
    latency = profiler.do_bench(
              ^^^^^^^^^^^^^^^^^^
  File "/home/ywc/co-tilelang/tilelang/profiler/__init__.py", line 281, in do_bench
    return run_bench()
           ^^^^^^^^^^^
  File "/home/ywc/co-tilelang/tilelang/profiler/__init__.py", line 267, in run_bench
    return do_bench(
           ^^^^^^^^^
  File "/home/ywc/co-tilelang/tilelang/profiler/bench.py", line 128, in do_bench
    return _do_bench_impl(
           ^^^^^^^^^^^^^^^
  File "/home/ywc/co-tilelang/tilelang/profiler/bench.py", line 187, in _do_bench_impl
    fn()
  File "/home/ywc/co-tilelang/tilelang/jit/adapter/base.py", line 100, in __call__
    return self.func(*args, **kwds)
           ^^^^^^^^^^^^^^^^^^^^^^^^
  File "/home/ywc/co-tilelang/tilelang/jit/adapter/tvm_ffi.py", line 330, in func
    result = self._get_executable()(*inputs, allocator_anchor)
             ^^^^^^^^^^^^^^^^^^^^^^^^^^^^^^^^^^^^^^^^^^^^^^^^^
  File "/home/ywc/mpk-env/lib/python3.12/site-packages/tvm_ffi/module.py", line 299, in __call__
    return self.main(*args)
           ^^^^^^^^^^^^^^^^
  File "python/tvm_ffi/cython/function.pxi", line 968, in tvm_ffi.core.Function.__call__
  File "<unknown>", line 0, in __tvm_ffi_main
  File "<unknown>", line 0, in __tvm_ffi_chunk_scan_fwd
  File "/home/ywc/co-tilelang/3rdparty/tvm/src/runtime/cuda/cuda_module.cc", line 271, in void tvm::runtime::CUDAWrappedFunc::operator()(tvm::ffi::PackedArgs, tvm::ffi::Any*, void**) const
    TVM_FFI_THROW(InternalError)
    
tvm.error.InternalError: Failed to set the allowed dynamic shared memory size to 125952

2026-09-24 15:02:47,276 WARNING:An error occurred while testing config {'block_M': 64, 'block_N': 32, 'block_K': 128, 'block_Dstate': 128, 'num_stages': 5}, checkout autotuner.log for more details
2026-09-24 15:02:47,276 DEBUG:Error: Traceback (most recent call last):
  File "/home/ywc/co-tilelang/tilelang/autotuner/tuner.py", line 597, in _run_benchmark_target
    latency, worker_ref_latency = _call_benchmark_target(_jit_kernel, _worker_state)
                                  ^^^^^^^^^^^^^^^^^^^^^^^^^^^^^^^^^^^^^^^^^^^^^^^^^^
  File "/home/ywc/co-tilelang/tilelang/autotuner/tuner.py", line 569, in _call_benchmark_target
    return invoke()
           ^^^^^^^^
  File "/home/ywc/co-tilelang/tilelang/autotuner/tuner.py", line 560, in invoke
    return benchmark_target(
           ^^^^^^^^^^^^^^^^^
  File "/home/ywc/co-tilelang/tilelang/autotuner/tuner.py", line 717, in _benchmark_target
    latency = profiler.do_bench(
              ^^^^^^^^^^^^^^^^^^
  File "/home/ywc/co-tilelang/tilelang/profiler/__init__.py", line 281, in do_bench
    return run_bench()
           ^^^^^^^^^^^
  File "/home/ywc/co-tilelang/tilelang/profiler/__init__.py", line 267, in run_bench
    return do_bench(
           ^^^^^^^^^
  File "/home/ywc/co-tilelang/tilelang/profiler/bench.py", line 128, in do_bench
    return _do_bench_impl(
           ^^^^^^^^^^^^^^^
  File "/home/ywc/co-tilelang/tilelang/profiler/bench.py", line 187, in _do_bench_impl
    fn()
  File "/home/ywc/co-tilelang/tilelang/jit/adapter/base.py", line 100, in __call__
    return self.func(*args, **kwds)
           ^^^^^^^^^^^^^^^^^^^^^^^^
  File "/home/ywc/co-tilelang/tilelang/jit/adapter/tvm_ffi.py", line 330, in func
    result = self._get_executable()(*inputs, allocator_anchor)
             ^^^^^^^^^^^^^^^^^^^^^^^^^^^^^^^^^^^^^^^^^^^^^^^^^
  File "/home/ywc/mpk-env/lib/python3.12/site-packages/tvm_ffi/module.py", line 299, in __call__
    return self.main(*args)
           ^^^^^^^^^^^^^^^^
  File "python/tvm_ffi/cython/function.pxi", line 968, in tvm_ffi.core.Function.__call__
  File "<unknown>", line 0, in __tvm_ffi_main
  File "<unknown>", line 0, in __tvm_ffi_chunk_scan_fwd
  File "/home/ywc/co-tilelang/3rdparty/tvm/src/runtime/cuda/cuda_module.cc", line 271, in void tvm::runtime::CUDAWrappedFunc::operator()(tvm::ffi::PackedArgs, tvm::ffi::Any*, void**) const
    TVM_FFI_THROW(InternalError)
    
tvm.error.InternalError: Failed to set the allowed dynamic shared memory size to 151808

2026-09-24 15:02:47,285 WARNING:An error occurred while testing config {'block_M': 64, 'block_N': 32, 'block_K': 256, 'block_Dstate': 128, 'num_stages': 2}, checkout autotuner.log for more details
2026-09-24 15:02:47,285 DEBUG:Error: Traceback (most recent call last):
  File "/home/ywc/co-tilelang/tilelang/autotuner/tuner.py", line 597, in _run_benchmark_target
    latency, worker_ref_latency = _call_benchmark_target(_jit_kernel, _worker_state)
                                  ^^^^^^^^^^^^^^^^^^^^^^^^^^^^^^^^^^^^^^^^^^^^^^^^^^
  File "/home/ywc/co-tilelang/tilelang/autotuner/tuner.py", line 569, in _call_benchmark_target
    return invoke()
           ^^^^^^^^
  File "/home/ywc/co-tilelang/tilelang/autotuner/tuner.py", line 560, in invoke
    return benchmark_target(
           ^^^^^^^^^^^^^^^^^
  File "/home/ywc/co-tilelang/tilelang/autotuner/tuner.py", line 717, in _benchmark_target
    latency = profiler.do_bench(
              ^^^^^^^^^^^^^^^^^^
  File "/home/ywc/co-tilelang/tilelang/profiler/__init__.py", line 281, in do_bench
    return run_bench()
           ^^^^^^^^^^^
  File "/home/ywc/co-tilelang/tilelang/profiler/__init__.py", line 267, in run_bench
    return do_bench(
           ^^^^^^^^^
  File "/home/ywc/co-tilelang/tilelang/profiler/bench.py", line 128, in do_bench
    return _do_bench_impl(
           ^^^^^^^^^^^^^^^
  File "/home/ywc/co-tilelang/tilelang/profiler/bench.py", line 187, in _do_bench_impl
    fn()
  File "/home/ywc/co-tilelang/tilelang/jit/adapter/base.py", line 100, in __call__
    return self.func(*args, **kwds)
           ^^^^^^^^^^^^^^^^^^^^^^^^
  File "/home/ywc/co-tilelang/tilelang/jit/adapter/tvm_ffi.py", line 330, in func
    result = self._get_executable()(*inputs, allocator_anchor)
             ^^^^^^^^^^^^^^^^^^^^^^^^^^^^^^^^^^^^^^^^^^^^^^^^^
  File "/home/ywc/mpk-env/lib/python3.12/site-packages/tvm_ffi/module.py", line 299, in __call__
    return self.main(*args)
           ^^^^^^^^^^^^^^^^
  File "python/tvm_ffi/cython/function.pxi", line 968, in tvm_ffi.core.Function.__call__
  File "<unknown>", line 0, in __tvm_ffi_main
  File "<unknown>", line 0, in __tvm_ffi_chunk_scan_fwd
  File "/home/ywc/co-tilelang/3rdparty/tvm/src/runtime/cuda/cuda_module.cc", line 271, in void tvm::runtime::CUDAWrappedFunc::operator()(tvm::ffi::PackedArgs, tvm::ffi::Any*, void**) const
    TVM_FFI_THROW(InternalError)
    
tvm.error.InternalError: Failed to set the allowed dynamic shared memory size to 125952

2026-09-24 15:02:47,287 WARNING:An error occurred while testing config {'block_M': 64, 'block_N': 32, 'block_K': 256, 'block_Dstate': 128, 'num_stages': 3}, checkout autotuner.log for more details
2026-09-24 15:02:47,287 DEBUG:Error: Traceback (most recent call last):
  File "/home/ywc/co-tilelang/tilelang/autotuner/tuner.py", line 597, in _run_benchmark_target
    latency, worker_ref_latency = _call_benchmark_target(_jit_kernel, _worker_state)
                                  ^^^^^^^^^^^^^^^^^^^^^^^^^^^^^^^^^^^^^^^^^^^^^^^^^^
  File "/home/ywc/co-tilelang/tilelang/autotuner/tuner.py", line 569, in _call_benchmark_target
    return invoke()
           ^^^^^^^^
  File "/home/ywc/co-tilelang/tilelang/autotuner/tuner.py", line 560, in invoke
    return benchmark_target(
           ^^^^^^^^^^^^^^^^^
  File "/home/ywc/co-tilelang/tilelang/autotuner/tuner.py", line 717, in _benchmark_target
    latency = profiler.do_bench(
              ^^^^^^^^^^^^^^^^^^
  File "/home/ywc/co-tilelang/tilelang/profiler/__init__.py", line 281, in do_bench
    return run_bench()
           ^^^^^^^^^^^
  File "/home/ywc/co-tilelang/tilelang/profiler/__init__.py", line 267, in run_bench
    return do_bench(
           ^^^^^^^^^
  File "/home/ywc/co-tilelang/tilelang/profiler/bench.py", line 128, in do_bench
    return _do_bench_impl(
           ^^^^^^^^^^^^^^^
  File "/home/ywc/co-tilelang/tilelang/profiler/bench.py", line 187, in _do_bench_impl
    fn()
  File "/home/ywc/co-tilelang/tilelang/jit/adapter/base.py", line 100, in __call__
    return self.func(*args, **kwds)
           ^^^^^^^^^^^^^^^^^^^^^^^^
  File "/home/ywc/co-tilelang/tilelang/jit/adapter/tvm_ffi.py", line 330, in func
    result = self._get_executable()(*inputs, allocator_anchor)
             ^^^^^^^^^^^^^^^^^^^^^^^^^^^^^^^^^^^^^^^^^^^^^^^^^
  File "/home/ywc/mpk-env/lib/python3.12/site-packages/tvm_ffi/module.py", line 299, in __call__
    return self.main(*args)
           ^^^^^^^^^^^^^^^^
  File "python/tvm_ffi/cython/function.pxi", line 968, in tvm_ffi.core.Function.__call__
  File "<unknown>", line 0, in __tvm_ffi_main
  File "<unknown>", line 0, in __tvm_ffi_chunk_scan_fwd
  File "/home/ywc/co-tilelang/3rdparty/tvm/src/runtime/cuda/cuda_module.cc", line 271, in void tvm::runtime::CUDAWrappedFunc::operator()(tvm::ffi::PackedArgs, tvm::ffi::Any*, void**) const
    TVM_FFI_THROW(InternalError)
    
tvm.error.InternalError: Failed to set the allowed dynamic shared memory size to 176640

2026-09-24 15:02:47,289 WARNING:An error occurred while testing config {'block_M': 64, 'block_N': 32, 'block_K': 256, 'block_Dstate': 128, 'num_stages': 4}, checkout autotuner.log for more details
2026-09-24 15:02:47,289 DEBUG:Error: Traceback (most recent call last):
  File "/home/ywc/co-tilelang/tilelang/autotuner/tuner.py", line 597, in _run_benchmark_target
    latency, worker_ref_latency = _call_benchmark_target(_jit_kernel, _worker_state)
                                  ^^^^^^^^^^^^^^^^^^^^^^^^^^^^^^^^^^^^^^^^^^^^^^^^^^
  File "/home/ywc/co-tilelang/tilelang/autotuner/tuner.py", line 569, in _call_benchmark_target
    return invoke()
           ^^^^^^^^
  File "/home/ywc/co-tilelang/tilelang/autotuner/tuner.py", line 560, in invoke
    return benchmark_target(
           ^^^^^^^^^^^^^^^^^
  File "/home/ywc/co-tilelang/tilelang/autotuner/tuner.py", line 717, in _benchmark_target
    latency = profiler.do_bench(
              ^^^^^^^^^^^^^^^^^^
  File "/home/ywc/co-tilelang/tilelang/profiler/__init__.py", line 281, in do_bench
    return run_bench()
           ^^^^^^^^^^^
  File "/home/ywc/co-tilelang/tilelang/profiler/__init__.py", line 267, in run_bench
    return do_bench(
           ^^^^^^^^^
  File "/home/ywc/co-tilelang/tilelang/profiler/bench.py", line 128, in do_bench
    return _do_bench_impl(
           ^^^^^^^^^^^^^^^
  File "/home/ywc/co-tilelang/tilelang/profiler/bench.py", line 187, in _do_bench_impl
    fn()
  File "/home/ywc/co-tilelang/tilelang/jit/adapter/base.py", line 100, in __call__
    return self.func(*args, **kwds)
           ^^^^^^^^^^^^^^^^^^^^^^^^
  File "/home/ywc/co-tilelang/tilelang/jit/adapter/tvm_ffi.py", line 330, in func
    result = self._get_executable()(*inputs, allocator_anchor)
             ^^^^^^^^^^^^^^^^^^^^^^^^^^^^^^^^^^^^^^^^^^^^^^^^^
  File "/home/ywc/mpk-env/lib/python3.12/site-packages/tvm_ffi/module.py", line 299, in __call__
    return self.main(*args)
           ^^^^^^^^^^^^^^^^
  File "python/tvm_ffi/cython/function.pxi", line 968, in tvm_ffi.core.Function.__call__
  File "<unknown>", line 0, in __tvm_ffi_main
  File "<unknown>", line 0, in __tvm_ffi_chunk_scan_fwd
  File "/home/ywc/co-tilelang/3rdparty/tvm/src/runtime/cuda/cuda_module.cc", line 271, in void tvm::runtime::CUDAWrappedFunc::operator()(tvm::ffi::PackedArgs, tvm::ffi::Any*, void**) const
    TVM_FFI_THROW(InternalError)
    
tvm.error.InternalError: Failed to set the allowed dynamic shared memory size to 226304

2026-09-24 15:02:47,291 WARNING:An error occurred while testing config {'block_M': 64, 'block_N': 32, 'block_K': 256, 'block_Dstate': 128, 'num_stages': 5}, checkout autotuner.log for more details
2026-09-24 15:02:47,291 DEBUG:Error: Traceback (most recent call last):
  File "/home/ywc/co-tilelang/tilelang/autotuner/tuner.py", line 597, in _run_benchmark_target
    latency, worker_ref_latency = _call_benchmark_target(_jit_kernel, _worker_state)
                                  ^^^^^^^^^^^^^^^^^^^^^^^^^^^^^^^^^^^^^^^^^^^^^^^^^^
  File "/home/ywc/co-tilelang/tilelang/autotuner/tuner.py", line 569, in _call_benchmark_target
    return invoke()
           ^^^^^^^^
  File "/home/ywc/co-tilelang/tilelang/autotuner/tuner.py", line 560, in invoke
    return benchmark_target(
           ^^^^^^^^^^^^^^^^^
  File "/home/ywc/co-tilelang/tilelang/autotuner/tuner.py", line 717, in _benchmark_target
    latency = profiler.do_bench(
              ^^^^^^^^^^^^^^^^^^
  File "/home/ywc/co-tilelang/tilelang/profiler/__init__.py", line 281, in do_bench
    return run_bench()
           ^^^^^^^^^^^
  File "/home/ywc/co-tilelang/tilelang/profiler/__init__.py", line 267, in run_bench
    return do_bench(
           ^^^^^^^^^
  File "/home/ywc/co-tilelang/tilelang/profiler/bench.py", line 128, in do_bench
    return _do_bench_impl(
           ^^^^^^^^^^^^^^^
  File "/home/ywc/co-tilelang/tilelang/profiler/bench.py", line 187, in _do_bench_impl
    fn()
  File "/home/ywc/co-tilelang/tilelang/jit/adapter/base.py", line 100, in __call__
    return self.func(*args, **kwds)
           ^^^^^^^^^^^^^^^^^^^^^^^^
  File "/home/ywc/co-tilelang/tilelang/jit/adapter/tvm_ffi.py", line 330, in func
    result = self._get_executable()(*inputs, allocator_anchor)
             ^^^^^^^^^^^^^^^^^^^^^^^^^^^^^^^^^^^^^^^^^^^^^^^^^
  File "/home/ywc/mpk-env/lib/python3.12/site-packages/tvm_ffi/module.py", line 299, in __call__
    return self.main(*args)
           ^^^^^^^^^^^^^^^^
  File "python/tvm_ffi/cython/function.pxi", line 968, in tvm_ffi.core.Function.__call__
  File "<unknown>", line 0, in __tvm_ffi_main
  File "<unknown>", line 0, in __tvm_ffi_chunk_scan_fwd
  File "/home/ywc/co-tilelang/3rdparty/tvm/src/runtime/cuda/cuda_module.cc", line 271, in void tvm::runtime::CUDAWrappedFunc::operator()(tvm::ffi::PackedArgs, tvm::ffi::Any*, void**) const
    TVM_FFI_THROW(InternalError)
    
tvm.error.InternalError: Failed to set the allowed dynamic shared memory size to 276992

2026-09-24 15:02:47,382 WARNING:An error occurred while testing config {'block_M': 64, 'block_N': 64, 'block_K': 64, 'block_Dstate': 128, 'num_stages': 4}, checkout autotuner.log for more details
2026-09-24 15:02:47,396 DEBUG:Error: Traceback (most recent call last):
  File "/home/ywc/co-tilelang/tilelang/autotuner/tuner.py", line 597, in _run_benchmark_target
    latency, worker_ref_latency = _call_benchmark_target(_jit_kernel, _worker_state)
                                  ^^^^^^^^^^^^^^^^^^^^^^^^^^^^^^^^^^^^^^^^^^^^^^^^^^
  File "/home/ywc/co-tilelang/tilelang/autotuner/tuner.py", line 569, in _call_benchmark_target
    return invoke()
           ^^^^^^^^
  File "/home/ywc/co-tilelang/tilelang/autotuner/tuner.py", line 560, in invoke
    return benchmark_target(
           ^^^^^^^^^^^^^^^^^
  File "/home/ywc/co-tilelang/tilelang/autotuner/tuner.py", line 717, in _benchmark_target
    latency = profiler.do_bench(
              ^^^^^^^^^^^^^^^^^^
  File "/home/ywc/co-tilelang/tilelang/profiler/__init__.py", line 281, in do_bench
    return run_bench()
           ^^^^^^^^^^^
  File "/home/ywc/co-tilelang/tilelang/profiler/__init__.py", line 267, in run_bench
    return do_bench(
           ^^^^^^^^^
  File "/home/ywc/co-tilelang/tilelang/profiler/bench.py", line 128, in do_bench
    return _do_bench_impl(
           ^^^^^^^^^^^^^^^
  File "/home/ywc/co-tilelang/tilelang/profiler/bench.py", line 187, in _do_bench_impl
    fn()
  File "/home/ywc/co-tilelang/tilelang/jit/adapter/base.py", line 100, in __call__
    return self.func(*args, **kwds)
           ^^^^^^^^^^^^^^^^^^^^^^^^
  File "/home/ywc/co-tilelang/tilelang/jit/adapter/tvm_ffi.py", line 330, in func
    result = self._get_executable()(*inputs, allocator_anchor)
             ^^^^^^^^^^^^^^^^^^^^^^^^^^^^^^^^^^^^^^^^^^^^^^^^^
  File "/home/ywc/mpk-env/lib/python3.12/site-packages/tvm_ffi/module.py", line 299, in __call__
    return self.main(*args)
           ^^^^^^^^^^^^^^^^
  File "python/tvm_ffi/cython/function.pxi", line 968, in tvm_ffi.core.Function.__call__
  File "<unknown>", line 0, in __tvm_ffi_main
  File "<unknown>", line 0, in __tvm_ffi_chunk_scan_fwd
  File "/home/ywc/co-tilelang/3rdparty/tvm/src/runtime/cuda/cuda_module.cc", line 271, in void tvm::runtime::CUDAWrappedFunc::operator()(tvm::ffi::PackedArgs, tvm::ffi::Any*, void**) const
    TVM_FFI_THROW(InternalError)
    
tvm.error.InternalError: Failed to set the allowed dynamic shared memory size to 100864

2026-09-24 15:02:47,396 WARNING:An error occurred while testing config {'block_M': 64, 'block_N': 64, 'block_K': 64, 'block_Dstate': 128, 'num_stages': 5}, checkout autotuner.log for more details
2026-09-24 15:02:47,396 DEBUG:Error: Traceback (most recent call last):
  File "/home/ywc/co-tilelang/tilelang/autotuner/tuner.py", line 597, in _run_benchmark_target
    latency, worker_ref_latency = _call_benchmark_target(_jit_kernel, _worker_state)
                                  ^^^^^^^^^^^^^^^^^^^^^^^^^^^^^^^^^^^^^^^^^^^^^^^^^^
  File "/home/ywc/co-tilelang/tilelang/autotuner/tuner.py", line 569, in _call_benchmark_target
    return invoke()
           ^^^^^^^^
  File "/home/ywc/co-tilelang/tilelang/autotuner/tuner.py", line 560, in invoke
    return benchmark_target(
           ^^^^^^^^^^^^^^^^^
  File "/home/ywc/co-tilelang/tilelang/autotuner/tuner.py", line 717, in _benchmark_target
    latency = profiler.do_bench(
              ^^^^^^^^^^^^^^^^^^
  File "/home/ywc/co-tilelang/tilelang/profiler/__init__.py", line 281, in do_bench
    return run_bench()
           ^^^^^^^^^^^
  File "/home/ywc/co-tilelang/tilelang/profiler/__init__.py", line 267, in run_bench
    return do_bench(
           ^^^^^^^^^
  File "/home/ywc/co-tilelang/tilelang/profiler/bench.py", line 128, in do_bench
    return _do_bench_impl(
           ^^^^^^^^^^^^^^^
  File "/home/ywc/co-tilelang/tilelang/profiler/bench.py", line 187, in _do_bench_impl
    fn()
  File "/home/ywc/co-tilelang/tilelang/jit/adapter/base.py", line 100, in __call__
    return self.func(*args, **kwds)
           ^^^^^^^^^^^^^^^^^^^^^^^^
  File "/home/ywc/co-tilelang/tilelang/jit/adapter/tvm_ffi.py", line 330, in func
    result = self._get_executable()(*inputs, allocator_anchor)
             ^^^^^^^^^^^^^^^^^^^^^^^^^^^^^^^^^^^^^^^^^^^^^^^^^
  File "/home/ywc/mpk-env/lib/python3.12/site-packages/tvm_ffi/module.py", line 299, in __call__
    return self.main(*args)
           ^^^^^^^^^^^^^^^^
  File "python/tvm_ffi/cython/function.pxi", line 968, in tvm_ffi.core.Function.__call__
  File "<unknown>", line 0, in __tvm_ffi_main
  File "<unknown>", line 0, in __tvm_ffi_chunk_scan_fwd
  File "/home/ywc/co-tilelang/3rdparty/tvm/src/runtime/cuda/cuda_module.cc", line 271, in void tvm::runtime::CUDAWrappedFunc::operator()(tvm::ffi::PackedArgs, tvm::ffi::Any*, void**) const
    TVM_FFI_THROW(InternalError)
    
tvm.error.InternalError: Failed to set the allowed dynamic shared memory size to 117376

2026-09-24 15:02:47,396 WARNING:An error occurred while testing config {'block_M': 64, 'block_N': 64, 'block_K': 128, 'block_Dstate': 128, 'num_stages': 2}, checkout autotuner.log for more details
2026-09-24 15:02:47,396 DEBUG:Error: Traceback (most recent call last):
  File "/home/ywc/co-tilelang/tilelang/autotuner/tuner.py", line 597, in _run_benchmark_target
    latency, worker_ref_latency = _call_benchmark_target(_jit_kernel, _worker_state)
                                  ^^^^^^^^^^^^^^^^^^^^^^^^^^^^^^^^^^^^^^^^^^^^^^^^^^
  File "/home/ywc/co-tilelang/tilelang/autotuner/tuner.py", line 569, in _call_benchmark_target
    return invoke()
           ^^^^^^^^
  File "/home/ywc/co-tilelang/tilelang/autotuner/tuner.py", line 560, in invoke
    return benchmark_target(
           ^^^^^^^^^^^^^^^^^
  File "/home/ywc/co-tilelang/tilelang/autotuner/tuner.py", line 717, in _benchmark_target
    latency = profiler.do_bench(
              ^^^^^^^^^^^^^^^^^^
  File "/home/ywc/co-tilelang/tilelang/profiler/__init__.py", line 281, in do_bench
    return run_bench()
           ^^^^^^^^^^^
  File "/home/ywc/co-tilelang/tilelang/profiler/__init__.py", line 267, in run_bench
    return do_bench(
           ^^^^^^^^^
  File "/home/ywc/co-tilelang/tilelang/profiler/bench.py", line 128, in do_bench
    return _do_bench_impl(
           ^^^^^^^^^^^^^^^
  File "/home/ywc/co-tilelang/tilelang/profiler/bench.py", line 187, in _do_bench_impl
    fn()
  File "/home/ywc/co-tilelang/tilelang/jit/adapter/base.py", line 100, in __call__
    return self.func(*args, **kwds)
           ^^^^^^^^^^^^^^^^^^^^^^^^
  File "/home/ywc/co-tilelang/tilelang/jit/adapter/tvm_ffi.py", line 330, in func
    result = self._get_executable()(*inputs, allocator_anchor)
             ^^^^^^^^^^^^^^^^^^^^^^^^^^^^^^^^^^^^^^^^^^^^^^^^^
  File "/home/ywc/mpk-env/lib/python3.12/site-packages/tvm_ffi/module.py", line 299, in __call__
    return self.main(*args)
           ^^^^^^^^^^^^^^^^
  File "python/tvm_ffi/cython/function.pxi", line 968, in tvm_ffi.core.Function.__call__
  File "<unknown>", line 0, in __tvm_ffi_main
  File "<unknown>", line 0, in __tvm_ffi_chunk_scan_fwd
  File "/home/ywc/co-tilelang/3rdparty/tvm/src/runtime/cuda/cuda_module.cc", line 271, in void tvm::runtime::CUDAWrappedFunc::operator()(tvm::ffi::PackedArgs, tvm::ffi::Any*, void**) const
    TVM_FFI_THROW(InternalError)
    
tvm.error.InternalError: Failed to set the allowed dynamic shared memory size to 100864

2026-09-24 15:02:47,396 WARNING:An error occurred while testing config {'block_M': 64, 'block_N': 64, 'block_K': 128, 'block_Dstate': 128, 'num_stages': 3}, checkout autotuner.log for more details
2026-09-24 15:02:47,396 DEBUG:Error: Traceback (most recent call last):
  File "/home/ywc/co-tilelang/tilelang/autotuner/tuner.py", line 597, in _run_benchmark_target
    latency, worker_ref_latency = _call_benchmark_target(_jit_kernel, _worker_state)
                                  ^^^^^^^^^^^^^^^^^^^^^^^^^^^^^^^^^^^^^^^^^^^^^^^^^^
  File "/home/ywc/co-tilelang/tilelang/autotuner/tuner.py", line 569, in _call_benchmark_target
    return invoke()
           ^^^^^^^^
  File "/home/ywc/co-tilelang/tilelang/autotuner/tuner.py", line 560, in invoke
    return benchmark_target(
           ^^^^^^^^^^^^^^^^^
  File "/home/ywc/co-tilelang/tilelang/autotuner/tuner.py", line 717, in _benchmark_target
    latency = profiler.do_bench(
              ^^^^^^^^^^^^^^^^^^
  File "/home/ywc/co-tilelang/tilelang/profiler/__init__.py", line 281, in do_bench
    return run_bench()
           ^^^^^^^^^^^
  File "/home/ywc/co-tilelang/tilelang/profiler/__init__.py", line 267, in run_bench
    return do_bench(
           ^^^^^^^^^
  File "/home/ywc/co-tilelang/tilelang/profiler/bench.py", line 128, in do_bench
    return _do_bench_impl(
           ^^^^^^^^^^^^^^^
  File "/home/ywc/co-tilelang/tilelang/profiler/bench.py", line 187, in _do_bench_impl
    fn()
  File "/home/ywc/co-tilelang/tilelang/jit/adapter/base.py", line 100, in __call__
    return self.func(*args, **kwds)
           ^^^^^^^^^^^^^^^^^^^^^^^^
  File "/home/ywc/co-tilelang/tilelang/jit/adapter/tvm_ffi.py", line 330, in func
    result = self._get_executable()(*inputs, allocator_anchor)
             ^^^^^^^^^^^^^^^^^^^^^^^^^^^^^^^^^^^^^^^^^^^^^^^^^
  File "/home/ywc/mpk-env/lib/python3.12/site-packages/tvm_ffi/module.py", line 299, in __call__
    return self.main(*args)
           ^^^^^^^^^^^^^^^^
  File "python/tvm_ffi/cython/function.pxi", line 968, in tvm_ffi.core.Function.__call__
  File "<unknown>", line 0, in __tvm_ffi_main
  File "<unknown>", line 0, in __tvm_ffi_chunk_scan_fwd
  File "/home/ywc/co-tilelang/3rdparty/tvm/src/runtime/cuda/cuda_module.cc", line 271, in void tvm::runtime::CUDAWrappedFunc::operator()(tvm::ffi::PackedArgs, tvm::ffi::Any*, void**) const
    TVM_FFI_THROW(InternalError)
    
tvm.error.InternalError: Failed to set the allowed dynamic shared memory size to 133888

2026-09-24 15:02:47,396 WARNING:An error occurred while testing config {'block_M': 64, 'block_N': 64, 'block_K': 128, 'block_Dstate': 128, 'num_stages': 4}, checkout autotuner.log for more details
2026-09-24 15:02:47,396 DEBUG:Error: Traceback (most recent call last):
  File "/home/ywc/co-tilelang/tilelang/autotuner/tuner.py", line 597, in _run_benchmark_target
    latency, worker_ref_latency = _call_benchmark_target(_jit_kernel, _worker_state)
                                  ^^^^^^^^^^^^^^^^^^^^^^^^^^^^^^^^^^^^^^^^^^^^^^^^^^
  File "/home/ywc/co-tilelang/tilelang/autotuner/tuner.py", line 569, in _call_benchmark_target
    return invoke()
           ^^^^^^^^
  File "/home/ywc/co-tilelang/tilelang/autotuner/tuner.py", line 560, in invoke
    return benchmark_target(
           ^^^^^^^^^^^^^^^^^
  File "/home/ywc/co-tilelang/tilelang/autotuner/tuner.py", line 717, in _benchmark_target
    latency = profiler.do_bench(
              ^^^^^^^^^^^^^^^^^^
  File "/home/ywc/co-tilelang/tilelang/profiler/__init__.py", line 281, in do_bench
    return run_bench()
           ^^^^^^^^^^^
  File "/home/ywc/co-tilelang/tilelang/profiler/__init__.py", line 267, in run_bench
    return do_bench(
           ^^^^^^^^^
  File "/home/ywc/co-tilelang/tilelang/profiler/bench.py", line 128, in do_bench
    return _do_bench_impl(
           ^^^^^^^^^^^^^^^
  File "/home/ywc/co-tilelang/tilelang/profiler/bench.py", line 187, in _do_bench_impl
    fn()
  File "/home/ywc/co-tilelang/tilelang/jit/adapter/base.py", line 100, in __call__
    return self.func(*args, **kwds)
           ^^^^^^^^^^^^^^^^^^^^^^^^
  File "/home/ywc/co-tilelang/tilelang/jit/adapter/tvm_ffi.py", line 330, in func
    result = self._get_executable()(*inputs, allocator_anchor)
             ^^^^^^^^^^^^^^^^^^^^^^^^^^^^^^^^^^^^^^^^^^^^^^^^^
  File "/home/ywc/mpk-env/lib/python3.12/site-packages/tvm_ffi/module.py", line 299, in __call__
    return self.main(*args)
           ^^^^^^^^^^^^^^^^
  File "python/tvm_ffi/cython/function.pxi", line 968, in tvm_ffi.core.Function.__call__
  File "<unknown>", line 0, in __tvm_ffi_main
  File "<unknown>", line 0, in __tvm_ffi_chunk_scan_fwd
  File "/home/ywc/co-tilelang/3rdparty/tvm/src/runtime/cuda/cuda_module.cc", line 271, in void tvm::runtime::CUDAWrappedFunc::operator()(tvm::ffi::PackedArgs, tvm::ffi::Any*, void**) const
    TVM_FFI_THROW(InternalError)
    
tvm.error.InternalError: Failed to set the allowed dynamic shared memory size to 166912

2026-09-24 15:02:47,397 WARNING:An error occurred while testing config {'block_M': 64, 'block_N': 64, 'block_K': 128, 'block_Dstate': 128, 'num_stages': 5}, checkout autotuner.log for more details
2026-09-24 15:02:47,397 DEBUG:Error: Traceback (most recent call last):
  File "/home/ywc/co-tilelang/tilelang/autotuner/tuner.py", line 597, in _run_benchmark_target
    latency, worker_ref_latency = _call_benchmark_target(_jit_kernel, _worker_state)
                                  ^^^^^^^^^^^^^^^^^^^^^^^^^^^^^^^^^^^^^^^^^^^^^^^^^^
  File "/home/ywc/co-tilelang/tilelang/autotuner/tuner.py", line 569, in _call_benchmark_target
    return invoke()
           ^^^^^^^^
  File "/home/ywc/co-tilelang/tilelang/autotuner/tuner.py", line 560, in invoke
    return benchmark_target(
           ^^^^^^^^^^^^^^^^^
  File "/home/ywc/co-tilelang/tilelang/autotuner/tuner.py", line 717, in _benchmark_target
    latency = profiler.do_bench(
              ^^^^^^^^^^^^^^^^^^
  File "/home/ywc/co-tilelang/tilelang/profiler/__init__.py", line 281, in do_bench
    return run_bench()
           ^^^^^^^^^^^
  File "/home/ywc/co-tilelang/tilelang/profiler/__init__.py", line 267, in run_bench
    return do_bench(
           ^^^^^^^^^
  File "/home/ywc/co-tilelang/tilelang/profiler/bench.py", line 128, in do_bench
    return _do_bench_impl(
           ^^^^^^^^^^^^^^^
  File "/home/ywc/co-tilelang/tilelang/profiler/bench.py", line 187, in _do_bench_impl
    fn()
  File "/home/ywc/co-tilelang/tilelang/jit/adapter/base.py", line 100, in __call__
    return self.func(*args, **kwds)
           ^^^^^^^^^^^^^^^^^^^^^^^^
  File "/home/ywc/co-tilelang/tilelang/jit/adapter/tvm_ffi.py", line 330, in func
    result = self._get_executable()(*inputs, allocator_anchor)
             ^^^^^^^^^^^^^^^^^^^^^^^^^^^^^^^^^^^^^^^^^^^^^^^^^
  File "/home/ywc/mpk-env/lib/python3.12/site-packages/tvm_ffi/module.py", line 299, in __call__
    return self.main(*args)
           ^^^^^^^^^^^^^^^^
  File "python/tvm_ffi/cython/function.pxi", line 968, in tvm_ffi.core.Function.__call__
  File "<unknown>", line 0, in __tvm_ffi_main
  File "<unknown>", line 0, in __tvm_ffi_chunk_scan_fwd
  File "/home/ywc/co-tilelang/3rdparty/tvm/src/runtime/cuda/cuda_module.cc", line 271, in void tvm::runtime::CUDAWrappedFunc::operator()(tvm::ffi::PackedArgs, tvm::ffi::Any*, void**) const
    TVM_FFI_THROW(InternalError)
    
tvm.error.InternalError: Failed to set the allowed dynamic shared memory size to 200960

2026-09-24 15:02:47,397 WARNING:An error occurred while testing config {'block_M': 64, 'block_N': 64, 'block_K': 256, 'block_Dstate': 128, 'num_stages': 1}, checkout autotuner.log for more details
2026-09-24 15:02:47,397 DEBUG:Error: Traceback (most recent call last):
  File "/home/ywc/co-tilelang/tilelang/autotuner/tuner.py", line 597, in _run_benchmark_target
    latency, worker_ref_latency = _call_benchmark_target(_jit_kernel, _worker_state)
                                  ^^^^^^^^^^^^^^^^^^^^^^^^^^^^^^^^^^^^^^^^^^^^^^^^^^
  File "/home/ywc/co-tilelang/tilelang/autotuner/tuner.py", line 569, in _call_benchmark_target
    return invoke()
           ^^^^^^^^
  File "/home/ywc/co-tilelang/tilelang/autotuner/tuner.py", line 560, in invoke
    return benchmark_target(
           ^^^^^^^^^^^^^^^^^
  File "/home/ywc/co-tilelang/tilelang/autotuner/tuner.py", line 717, in _benchmark_target
    latency = profiler.do_bench(
              ^^^^^^^^^^^^^^^^^^
  File "/home/ywc/co-tilelang/tilelang/profiler/__init__.py", line 281, in do_bench
    return run_bench()
           ^^^^^^^^^^^
  File "/home/ywc/co-tilelang/tilelang/profiler/__init__.py", line 267, in run_bench
    return do_bench(
           ^^^^^^^^^
  File "/home/ywc/co-tilelang/tilelang/profiler/bench.py", line 128, in do_bench
    return _do_bench_impl(
           ^^^^^^^^^^^^^^^
  File "/home/ywc/co-tilelang/tilelang/profiler/bench.py", line 187, in _do_bench_impl
    fn()
  File "/home/ywc/co-tilelang/tilelang/jit/adapter/base.py", line 100, in __call__
    return self.func(*args, **kwds)
           ^^^^^^^^^^^^^^^^^^^^^^^^
  File "/home/ywc/co-tilelang/tilelang/jit/adapter/tvm_ffi.py", line 330, in func
    result = self._get_executable()(*inputs, allocator_anchor)
             ^^^^^^^^^^^^^^^^^^^^^^^^^^^^^^^^^^^^^^^^^^^^^^^^^
  File "/home/ywc/mpk-env/lib/python3.12/site-packages/tvm_ffi/module.py", line 299, in __call__
    return self.main(*args)
           ^^^^^^^^^^^^^^^^
  File "python/tvm_ffi/cython/function.pxi", line 968, in tvm_ffi.core.Function.__call__
  File "<unknown>", line 0, in __tvm_ffi_main
  File "<unknown>", line 0, in __tvm_ffi_chunk_scan_fwd
  File "/home/ywc/co-tilelang/3rdparty/tvm/src/runtime/cuda/cuda_module.cc", line 271, in void tvm::runtime::CUDAWrappedFunc::operator()(tvm::ffi::PackedArgs, tvm::ffi::Any*, void**) const
    TVM_FFI_THROW(InternalError)
    
tvm.error.InternalError: Failed to set the allowed dynamic shared memory size to 101376

2026-09-24 15:02:47,397 WARNING:An error occurred while testing config {'block_M': 64, 'block_N': 64, 'block_K': 256, 'block_Dstate': 128, 'num_stages': 2}, checkout autotuner.log for more details
2026-09-24 15:02:47,397 DEBUG:Error: Traceback (most recent call last):
  File "/home/ywc/co-tilelang/tilelang/autotuner/tuner.py", line 597, in _run_benchmark_target
    latency, worker_ref_latency = _call_benchmark_target(_jit_kernel, _worker_state)
                                  ^^^^^^^^^^^^^^^^^^^^^^^^^^^^^^^^^^^^^^^^^^^^^^^^^^
  File "/home/ywc/co-tilelang/tilelang/autotuner/tuner.py", line 569, in _call_benchmark_target
    return invoke()
           ^^^^^^^^
  File "/home/ywc/co-tilelang/tilelang/autotuner/tuner.py", line 560, in invoke
    return benchmark_target(
           ^^^^^^^^^^^^^^^^^
  File "/home/ywc/co-tilelang/tilelang/autotuner/tuner.py", line 717, in _benchmark_target
    latency = profiler.do_bench(
              ^^^^^^^^^^^^^^^^^^
  File "/home/ywc/co-tilelang/tilelang/profiler/__init__.py", line 281, in do_bench
    return run_bench()
           ^^^^^^^^^^^
  File "/home/ywc/co-tilelang/tilelang/profiler/__init__.py", line 267, in run_bench
    return do_bench(
           ^^^^^^^^^
  File "/home/ywc/co-tilelang/tilelang/profiler/bench.py", line 128, in do_bench
    return _do_bench_impl(
           ^^^^^^^^^^^^^^^
  File "/home/ywc/co-tilelang/tilelang/profiler/bench.py", line 187, in _do_bench_impl
    fn()
  File "/home/ywc/co-tilelang/tilelang/jit/adapter/base.py", line 100, in __call__
    return self.func(*args, **kwds)
           ^^^^^^^^^^^^^^^^^^^^^^^^
  File "/home/ywc/co-tilelang/tilelang/jit/adapter/tvm_ffi.py", line 330, in func
    result = self._get_executable()(*inputs, allocator_anchor)
             ^^^^^^^^^^^^^^^^^^^^^^^^^^^^^^^^^^^^^^^^^^^^^^^^^
  File "/home/ywc/mpk-env/lib/python3.12/site-packages/tvm_ffi/module.py", line 299, in __call__
    return self.main(*args)
           ^^^^^^^^^^^^^^^^
  File "python/tvm_ffi/cython/function.pxi", line 968, in tvm_ffi.core.Function.__call__
  File "<unknown>", line 0, in __tvm_ffi_main
  File "<unknown>", line 0, in __tvm_ffi_chunk_scan_fwd
  File "/home/ywc/co-tilelang/3rdparty/tvm/src/runtime/cuda/cuda_module.cc", line 271, in void tvm::runtime::CUDAWrappedFunc::operator()(tvm::ffi::PackedArgs, tvm::ffi::Any*, void**) const
    TVM_FFI_THROW(InternalError)
    
tvm.error.InternalError: Failed to set the allowed dynamic shared memory size to 166912

2026-09-24 15:02:47,397 WARNING:An error occurred while testing config {'block_M': 64, 'block_N': 64, 'block_K': 256, 'block_Dstate': 128, 'num_stages': 3}, checkout autotuner.log for more details
2026-09-24 15:02:47,397 DEBUG:Error: Traceback (most recent call last):
  File "/home/ywc/co-tilelang/tilelang/autotuner/tuner.py", line 597, in _run_benchmark_target
    latency, worker_ref_latency = _call_benchmark_target(_jit_kernel, _worker_state)
                                  ^^^^^^^^^^^^^^^^^^^^^^^^^^^^^^^^^^^^^^^^^^^^^^^^^^
  File "/home/ywc/co-tilelang/tilelang/autotuner/tuner.py", line 569, in _call_benchmark_target
    return invoke()
           ^^^^^^^^
  File "/home/ywc/co-tilelang/tilelang/autotuner/tuner.py", line 560, in invoke
    return benchmark_target(
           ^^^^^^^^^^^^^^^^^
  File "/home/ywc/co-tilelang/tilelang/autotuner/tuner.py", line 717, in _benchmark_target
    latency = profiler.do_bench(
              ^^^^^^^^^^^^^^^^^^
  File "/home/ywc/co-tilelang/tilelang/profiler/__init__.py", line 281, in do_bench
    return run_bench()
           ^^^^^^^^^^^
  File "/home/ywc/co-tilelang/tilelang/profiler/__init__.py", line 267, in run_bench
    return do_bench(
           ^^^^^^^^^
  File "/home/ywc/co-tilelang/tilelang/profiler/bench.py", line 128, in do_bench
    return _do_bench_impl(
           ^^^^^^^^^^^^^^^
  File "/home/ywc/co-tilelang/tilelang/profiler/bench.py", line 187, in _do_bench_impl
    fn()
  File "/home/ywc/co-tilelang/tilelang/jit/adapter/base.py", line 100, in __call__
    return self.func(*args, **kwds)
           ^^^^^^^^^^^^^^^^^^^^^^^^
  File "/home/ywc/co-tilelang/tilelang/jit/adapter/tvm_ffi.py", line 330, in func
    result = self._get_executable()(*inputs, allocator_anchor)
             ^^^^^^^^^^^^^^^^^^^^^^^^^^^^^^^^^^^^^^^^^^^^^^^^^
  File "/home/ywc/mpk-env/lib/python3.12/site-packages/tvm_ffi/module.py", line 299, in __call__
    return self.main(*args)
           ^^^^^^^^^^^^^^^^
  File "python/tvm_ffi/cython/function.pxi", line 968, in tvm_ffi.core.Function.__call__
  File "<unknown>", line 0, in __tvm_ffi_main
  File "<unknown>", line 0, in __tvm_ffi_chunk_scan_fwd
  File "/home/ywc/co-tilelang/3rdparty/tvm/src/runtime/cuda/cuda_module.cc", line 271, in void tvm::runtime::CUDAWrappedFunc::operator()(tvm::ffi::PackedArgs, tvm::ffi::Any*, void**) const
    TVM_FFI_THROW(InternalError)
    
tvm.error.InternalError: Failed to set the allowed dynamic shared memory size to 234496

2026-09-24 15:02:47,397 WARNING:An error occurred while testing config {'block_M': 64, 'block_N': 64, 'block_K': 256, 'block_Dstate': 128, 'num_stages': 4}, checkout autotuner.log for more details
2026-09-24 15:02:47,397 DEBUG:Error: Traceback (most recent call last):
  File "/home/ywc/co-tilelang/tilelang/autotuner/tuner.py", line 597, in _run_benchmark_target
    latency, worker_ref_latency = _call_benchmark_target(_jit_kernel, _worker_state)
                                  ^^^^^^^^^^^^^^^^^^^^^^^^^^^^^^^^^^^^^^^^^^^^^^^^^^
  File "/home/ywc/co-tilelang/tilelang/autotuner/tuner.py", line 569, in _call_benchmark_target
    return invoke()
           ^^^^^^^^
  File "/home/ywc/co-tilelang/tilelang/autotuner/tuner.py", line 560, in invoke
    return benchmark_target(
           ^^^^^^^^^^^^^^^^^
  File "/home/ywc/co-tilelang/tilelang/autotuner/tuner.py", line 717, in _benchmark_target
    latency = profiler.do_bench(
              ^^^^^^^^^^^^^^^^^^
  File "/home/ywc/co-tilelang/tilelang/profiler/__init__.py", line 281, in do_bench
    return run_bench()
           ^^^^^^^^^^^
  File "/home/ywc/co-tilelang/tilelang/profiler/__init__.py", line 267, in run_bench
    return do_bench(
           ^^^^^^^^^
  File "/home/ywc/co-tilelang/tilelang/profiler/bench.py", line 128, in do_bench
    return _do_bench_impl(
           ^^^^^^^^^^^^^^^
  File "/home/ywc/co-tilelang/tilelang/profiler/bench.py", line 187, in _do_bench_impl
    fn()
  File "/home/ywc/co-tilelang/tilelang/jit/adapter/base.py", line 100, in __call__
    return self.func(*args, **kwds)
           ^^^^^^^^^^^^^^^^^^^^^^^^
  File "/home/ywc/co-tilelang/tilelang/jit/adapter/tvm_ffi.py", line 330, in func
    result = self._get_executable()(*inputs, allocator_anchor)
             ^^^^^^^^^^^^^^^^^^^^^^^^^^^^^^^^^^^^^^^^^^^^^^^^^
  File "/home/ywc/mpk-env/lib/python3.12/site-packages/tvm_ffi/module.py", line 299, in __call__
    return self.main(*args)
           ^^^^^^^^^^^^^^^^
  File "python/tvm_ffi/cython/function.pxi", line 968, in tvm_ffi.core.Function.__call__
  File "<unknown>", line 0, in __tvm_ffi_main
  File "<unknown>", line 0, in __tvm_ffi_chunk_scan_fwd
  File "/home/ywc/co-tilelang/3rdparty/tvm/src/runtime/cuda/cuda_module.cc", line 271, in void tvm::runtime::CUDAWrappedFunc::operator()(tvm::ffi::PackedArgs, tvm::ffi::Any*, void**) const
    TVM_FFI_THROW(InternalError)
    
tvm.error.InternalError: Failed to set the allowed dynamic shared memory size to 300032

2026-09-24 15:02:47,397 WARNING:An error occurred while testing config {'block_M': 64, 'block_N': 64, 'block_K': 256, 'block_Dstate': 128, 'num_stages': 5}, checkout autotuner.log for more details
2026-09-24 15:02:47,397 DEBUG:Error: Traceback (most recent call last):
  File "/home/ywc/co-tilelang/tilelang/autotuner/tuner.py", line 597, in _run_benchmark_target
    latency, worker_ref_latency = _call_benchmark_target(_jit_kernel, _worker_state)
                                  ^^^^^^^^^^^^^^^^^^^^^^^^^^^^^^^^^^^^^^^^^^^^^^^^^^
  File "/home/ywc/co-tilelang/tilelang/autotuner/tuner.py", line 569, in _call_benchmark_target
    return invoke()
           ^^^^^^^^
  File "/home/ywc/co-tilelang/tilelang/autotuner/tuner.py", line 560, in invoke
    return benchmark_target(
           ^^^^^^^^^^^^^^^^^
  File "/home/ywc/co-tilelang/tilelang/autotuner/tuner.py", line 717, in _benchmark_target
    latency = profiler.do_bench(
              ^^^^^^^^^^^^^^^^^^
  File "/home/ywc/co-tilelang/tilelang/profiler/__init__.py", line 281, in do_bench
    return run_bench()
           ^^^^^^^^^^^
  File "/home/ywc/co-tilelang/tilelang/profiler/__init__.py", line 267, in run_bench
    return do_bench(
           ^^^^^^^^^
  File "/home/ywc/co-tilelang/tilelang/profiler/bench.py", line 128, in do_bench
    return _do_bench_impl(
           ^^^^^^^^^^^^^^^
  File "/home/ywc/co-tilelang/tilelang/profiler/bench.py", line 187, in _do_bench_impl
    fn()
  File "/home/ywc/co-tilelang/tilelang/jit/adapter/base.py", line 100, in __call__
    return self.func(*args, **kwds)
           ^^^^^^^^^^^^^^^^^^^^^^^^
  File "/home/ywc/co-tilelang/tilelang/jit/adapter/tvm_ffi.py", line 330, in func
    result = self._get_executable()(*inputs, allocator_anchor)
             ^^^^^^^^^^^^^^^^^^^^^^^^^^^^^^^^^^^^^^^^^^^^^^^^^
  File "/home/ywc/mpk-env/lib/python3.12/site-packages/tvm_ffi/module.py", line 299, in __call__
    return self.main(*args)
           ^^^^^^^^^^^^^^^^
  File "python/tvm_ffi/cython/function.pxi", line 968, in tvm_ffi.core.Function.__call__
  File "<unknown>", line 0, in __tvm_ffi_main
  File "<unknown>", line 0, in __tvm_ffi_chunk_scan_fwd
  File "/home/ywc/co-tilelang/3rdparty/tvm/src/runtime/cuda/cuda_module.cc", line 271, in void tvm::runtime::CUDAWrappedFunc::operator()(tvm::ffi::PackedArgs, tvm::ffi::Any*, void**) const
    TVM_FFI_THROW(InternalError)
    
tvm.error.InternalError: Failed to set the allowed dynamic shared memory size to 367616

2026-09-24 15:02:47,399 WARNING:An error occurred while testing config {'block_M': 128, 'block_N': 32, 'block_K': 64, 'block_Dstate': 128, 'num_stages': 3}, checkout autotuner.log for more details
2026-09-24 15:02:47,399 DEBUG:Error: Traceback (most recent call last):
  File "/home/ywc/co-tilelang/tilelang/autotuner/tuner.py", line 597, in _run_benchmark_target
    latency, worker_ref_latency = _call_benchmark_target(_jit_kernel, _worker_state)
                                  ^^^^^^^^^^^^^^^^^^^^^^^^^^^^^^^^^^^^^^^^^^^^^^^^^^
  File "/home/ywc/co-tilelang/tilelang/autotuner/tuner.py", line 569, in _call_benchmark_target
    return invoke()
           ^^^^^^^^
  File "/home/ywc/co-tilelang/tilelang/autotuner/tuner.py", line 560, in invoke
    return benchmark_target(
           ^^^^^^^^^^^^^^^^^
  File "/home/ywc/co-tilelang/tilelang/autotuner/tuner.py", line 717, in _benchmark_target
    latency = profiler.do_bench(
              ^^^^^^^^^^^^^^^^^^
  File "/home/ywc/co-tilelang/tilelang/profiler/__init__.py", line 281, in do_bench
    return run_bench()
           ^^^^^^^^^^^
  File "/home/ywc/co-tilelang/tilelang/profiler/__init__.py", line 267, in run_bench
    return do_bench(
           ^^^^^^^^^
  File "/home/ywc/co-tilelang/tilelang/profiler/bench.py", line 128, in do_bench
    return _do_bench_impl(
           ^^^^^^^^^^^^^^^
  File "/home/ywc/co-tilelang/tilelang/profiler/bench.py", line 187, in _do_bench_impl
    fn()
  File "/home/ywc/co-tilelang/tilelang/jit/adapter/base.py", line 100, in __call__
    return self.func(*args, **kwds)
           ^^^^^^^^^^^^^^^^^^^^^^^^
  File "/home/ywc/co-tilelang/tilelang/jit/adapter/tvm_ffi.py", line 330, in func
    result = self._get_executable()(*inputs, allocator_anchor)
             ^^^^^^^^^^^^^^^^^^^^^^^^^^^^^^^^^^^^^^^^^^^^^^^^^
  File "/home/ywc/mpk-env/lib/python3.12/site-packages/tvm_ffi/module.py", line 299, in __call__
    return self.main(*args)
           ^^^^^^^^^^^^^^^^
  File "python/tvm_ffi/cython/function.pxi", line 968, in tvm_ffi.core.Function.__call__
  File "<unknown>", line 0, in __tvm_ffi_main
  File "<unknown>", line 0, in __tvm_ffi_chunk_scan_fwd
  File "/home/ywc/co-tilelang/3rdparty/tvm/src/runtime/cuda/cuda_module.cc", line 271, in void tvm::runtime::CUDAWrappedFunc::operator()(tvm::ffi::PackedArgs, tvm::ffi::Any*, void**) const
    TVM_FFI_THROW(InternalError)
    
tvm.error.InternalError: Failed to set the allowed dynamic shared memory size to 104832

2026-09-24 15:02:47,400 WARNING:An error occurred while testing config {'block_M': 128, 'block_N': 32, 'block_K': 64, 'block_Dstate': 128, 'num_stages': 4}, checkout autotuner.log for more details
2026-09-24 15:02:47,400 DEBUG:Error: Traceback (most recent call last):
  File "/home/ywc/co-tilelang/tilelang/autotuner/tuner.py", line 597, in _run_benchmark_target
    latency, worker_ref_latency = _call_benchmark_target(_jit_kernel, _worker_state)
                                  ^^^^^^^^^^^^^^^^^^^^^^^^^^^^^^^^^^^^^^^^^^^^^^^^^^
  File "/home/ywc/co-tilelang/tilelang/autotuner/tuner.py", line 569, in _call_benchmark_target
    return invoke()
           ^^^^^^^^
  File "/home/ywc/co-tilelang/tilelang/autotuner/tuner.py", line 560, in invoke
    return benchmark_target(
           ^^^^^^^^^^^^^^^^^
  File "/home/ywc/co-tilelang/tilelang/autotuner/tuner.py", line 717, in _benchmark_target
    latency = profiler.do_bench(
              ^^^^^^^^^^^^^^^^^^
  File "/home/ywc/co-tilelang/tilelang/profiler/__init__.py", line 281, in do_bench
    return run_bench()
           ^^^^^^^^^^^
  File "/home/ywc/co-tilelang/tilelang/profiler/__init__.py", line 267, in run_bench
    return do_bench(
           ^^^^^^^^^
  File "/home/ywc/co-tilelang/tilelang/profiler/bench.py", line 128, in do_bench
    return _do_bench_impl(
           ^^^^^^^^^^^^^^^
  File "/home/ywc/co-tilelang/tilelang/profiler/bench.py", line 187, in _do_bench_impl
    fn()
  File "/home/ywc/co-tilelang/tilelang/jit/adapter/base.py", line 100, in __call__
    return self.func(*args, **kwds)
           ^^^^^^^^^^^^^^^^^^^^^^^^
  File "/home/ywc/co-tilelang/tilelang/jit/adapter/tvm_ffi.py", line 330, in func
    result = self._get_executable()(*inputs, allocator_anchor)
             ^^^^^^^^^^^^^^^^^^^^^^^^^^^^^^^^^^^^^^^^^^^^^^^^^
  File "/home/ywc/mpk-env/lib/python3.12/site-packages/tvm_ffi/module.py", line 299, in __call__
    return self.main(*args)
           ^^^^^^^^^^^^^^^^
  File "python/tvm_ffi/cython/function.pxi", line 968, in tvm_ffi.core.Function.__call__
  File "<unknown>", line 0, in __tvm_ffi_main
  File "<unknown>", line 0, in __tvm_ffi_chunk_scan_fwd
  File "/home/ywc/co-tilelang/3rdparty/tvm/src/runtime/cuda/cuda_module.cc", line 271, in void tvm::runtime::CUDAWrappedFunc::operator()(tvm::ffi::PackedArgs, tvm::ffi::Any*, void**) const
    TVM_FFI_THROW(InternalError)
    
tvm.error.InternalError: Failed to set the allowed dynamic shared memory size to 125440

2026-09-24 15:02:47,400 WARNING:An error occurred while testing config {'block_M': 128, 'block_N': 32, 'block_K': 64, 'block_Dstate': 128, 'num_stages': 5}, checkout autotuner.log for more details
2026-09-24 15:02:47,400 DEBUG:Error: Traceback (most recent call last):
  File "/home/ywc/co-tilelang/tilelang/autotuner/tuner.py", line 597, in _run_benchmark_target
    latency, worker_ref_latency = _call_benchmark_target(_jit_kernel, _worker_state)
                                  ^^^^^^^^^^^^^^^^^^^^^^^^^^^^^^^^^^^^^^^^^^^^^^^^^^
  File "/home/ywc/co-tilelang/tilelang/autotuner/tuner.py", line 569, in _call_benchmark_target
    return invoke()
           ^^^^^^^^
  File "/home/ywc/co-tilelang/tilelang/autotuner/tuner.py", line 560, in invoke
    return benchmark_target(
           ^^^^^^^^^^^^^^^^^
  File "/home/ywc/co-tilelang/tilelang/autotuner/tuner.py", line 717, in _benchmark_target
    latency = profiler.do_bench(
              ^^^^^^^^^^^^^^^^^^
  File "/home/ywc/co-tilelang/tilelang/profiler/__init__.py", line 281, in do_bench
    return run_bench()
           ^^^^^^^^^^^
  File "/home/ywc/co-tilelang/tilelang/profiler/__init__.py", line 267, in run_bench
    return do_bench(
           ^^^^^^^^^
  File "/home/ywc/co-tilelang/tilelang/profiler/bench.py", line 128, in do_bench
    return _do_bench_impl(
           ^^^^^^^^^^^^^^^
  File "/home/ywc/co-tilelang/tilelang/profiler/bench.py", line 187, in _do_bench_impl
    fn()
  File "/home/ywc/co-tilelang/tilelang/jit/adapter/base.py", line 100, in __call__
    return self.func(*args, **kwds)
           ^^^^^^^^^^^^^^^^^^^^^^^^
  File "/home/ywc/co-tilelang/tilelang/jit/adapter/tvm_ffi.py", line 330, in func
    result = self._get_executable()(*inputs, allocator_anchor)
             ^^^^^^^^^^^^^^^^^^^^^^^^^^^^^^^^^^^^^^^^^^^^^^^^^
  File "/home/ywc/mpk-env/lib/python3.12/site-packages/tvm_ffi/module.py", line 299, in __call__
    return self.main(*args)
           ^^^^^^^^^^^^^^^^
  File "python/tvm_ffi/cython/function.pxi", line 968, in tvm_ffi.core.Function.__call__
  File "<unknown>", line 0, in __tvm_ffi_main
  File "<unknown>", line 0, in __tvm_ffi_chunk_scan_fwd
  File "/home/ywc/co-tilelang/3rdparty/tvm/src/runtime/cuda/cuda_module.cc", line 271, in void tvm::runtime::CUDAWrappedFunc::operator()(tvm::ffi::PackedArgs, tvm::ffi::Any*, void**) const
    TVM_FFI_THROW(InternalError)
    
tvm.error.InternalError: Failed to set the allowed dynamic shared memory size to 146048

2026-09-24 15:02:47,401 WARNING:An error occurred while testing config {'block_M': 128, 'block_N': 32, 'block_K': 128, 'block_Dstate': 128, 'num_stages': 2}, checkout autotuner.log for more details
2026-09-24 15:02:47,401 DEBUG:Error: Traceback (most recent call last):
  File "/home/ywc/co-tilelang/tilelang/autotuner/tuner.py", line 597, in _run_benchmark_target
    latency, worker_ref_latency = _call_benchmark_target(_jit_kernel, _worker_state)
                                  ^^^^^^^^^^^^^^^^^^^^^^^^^^^^^^^^^^^^^^^^^^^^^^^^^^
  File "/home/ywc/co-tilelang/tilelang/autotuner/tuner.py", line 569, in _call_benchmark_target
    return invoke()
           ^^^^^^^^
  File "/home/ywc/co-tilelang/tilelang/autotuner/tuner.py", line 560, in invoke
    return benchmark_target(
           ^^^^^^^^^^^^^^^^^
  File "/home/ywc/co-tilelang/tilelang/autotuner/tuner.py", line 717, in _benchmark_target
    latency = profiler.do_bench(
              ^^^^^^^^^^^^^^^^^^
  File "/home/ywc/co-tilelang/tilelang/profiler/__init__.py", line 281, in do_bench
    return run_bench()
           ^^^^^^^^^^^
  File "/home/ywc/co-tilelang/tilelang/profiler/__init__.py", line 267, in run_bench
    return do_bench(
           ^^^^^^^^^
  File "/home/ywc/co-tilelang/tilelang/profiler/bench.py", line 128, in do_bench
    return _do_bench_impl(
           ^^^^^^^^^^^^^^^
  File "/home/ywc/co-tilelang/tilelang/profiler/bench.py", line 187, in _do_bench_impl
    fn()
  File "/home/ywc/co-tilelang/tilelang/jit/adapter/base.py", line 100, in __call__
    return self.func(*args, **kwds)
           ^^^^^^^^^^^^^^^^^^^^^^^^
  File "/home/ywc/co-tilelang/tilelang/jit/adapter/tvm_ffi.py", line 330, in func
    result = self._get_executable()(*inputs, allocator_anchor)
             ^^^^^^^^^^^^^^^^^^^^^^^^^^^^^^^^^^^^^^^^^^^^^^^^^
  File "/home/ywc/mpk-env/lib/python3.12/site-packages/tvm_ffi/module.py", line 299, in __call__
    return self.main(*args)
           ^^^^^^^^^^^^^^^^
  File "python/tvm_ffi/cython/function.pxi", line 968, in tvm_ffi.core.Function.__call__
  File "<unknown>", line 0, in __tvm_ffi_main
  File "<unknown>", line 0, in __tvm_ffi_chunk_scan_fwd
  File "/home/ywc/co-tilelang/3rdparty/tvm/src/runtime/cuda/cuda_module.cc", line 271, in void tvm::runtime::CUDAWrappedFunc::operator()(tvm::ffi::PackedArgs, tvm::ffi::Any*, void**) const
    TVM_FFI_THROW(InternalError)
    
tvm.error.InternalError: Failed to set the allowed dynamic shared memory size to 125440

2026-09-24 15:02:47,401 WARNING:An error occurred while testing config {'block_M': 128, 'block_N': 32, 'block_K': 128, 'block_Dstate': 128, 'num_stages': 3}, checkout autotuner.log for more details
2026-09-24 15:02:47,401 DEBUG:Error: Traceback (most recent call last):
  File "/home/ywc/co-tilelang/tilelang/autotuner/tuner.py", line 597, in _run_benchmark_target
    latency, worker_ref_latency = _call_benchmark_target(_jit_kernel, _worker_state)
                                  ^^^^^^^^^^^^^^^^^^^^^^^^^^^^^^^^^^^^^^^^^^^^^^^^^^
  File "/home/ywc/co-tilelang/tilelang/autotuner/tuner.py", line 569, in _call_benchmark_target
    return invoke()
           ^^^^^^^^
  File "/home/ywc/co-tilelang/tilelang/autotuner/tuner.py", line 560, in invoke
    return benchmark_target(
           ^^^^^^^^^^^^^^^^^
  File "/home/ywc/co-tilelang/tilelang/autotuner/tuner.py", line 717, in _benchmark_target
    latency = profiler.do_bench(
              ^^^^^^^^^^^^^^^^^^
  File "/home/ywc/co-tilelang/tilelang/profiler/__init__.py", line 281, in do_bench
    return run_bench()
           ^^^^^^^^^^^
  File "/home/ywc/co-tilelang/tilelang/profiler/__init__.py", line 267, in run_bench
    return do_bench(
           ^^^^^^^^^
  File "/home/ywc/co-tilelang/tilelang/profiler/bench.py", line 128, in do_bench
    return _do_bench_impl(
           ^^^^^^^^^^^^^^^
  File "/home/ywc/co-tilelang/tilelang/profiler/bench.py", line 187, in _do_bench_impl
    fn()
  File "/home/ywc/co-tilelang/tilelang/jit/adapter/base.py", line 100, in __call__
    return self.func(*args, **kwds)
           ^^^^^^^^^^^^^^^^^^^^^^^^
  File "/home/ywc/co-tilelang/tilelang/jit/adapter/tvm_ffi.py", line 330, in func
    result = self._get_executable()(*inputs, allocator_anchor)
             ^^^^^^^^^^^^^^^^^^^^^^^^^^^^^^^^^^^^^^^^^^^^^^^^^
  File "/home/ywc/mpk-env/lib/python3.12/site-packages/tvm_ffi/module.py", line 299, in __call__
    return self.main(*args)
           ^^^^^^^^^^^^^^^^
  File "python/tvm_ffi/cython/function.pxi", line 968, in tvm_ffi.core.Function.__call__
  File "<unknown>", line 0, in __tvm_ffi_main
  File "<unknown>", line 0, in __tvm_ffi_chunk_scan_fwd
  File "/home/ywc/co-tilelang/3rdparty/tvm/src/runtime/cuda/cuda_module.cc", line 271, in void tvm::runtime::CUDAWrappedFunc::operator()(tvm::ffi::PackedArgs, tvm::ffi::Any*, void**) const
    TVM_FFI_THROW(InternalError)
    
tvm.error.InternalError: Failed to set the allowed dynamic shared memory size to 166656

2026-09-24 15:02:47,401 WARNING:An error occurred while testing config {'block_M': 128, 'block_N': 32, 'block_K': 128, 'block_Dstate': 128, 'num_stages': 4}, checkout autotuner.log for more details
2026-09-24 15:02:47,401 DEBUG:Error: Traceback (most recent call last):
  File "/home/ywc/co-tilelang/tilelang/autotuner/tuner.py", line 597, in _run_benchmark_target
    latency, worker_ref_latency = _call_benchmark_target(_jit_kernel, _worker_state)
                                  ^^^^^^^^^^^^^^^^^^^^^^^^^^^^^^^^^^^^^^^^^^^^^^^^^^
  File "/home/ywc/co-tilelang/tilelang/autotuner/tuner.py", line 569, in _call_benchmark_target
    return invoke()
           ^^^^^^^^
  File "/home/ywc/co-tilelang/tilelang/autotuner/tuner.py", line 560, in invoke
    return benchmark_target(
           ^^^^^^^^^^^^^^^^^
  File "/home/ywc/co-tilelang/tilelang/autotuner/tuner.py", line 717, in _benchmark_target
    latency = profiler.do_bench(
              ^^^^^^^^^^^^^^^^^^
  File "/home/ywc/co-tilelang/tilelang/profiler/__init__.py", line 281, in do_bench
    return run_bench()
           ^^^^^^^^^^^
  File "/home/ywc/co-tilelang/tilelang/profiler/__init__.py", line 267, in run_bench
    return do_bench(
           ^^^^^^^^^
  File "/home/ywc/co-tilelang/tilelang/profiler/bench.py", line 128, in do_bench
    return _do_bench_impl(
           ^^^^^^^^^^^^^^^
  File "/home/ywc/co-tilelang/tilelang/profiler/bench.py", line 187, in _do_bench_impl
    fn()
  File "/home/ywc/co-tilelang/tilelang/jit/adapter/base.py", line 100, in __call__
    return self.func(*args, **kwds)
           ^^^^^^^^^^^^^^^^^^^^^^^^
  File "/home/ywc/co-tilelang/tilelang/jit/adapter/tvm_ffi.py", line 330, in func
    result = self._get_executable()(*inputs, allocator_anchor)
             ^^^^^^^^^^^^^^^^^^^^^^^^^^^^^^^^^^^^^^^^^^^^^^^^^
  File "/home/ywc/mpk-env/lib/python3.12/site-packages/tvm_ffi/module.py", line 299, in __call__
    return self.main(*args)
           ^^^^^^^^^^^^^^^^
  File "python/tvm_ffi/cython/function.pxi", line 968, in tvm_ffi.core.Function.__call__
  File "<unknown>", line 0, in __tvm_ffi_main
  File "<unknown>", line 0, in __tvm_ffi_chunk_scan_fwd
  File "/home/ywc/co-tilelang/3rdparty/tvm/src/runtime/cuda/cuda_module.cc", line 271, in void tvm::runtime::CUDAWrappedFunc::operator()(tvm::ffi::PackedArgs, tvm::ffi::Any*, void**) const
    TVM_FFI_THROW(InternalError)
    
tvm.error.InternalError: Failed to set the allowed dynamic shared memory size to 207872

2026-09-24 15:02:47,401 WARNING:An error occurred while testing config {'block_M': 128, 'block_N': 32, 'block_K': 128, 'block_Dstate': 128, 'num_stages': 5}, checkout autotuner.log for more details
2026-09-24 15:02:47,401 DEBUG:Error: Traceback (most recent call last):
  File "/home/ywc/co-tilelang/tilelang/autotuner/tuner.py", line 597, in _run_benchmark_target
    latency, worker_ref_latency = _call_benchmark_target(_jit_kernel, _worker_state)
                                  ^^^^^^^^^^^^^^^^^^^^^^^^^^^^^^^^^^^^^^^^^^^^^^^^^^
  File "/home/ywc/co-tilelang/tilelang/autotuner/tuner.py", line 569, in _call_benchmark_target
    return invoke()
           ^^^^^^^^
  File "/home/ywc/co-tilelang/tilelang/autotuner/tuner.py", line 560, in invoke
    return benchmark_target(
           ^^^^^^^^^^^^^^^^^
  File "/home/ywc/co-tilelang/tilelang/autotuner/tuner.py", line 717, in _benchmark_target
    latency = profiler.do_bench(
              ^^^^^^^^^^^^^^^^^^
  File "/home/ywc/co-tilelang/tilelang/profiler/__init__.py", line 281, in do_bench
    return run_bench()
           ^^^^^^^^^^^
  File "/home/ywc/co-tilelang/tilelang/profiler/__init__.py", line 267, in run_bench
    return do_bench(
           ^^^^^^^^^
  File "/home/ywc/co-tilelang/tilelang/profiler/bench.py", line 128, in do_bench
    return _do_bench_impl(
           ^^^^^^^^^^^^^^^
  File "/home/ywc/co-tilelang/tilelang/profiler/bench.py", line 187, in _do_bench_impl
    fn()
  File "/home/ywc/co-tilelang/tilelang/jit/adapter/base.py", line 100, in __call__
    return self.func(*args, **kwds)
           ^^^^^^^^^^^^^^^^^^^^^^^^
  File "/home/ywc/co-tilelang/tilelang/jit/adapter/tvm_ffi.py", line 330, in func
    result = self._get_executable()(*inputs, allocator_anchor)
             ^^^^^^^^^^^^^^^^^^^^^^^^^^^^^^^^^^^^^^^^^^^^^^^^^
  File "/home/ywc/mpk-env/lib/python3.12/site-packages/tvm_ffi/module.py", line 299, in __call__
    return self.main(*args)
           ^^^^^^^^^^^^^^^^
  File "python/tvm_ffi/cython/function.pxi", line 968, in tvm_ffi.core.Function.__call__
  File "<unknown>", line 0, in __tvm_ffi_main
  File "<unknown>", line 0, in __tvm_ffi_chunk_scan_fwd
  File "/home/ywc/co-tilelang/3rdparty/tvm/src/runtime/cuda/cuda_module.cc", line 271, in void tvm::runtime::CUDAWrappedFunc::operator()(tvm::ffi::PackedArgs, tvm::ffi::Any*, void**) const
    TVM_FFI_THROW(InternalError)
    
tvm.error.InternalError: Failed to set the allowed dynamic shared memory size to 250112

2026-09-24 15:02:47,402 WARNING:An error occurred while testing config {'block_M': 128, 'block_N': 32, 'block_K': 256, 'block_Dstate': 128, 'num_stages': 1}, checkout autotuner.log for more details
2026-09-24 15:02:47,402 DEBUG:Error: Traceback (most recent call last):
  File "/home/ywc/co-tilelang/tilelang/autotuner/tuner.py", line 597, in _run_benchmark_target
    latency, worker_ref_latency = _call_benchmark_target(_jit_kernel, _worker_state)
                                  ^^^^^^^^^^^^^^^^^^^^^^^^^^^^^^^^^^^^^^^^^^^^^^^^^^
  File "/home/ywc/co-tilelang/tilelang/autotuner/tuner.py", line 569, in _call_benchmark_target
    return invoke()
           ^^^^^^^^
  File "/home/ywc/co-tilelang/tilelang/autotuner/tuner.py", line 560, in invoke
    return benchmark_target(
           ^^^^^^^^^^^^^^^^^
  File "/home/ywc/co-tilelang/tilelang/autotuner/tuner.py", line 717, in _benchmark_target
    latency = profiler.do_bench(
              ^^^^^^^^^^^^^^^^^^
  File "/home/ywc/co-tilelang/tilelang/profiler/__init__.py", line 281, in do_bench
    return run_bench()
           ^^^^^^^^^^^
  File "/home/ywc/co-tilelang/tilelang/profiler/__init__.py", line 267, in run_bench
    return do_bench(
           ^^^^^^^^^
  File "/home/ywc/co-tilelang/tilelang/profiler/bench.py", line 128, in do_bench
    return _do_bench_impl(
           ^^^^^^^^^^^^^^^
  File "/home/ywc/co-tilelang/tilelang/profiler/bench.py", line 187, in _do_bench_impl
    fn()
  File "/home/ywc/co-tilelang/tilelang/jit/adapter/base.py", line 100, in __call__
    return self.func(*args, **kwds)
           ^^^^^^^^^^^^^^^^^^^^^^^^
  File "/home/ywc/co-tilelang/tilelang/jit/adapter/tvm_ffi.py", line 330, in func
    result = self._get_executable()(*inputs, allocator_anchor)
             ^^^^^^^^^^^^^^^^^^^^^^^^^^^^^^^^^^^^^^^^^^^^^^^^^
  File "/home/ywc/mpk-env/lib/python3.12/site-packages/tvm_ffi/module.py", line 299, in __call__
    return self.main(*args)
           ^^^^^^^^^^^^^^^^
  File "python/tvm_ffi/cython/function.pxi", line 968, in tvm_ffi.core.Function.__call__
  File "<unknown>", line 0, in __tvm_ffi_main
  File "<unknown>", line 0, in __tvm_ffi_chunk_scan_fwd
  File "/home/ywc/co-tilelang/3rdparty/tvm/src/runtime/cuda/cuda_module.cc", line 271, in void tvm::runtime::CUDAWrappedFunc::operator()(tvm::ffi::PackedArgs, tvm::ffi::Any*, void**) const
    TVM_FFI_THROW(InternalError)
    
tvm.error.InternalError: Failed to set the allowed dynamic shared memory size to 125440

2026-09-24 15:02:47,402 WARNING:An error occurred while testing config {'block_M': 128, 'block_N': 32, 'block_K': 256, 'block_Dstate': 128, 'num_stages': 2}, checkout autotuner.log for more details
2026-09-24 15:02:47,403 DEBUG:Error: Traceback (most recent call last):
  File "/home/ywc/co-tilelang/tilelang/autotuner/tuner.py", line 597, in _run_benchmark_target
    latency, worker_ref_latency = _call_benchmark_target(_jit_kernel, _worker_state)
                                  ^^^^^^^^^^^^^^^^^^^^^^^^^^^^^^^^^^^^^^^^^^^^^^^^^^
  File "/home/ywc/co-tilelang/tilelang/autotuner/tuner.py", line 569, in _call_benchmark_target
    return invoke()
           ^^^^^^^^
  File "/home/ywc/co-tilelang/tilelang/autotuner/tuner.py", line 560, in invoke
    return benchmark_target(
           ^^^^^^^^^^^^^^^^^
  File "/home/ywc/co-tilelang/tilelang/autotuner/tuner.py", line 717, in _benchmark_target
    latency = profiler.do_bench(
              ^^^^^^^^^^^^^^^^^^
  File "/home/ywc/co-tilelang/tilelang/profiler/__init__.py", line 281, in do_bench
    return run_bench()
           ^^^^^^^^^^^
  File "/home/ywc/co-tilelang/tilelang/profiler/__init__.py", line 267, in run_bench
    return do_bench(
           ^^^^^^^^^
  File "/home/ywc/co-tilelang/tilelang/profiler/bench.py", line 128, in do_bench
    return _do_bench_impl(
           ^^^^^^^^^^^^^^^
  File "/home/ywc/co-tilelang/tilelang/profiler/bench.py", line 187, in _do_bench_impl
    fn()
  File "/home/ywc/co-tilelang/tilelang/jit/adapter/base.py", line 100, in __call__
    return self.func(*args, **kwds)
           ^^^^^^^^^^^^^^^^^^^^^^^^
  File "/home/ywc/co-tilelang/tilelang/jit/adapter/tvm_ffi.py", line 330, in func
    result = self._get_executable()(*inputs, allocator_anchor)
             ^^^^^^^^^^^^^^^^^^^^^^^^^^^^^^^^^^^^^^^^^^^^^^^^^
  File "/home/ywc/mpk-env/lib/python3.12/site-packages/tvm_ffi/module.py", line 299, in __call__
    return self.main(*args)
           ^^^^^^^^^^^^^^^^
  File "python/tvm_ffi/cython/function.pxi", line 968, in tvm_ffi.core.Function.__call__
  File "<unknown>", line 0, in __tvm_ffi_main
  File "<unknown>", line 0, in __tvm_ffi_chunk_scan_fwd
  File "/home/ywc/co-tilelang/3rdparty/tvm/src/runtime/cuda/cuda_module.cc", line 271, in void tvm::runtime::CUDAWrappedFunc::operator()(tvm::ffi::PackedArgs, tvm::ffi::Any*, void**) const
    TVM_FFI_THROW(InternalError)
    
tvm.error.InternalError: Failed to set the allowed dynamic shared memory size to 207872

2026-09-24 15:02:47,403 WARNING:An error occurred while testing config {'block_M': 128, 'block_N': 32, 'block_K': 256, 'block_Dstate': 128, 'num_stages': 3}, checkout autotuner.log for more details
2026-09-24 15:02:47,429 DEBUG:Error: Traceback (most recent call last):
  File "/home/ywc/co-tilelang/tilelang/autotuner/tuner.py", line 597, in _run_benchmark_target
    latency, worker_ref_latency = _call_benchmark_target(_jit_kernel, _worker_state)
                                  ^^^^^^^^^^^^^^^^^^^^^^^^^^^^^^^^^^^^^^^^^^^^^^^^^^
  File "/home/ywc/co-tilelang/tilelang/autotuner/tuner.py", line 569, in _call_benchmark_target
    return invoke()
           ^^^^^^^^
  File "/home/ywc/co-tilelang/tilelang/autotuner/tuner.py", line 560, in invoke
    return benchmark_target(
           ^^^^^^^^^^^^^^^^^
  File "/home/ywc/co-tilelang/tilelang/autotuner/tuner.py", line 717, in _benchmark_target
    latency = profiler.do_bench(
              ^^^^^^^^^^^^^^^^^^
  File "/home/ywc/co-tilelang/tilelang/profiler/__init__.py", line 281, in do_bench
    return run_bench()
           ^^^^^^^^^^^
  File "/home/ywc/co-tilelang/tilelang/profiler/__init__.py", line 267, in run_bench
    return do_bench(
           ^^^^^^^^^
  File "/home/ywc/co-tilelang/tilelang/profiler/bench.py", line 128, in do_bench
    return _do_bench_impl(
           ^^^^^^^^^^^^^^^
  File "/home/ywc/co-tilelang/tilelang/profiler/bench.py", line 187, in _do_bench_impl
    fn()
  File "/home/ywc/co-tilelang/tilelang/jit/adapter/base.py", line 100, in __call__
    return self.func(*args, **kwds)
           ^^^^^^^^^^^^^^^^^^^^^^^^
  File "/home/ywc/co-tilelang/tilelang/jit/adapter/tvm_ffi.py", line 330, in func
    result = self._get_executable()(*inputs, allocator_anchor)
             ^^^^^^^^^^^^^^^^^^^^^^^^^^^^^^^^^^^^^^^^^^^^^^^^^
  File "/home/ywc/mpk-env/lib/python3.12/site-packages/tvm_ffi/module.py", line 299, in __call__
    return self.main(*args)
           ^^^^^^^^^^^^^^^^
  File "python/tvm_ffi/cython/function.pxi", line 968, in tvm_ffi.core.Function.__call__
  File "<unknown>", line 0, in __tvm_ffi_main
  File "<unknown>", line 0, in __tvm_ffi_chunk_scan_fwd
  File "/home/ywc/co-tilelang/3rdparty/tvm/src/runtime/cuda/cuda_module.cc", line 271, in void tvm::runtime::CUDAWrappedFunc::operator()(tvm::ffi::PackedArgs, tvm::ffi::Any*, void**) const
    TVM_FFI_THROW(InternalError)
    
tvm.error.InternalError: Failed to set the allowed dynamic shared memory size to 291328

2026-09-24 15:02:47,429 WARNING:An error occurred while testing config {'block_M': 128, 'block_N': 32, 'block_K': 256, 'block_Dstate': 128, 'num_stages': 4}, checkout autotuner.log for more details
2026-09-24 15:02:47,429 DEBUG:Error: Traceback (most recent call last):
  File "/home/ywc/co-tilelang/tilelang/autotuner/tuner.py", line 597, in _run_benchmark_target
    latency, worker_ref_latency = _call_benchmark_target(_jit_kernel, _worker_state)
                                  ^^^^^^^^^^^^^^^^^^^^^^^^^^^^^^^^^^^^^^^^^^^^^^^^^^
  File "/home/ywc/co-tilelang/tilelang/autotuner/tuner.py", line 569, in _call_benchmark_target
    return invoke()
           ^^^^^^^^
  File "/home/ywc/co-tilelang/tilelang/autotuner/tuner.py", line 560, in invoke
    return benchmark_target(
           ^^^^^^^^^^^^^^^^^
  File "/home/ywc/co-tilelang/tilelang/autotuner/tuner.py", line 717, in _benchmark_target
    latency = profiler.do_bench(
              ^^^^^^^^^^^^^^^^^^
  File "/home/ywc/co-tilelang/tilelang/profiler/__init__.py", line 281, in do_bench
    return run_bench()
           ^^^^^^^^^^^
  File "/home/ywc/co-tilelang/tilelang/profiler/__init__.py", line 267, in run_bench
    return do_bench(
           ^^^^^^^^^
  File "/home/ywc/co-tilelang/tilelang/profiler/bench.py", line 128, in do_bench
    return _do_bench_impl(
           ^^^^^^^^^^^^^^^
  File "/home/ywc/co-tilelang/tilelang/profiler/bench.py", line 187, in _do_bench_impl
    fn()
  File "/home/ywc/co-tilelang/tilelang/jit/adapter/base.py", line 100, in __call__
    return self.func(*args, **kwds)
           ^^^^^^^^^^^^^^^^^^^^^^^^
  File "/home/ywc/co-tilelang/tilelang/jit/adapter/tvm_ffi.py", line 330, in func
    result = self._get_executable()(*inputs, allocator_anchor)
             ^^^^^^^^^^^^^^^^^^^^^^^^^^^^^^^^^^^^^^^^^^^^^^^^^
  File "/home/ywc/mpk-env/lib/python3.12/site-packages/tvm_ffi/module.py", line 299, in __call__
    return self.main(*args)
           ^^^^^^^^^^^^^^^^
  File "python/tvm_ffi/cython/function.pxi", line 968, in tvm_ffi.core.Function.__call__
  File "<unknown>", line 0, in __tvm_ffi_main
  File "<unknown>", line 0, in __tvm_ffi_chunk_scan_fwd
  File "/home/ywc/co-tilelang/3rdparty/tvm/src/runtime/cuda/cuda_module.cc", line 271, in void tvm::runtime::CUDAWrappedFunc::operator()(tvm::ffi::PackedArgs, tvm::ffi::Any*, void**) const
    TVM_FFI_THROW(InternalError)
    
tvm.error.InternalError: Failed to set the allowed dynamic shared memory size to 373760

2026-09-24 15:02:47,429 WARNING:An error occurred while testing config {'block_M': 128, 'block_N': 32, 'block_K': 256, 'block_Dstate': 128, 'num_stages': 5}, checkout autotuner.log for more details
2026-09-24 15:02:47,429 DEBUG:Error: Traceback (most recent call last):
  File "/home/ywc/co-tilelang/tilelang/autotuner/tuner.py", line 597, in _run_benchmark_target
    latency, worker_ref_latency = _call_benchmark_target(_jit_kernel, _worker_state)
                                  ^^^^^^^^^^^^^^^^^^^^^^^^^^^^^^^^^^^^^^^^^^^^^^^^^^
  File "/home/ywc/co-tilelang/tilelang/autotuner/tuner.py", line 569, in _call_benchmark_target
    return invoke()
           ^^^^^^^^
  File "/home/ywc/co-tilelang/tilelang/autotuner/tuner.py", line 560, in invoke
    return benchmark_target(
           ^^^^^^^^^^^^^^^^^
  File "/home/ywc/co-tilelang/tilelang/autotuner/tuner.py", line 717, in _benchmark_target
    latency = profiler.do_bench(
              ^^^^^^^^^^^^^^^^^^
  File "/home/ywc/co-tilelang/tilelang/profiler/__init__.py", line 281, in do_bench
    return run_bench()
           ^^^^^^^^^^^
  File "/home/ywc/co-tilelang/tilelang/profiler/__init__.py", line 267, in run_bench
    return do_bench(
           ^^^^^^^^^
  File "/home/ywc/co-tilelang/tilelang/profiler/bench.py", line 128, in do_bench
    return _do_bench_impl(
           ^^^^^^^^^^^^^^^
  File "/home/ywc/co-tilelang/tilelang/profiler/bench.py", line 187, in _do_bench_impl
    fn()
  File "/home/ywc/co-tilelang/tilelang/jit/adapter/base.py", line 100, in __call__
    return self.func(*args, **kwds)
           ^^^^^^^^^^^^^^^^^^^^^^^^
  File "/home/ywc/co-tilelang/tilelang/jit/adapter/tvm_ffi.py", line 330, in func
    result = self._get_executable()(*inputs, allocator_anchor)
             ^^^^^^^^^^^^^^^^^^^^^^^^^^^^^^^^^^^^^^^^^^^^^^^^^
  File "/home/ywc/mpk-env/lib/python3.12/site-packages/tvm_ffi/module.py", line 299, in __call__
    return self.main(*args)
           ^^^^^^^^^^^^^^^^
  File "python/tvm_ffi/cython/function.pxi", line 968, in tvm_ffi.core.Function.__call__
  File "<unknown>", line 0, in __tvm_ffi_main
  File "<unknown>", line 0, in __tvm_ffi_chunk_scan_fwd
  File "/home/ywc/co-tilelang/3rdparty/tvm/src/runtime/cuda/cuda_module.cc", line 271, in void tvm::runtime::CUDAWrappedFunc::operator()(tvm::ffi::PackedArgs, tvm::ffi::Any*, void**) const
    TVM_FFI_THROW(InternalError)
    
tvm.error.InternalError: Failed to set the allowed dynamic shared memory size to 457216

2026-09-24 15:02:47,429 WARNING:An error occurred while testing config {'block_M': 128, 'block_N': 64, 'block_K': 64, 'block_Dstate': 128, 'num_stages': 2}, checkout autotuner.log for more details
2026-09-24 15:02:47,429 DEBUG:Error: Traceback (most recent call last):
  File "/home/ywc/co-tilelang/tilelang/autotuner/tuner.py", line 597, in _run_benchmark_target
    latency, worker_ref_latency = _call_benchmark_target(_jit_kernel, _worker_state)
                                  ^^^^^^^^^^^^^^^^^^^^^^^^^^^^^^^^^^^^^^^^^^^^^^^^^^
  File "/home/ywc/co-tilelang/tilelang/autotuner/tuner.py", line 569, in _call_benchmark_target
    return invoke()
           ^^^^^^^^
  File "/home/ywc/co-tilelang/tilelang/autotuner/tuner.py", line 560, in invoke
    return benchmark_target(
           ^^^^^^^^^^^^^^^^^
  File "/home/ywc/co-tilelang/tilelang/autotuner/tuner.py", line 717, in _benchmark_target
    latency = profiler.do_bench(
              ^^^^^^^^^^^^^^^^^^
  File "/home/ywc/co-tilelang/tilelang/profiler/__init__.py", line 281, in do_bench
    return run_bench()
           ^^^^^^^^^^^
  File "/home/ywc/co-tilelang/tilelang/profiler/__init__.py", line 267, in run_bench
    return do_bench(
           ^^^^^^^^^
  File "/home/ywc/co-tilelang/tilelang/profiler/bench.py", line 128, in do_bench
    return _do_bench_impl(
           ^^^^^^^^^^^^^^^
  File "/home/ywc/co-tilelang/tilelang/profiler/bench.py", line 187, in _do_bench_impl
    fn()
  File "/home/ywc/co-tilelang/tilelang/jit/adapter/base.py", line 100, in __call__
    return self.func(*args, **kwds)
           ^^^^^^^^^^^^^^^^^^^^^^^^
  File "/home/ywc/co-tilelang/tilelang/jit/adapter/tvm_ffi.py", line 330, in func
    result = self._get_executable()(*inputs, allocator_anchor)
             ^^^^^^^^^^^^^^^^^^^^^^^^^^^^^^^^^^^^^^^^^^^^^^^^^
  File "/home/ywc/mpk-env/lib/python3.12/site-packages/tvm_ffi/module.py", line 299, in __call__
    return self.main(*args)
           ^^^^^^^^^^^^^^^^
  File "python/tvm_ffi/cython/function.pxi", line 968, in tvm_ffi.core.Function.__call__
  File "<unknown>", line 0, in __tvm_ffi_main
  File "<unknown>", line 0, in __tvm_ffi_chunk_scan_fwd
  File "/home/ywc/co-tilelang/3rdparty/tvm/src/runtime/cuda/cuda_module.cc", line 271, in void tvm::runtime::CUDAWrappedFunc::operator()(tvm::ffi::PackedArgs, tvm::ffi::Any*, void**) const
    TVM_FFI_THROW(InternalError)
    
tvm.error.InternalError: Failed to set the allowed dynamic shared memory size to 100608

2026-09-24 15:02:47,429 WARNING:An error occurred while testing config {'block_M': 128, 'block_N': 64, 'block_K': 64, 'block_Dstate': 128, 'num_stages': 3}, checkout autotuner.log for more details
2026-09-24 15:02:47,429 DEBUG:Error: Traceback (most recent call last):
  File "/home/ywc/co-tilelang/tilelang/autotuner/tuner.py", line 597, in _run_benchmark_target
    latency, worker_ref_latency = _call_benchmark_target(_jit_kernel, _worker_state)
                                  ^^^^^^^^^^^^^^^^^^^^^^^^^^^^^^^^^^^^^^^^^^^^^^^^^^
  File "/home/ywc/co-tilelang/tilelang/autotuner/tuner.py", line 569, in _call_benchmark_target
    return invoke()
           ^^^^^^^^
  File "/home/ywc/co-tilelang/tilelang/autotuner/tuner.py", line 560, in invoke
    return benchmark_target(
           ^^^^^^^^^^^^^^^^^
  File "/home/ywc/co-tilelang/tilelang/autotuner/tuner.py", line 717, in _benchmark_target
    latency = profiler.do_bench(
              ^^^^^^^^^^^^^^^^^^
  File "/home/ywc/co-tilelang/tilelang/profiler/__init__.py", line 281, in do_bench
    return run_bench()
           ^^^^^^^^^^^
  File "/home/ywc/co-tilelang/tilelang/profiler/__init__.py", line 267, in run_bench
    return do_bench(
           ^^^^^^^^^
  File "/home/ywc/co-tilelang/tilelang/profiler/bench.py", line 128, in do_bench
    return _do_bench_impl(
           ^^^^^^^^^^^^^^^
  File "/home/ywc/co-tilelang/tilelang/profiler/bench.py", line 187, in _do_bench_impl
    fn()
  File "/home/ywc/co-tilelang/tilelang/jit/adapter/base.py", line 100, in __call__
    return self.func(*args, **kwds)
           ^^^^^^^^^^^^^^^^^^^^^^^^
  File "/home/ywc/co-tilelang/tilelang/jit/adapter/tvm_ffi.py", line 330, in func
    result = self._get_executable()(*inputs, allocator_anchor)
             ^^^^^^^^^^^^^^^^^^^^^^^^^^^^^^^^^^^^^^^^^^^^^^^^^
  File "/home/ywc/mpk-env/lib/python3.12/site-packages/tvm_ffi/module.py", line 299, in __call__
    return self.main(*args)
           ^^^^^^^^^^^^^^^^
  File "python/tvm_ffi/cython/function.pxi", line 968, in tvm_ffi.core.Function.__call__
  File "<unknown>", line 0, in __tvm_ffi_main
  File "<unknown>", line 0, in __tvm_ffi_chunk_scan_fwd
  File "/home/ywc/co-tilelang/3rdparty/tvm/src/runtime/cuda/cuda_module.cc", line 271, in void tvm::runtime::CUDAWrappedFunc::operator()(tvm::ffi::PackedArgs, tvm::ffi::Any*, void**) const
    TVM_FFI_THROW(InternalError)
    
tvm.error.InternalError: Failed to set the allowed dynamic shared memory size to 125312

2026-09-24 15:02:47,429 WARNING:An error occurred while testing config {'block_M': 128, 'block_N': 64, 'block_K': 64, 'block_Dstate': 128, 'num_stages': 4}, checkout autotuner.log for more details
2026-09-24 15:02:47,429 DEBUG:Error: Traceback (most recent call last):
  File "/home/ywc/co-tilelang/tilelang/autotuner/tuner.py", line 597, in _run_benchmark_target
    latency, worker_ref_latency = _call_benchmark_target(_jit_kernel, _worker_state)
                                  ^^^^^^^^^^^^^^^^^^^^^^^^^^^^^^^^^^^^^^^^^^^^^^^^^^
  File "/home/ywc/co-tilelang/tilelang/autotuner/tuner.py", line 569, in _call_benchmark_target
    return invoke()
           ^^^^^^^^
  File "/home/ywc/co-tilelang/tilelang/autotuner/tuner.py", line 560, in invoke
    return benchmark_target(
           ^^^^^^^^^^^^^^^^^
  File "/home/ywc/co-tilelang/tilelang/autotuner/tuner.py", line 717, in _benchmark_target
    latency = profiler.do_bench(
              ^^^^^^^^^^^^^^^^^^
  File "/home/ywc/co-tilelang/tilelang/profiler/__init__.py", line 281, in do_bench
    return run_bench()
           ^^^^^^^^^^^
  File "/home/ywc/co-tilelang/tilelang/profiler/__init__.py", line 267, in run_bench
    return do_bench(
           ^^^^^^^^^
  File "/home/ywc/co-tilelang/tilelang/profiler/bench.py", line 128, in do_bench
    return _do_bench_impl(
           ^^^^^^^^^^^^^^^
  File "/home/ywc/co-tilelang/tilelang/profiler/bench.py", line 187, in _do_bench_impl
    fn()
  File "/home/ywc/co-tilelang/tilelang/jit/adapter/base.py", line 100, in __call__
    return self.func(*args, **kwds)
           ^^^^^^^^^^^^^^^^^^^^^^^^
  File "/home/ywc/co-tilelang/tilelang/jit/adapter/tvm_ffi.py", line 330, in func
    result = self._get_executable()(*inputs, allocator_anchor)
             ^^^^^^^^^^^^^^^^^^^^^^^^^^^^^^^^^^^^^^^^^^^^^^^^^
  File "/home/ywc/mpk-env/lib/python3.12/site-packages/tvm_ffi/module.py", line 299, in __call__
    return self.main(*args)
           ^^^^^^^^^^^^^^^^
  File "python/tvm_ffi/cython/function.pxi", line 968, in tvm_ffi.core.Function.__call__
  File "<unknown>", line 0, in __tvm_ffi_main
  File "<unknown>", line 0, in __tvm_ffi_chunk_scan_fwd
  File "/home/ywc/co-tilelang/3rdparty/tvm/src/runtime/cuda/cuda_module.cc", line 271, in void tvm::runtime::CUDAWrappedFunc::operator()(tvm::ffi::PackedArgs, tvm::ffi::Any*, void**) const
    TVM_FFI_THROW(InternalError)
    
tvm.error.InternalError: Failed to set the allowed dynamic shared memory size to 150016

2026-09-24 15:02:47,429 WARNING:An error occurred while testing config {'block_M': 128, 'block_N': 64, 'block_K': 64, 'block_Dstate': 128, 'num_stages': 5}, checkout autotuner.log for more details
2026-09-24 15:02:47,429 DEBUG:Error: Traceback (most recent call last):
  File "/home/ywc/co-tilelang/tilelang/autotuner/tuner.py", line 597, in _run_benchmark_target
    latency, worker_ref_latency = _call_benchmark_target(_jit_kernel, _worker_state)
                                  ^^^^^^^^^^^^^^^^^^^^^^^^^^^^^^^^^^^^^^^^^^^^^^^^^^
  File "/home/ywc/co-tilelang/tilelang/autotuner/tuner.py", line 569, in _call_benchmark_target
    return invoke()
           ^^^^^^^^
  File "/home/ywc/co-tilelang/tilelang/autotuner/tuner.py", line 560, in invoke
    return benchmark_target(
           ^^^^^^^^^^^^^^^^^
  File "/home/ywc/co-tilelang/tilelang/autotuner/tuner.py", line 717, in _benchmark_target
    latency = profiler.do_bench(
              ^^^^^^^^^^^^^^^^^^
  File "/home/ywc/co-tilelang/tilelang/profiler/__init__.py", line 281, in do_bench
    return run_bench()
           ^^^^^^^^^^^
  File "/home/ywc/co-tilelang/tilelang/profiler/__init__.py", line 267, in run_bench
    return do_bench(
           ^^^^^^^^^
  File "/home/ywc/co-tilelang/tilelang/profiler/bench.py", line 128, in do_bench
    return _do_bench_impl(
           ^^^^^^^^^^^^^^^
  File "/home/ywc/co-tilelang/tilelang/profiler/bench.py", line 187, in _do_bench_impl
    fn()
  File "/home/ywc/co-tilelang/tilelang/jit/adapter/base.py", line 100, in __call__
    return self.func(*args, **kwds)
           ^^^^^^^^^^^^^^^^^^^^^^^^
  File "/home/ywc/co-tilelang/tilelang/jit/adapter/tvm_ffi.py", line 330, in func
    result = self._get_executable()(*inputs, allocator_anchor)
             ^^^^^^^^^^^^^^^^^^^^^^^^^^^^^^^^^^^^^^^^^^^^^^^^^
  File "/home/ywc/mpk-env/lib/python3.12/site-packages/tvm_ffi/module.py", line 299, in __call__
    return self.main(*args)
           ^^^^^^^^^^^^^^^^
  File "python/tvm_ffi/cython/function.pxi", line 968, in tvm_ffi.core.Function.__call__
  File "<unknown>", line 0, in __tvm_ffi_main
  File "<unknown>", line 0, in __tvm_ffi_chunk_scan_fwd
  File "/home/ywc/co-tilelang/3rdparty/tvm/src/runtime/cuda/cuda_module.cc", line 271, in void tvm::runtime::CUDAWrappedFunc::operator()(tvm::ffi::PackedArgs, tvm::ffi::Any*, void**) const
    TVM_FFI_THROW(InternalError)
    
tvm.error.InternalError: Failed to set the allowed dynamic shared memory size to 174720

2026-09-24 15:02:47,429 WARNING:An error occurred while testing config {'block_M': 128, 'block_N': 64, 'block_K': 128, 'block_Dstate': 128, 'num_stages': 1}, checkout autotuner.log for more details
2026-09-24 15:02:47,429 DEBUG:Error: Traceback (most recent call last):
  File "/home/ywc/co-tilelang/tilelang/autotuner/tuner.py", line 597, in _run_benchmark_target
    latency, worker_ref_latency = _call_benchmark_target(_jit_kernel, _worker_state)
                                  ^^^^^^^^^^^^^^^^^^^^^^^^^^^^^^^^^^^^^^^^^^^^^^^^^^
  File "/home/ywc/co-tilelang/tilelang/autotuner/tuner.py", line 569, in _call_benchmark_target
    return invoke()
           ^^^^^^^^
  File "/home/ywc/co-tilelang/tilelang/autotuner/tuner.py", line 560, in invoke
    return benchmark_target(
           ^^^^^^^^^^^^^^^^^
  File "/home/ywc/co-tilelang/tilelang/autotuner/tuner.py", line 717, in _benchmark_target
    latency = profiler.do_bench(
              ^^^^^^^^^^^^^^^^^^
  File "/home/ywc/co-tilelang/tilelang/profiler/__init__.py", line 281, in do_bench
    return run_bench()
           ^^^^^^^^^^^
  File "/home/ywc/co-tilelang/tilelang/profiler/__init__.py", line 267, in run_bench
    return do_bench(
           ^^^^^^^^^
  File "/home/ywc/co-tilelang/tilelang/profiler/bench.py", line 128, in do_bench
    return _do_bench_impl(
           ^^^^^^^^^^^^^^^
  File "/home/ywc/co-tilelang/tilelang/profiler/bench.py", line 187, in _do_bench_impl
    fn()
  File "/home/ywc/co-tilelang/tilelang/jit/adapter/base.py", line 100, in __call__
    return self.func(*args, **kwds)
           ^^^^^^^^^^^^^^^^^^^^^^^^
  File "/home/ywc/co-tilelang/tilelang/jit/adapter/tvm_ffi.py", line 330, in func
    result = self._get_executable()(*inputs, allocator_anchor)
             ^^^^^^^^^^^^^^^^^^^^^^^^^^^^^^^^^^^^^^^^^^^^^^^^^
  File "/home/ywc/mpk-env/lib/python3.12/site-packages/tvm_ffi/module.py", line 299, in __call__
    return self.main(*args)
           ^^^^^^^^^^^^^^^^
  File "python/tvm_ffi/cython/function.pxi", line 968, in tvm_ffi.core.Function.__call__
  File "<unknown>", line 0, in __tvm_ffi_main
  File "<unknown>", line 0, in __tvm_ffi_chunk_scan_fwd
  File "/home/ywc/co-tilelang/3rdparty/tvm/src/runtime/cuda/cuda_module.cc", line 271, in void tvm::runtime::CUDAWrappedFunc::operator()(tvm::ffi::PackedArgs, tvm::ffi::Any*, void**) const
    TVM_FFI_THROW(InternalError)
    
tvm.error.InternalError: Failed to set the allowed dynamic shared memory size to 100608

2026-09-24 15:02:47,429 WARNING:An error occurred while testing config {'block_M': 128, 'block_N': 64, 'block_K': 128, 'block_Dstate': 128, 'num_stages': 2}, checkout autotuner.log for more details
2026-09-24 15:02:47,430 DEBUG:Error: Traceback (most recent call last):
  File "/home/ywc/co-tilelang/tilelang/autotuner/tuner.py", line 597, in _run_benchmark_target
    latency, worker_ref_latency = _call_benchmark_target(_jit_kernel, _worker_state)
                                  ^^^^^^^^^^^^^^^^^^^^^^^^^^^^^^^^^^^^^^^^^^^^^^^^^^
  File "/home/ywc/co-tilelang/tilelang/autotuner/tuner.py", line 569, in _call_benchmark_target
    return invoke()
           ^^^^^^^^
  File "/home/ywc/co-tilelang/tilelang/autotuner/tuner.py", line 560, in invoke
    return benchmark_target(
           ^^^^^^^^^^^^^^^^^
  File "/home/ywc/co-tilelang/tilelang/autotuner/tuner.py", line 717, in _benchmark_target
    latency = profiler.do_bench(
              ^^^^^^^^^^^^^^^^^^
  File "/home/ywc/co-tilelang/tilelang/profiler/__init__.py", line 281, in do_bench
    return run_bench()
           ^^^^^^^^^^^
  File "/home/ywc/co-tilelang/tilelang/profiler/__init__.py", line 267, in run_bench
    return do_bench(
           ^^^^^^^^^
  File "/home/ywc/co-tilelang/tilelang/profiler/bench.py", line 128, in do_bench
    return _do_bench_impl(
           ^^^^^^^^^^^^^^^
  File "/home/ywc/co-tilelang/tilelang/profiler/bench.py", line 187, in _do_bench_impl
    fn()
  File "/home/ywc/co-tilelang/tilelang/jit/adapter/base.py", line 100, in __call__
    return self.func(*args, **kwds)
           ^^^^^^^^^^^^^^^^^^^^^^^^
  File "/home/ywc/co-tilelang/tilelang/jit/adapter/tvm_ffi.py", line 330, in func
    result = self._get_executable()(*inputs, allocator_anchor)
             ^^^^^^^^^^^^^^^^^^^^^^^^^^^^^^^^^^^^^^^^^^^^^^^^^
  File "/home/ywc/mpk-env/lib/python3.12/site-packages/tvm_ffi/module.py", line 299, in __call__
    return self.main(*args)
           ^^^^^^^^^^^^^^^^
  File "python/tvm_ffi/cython/function.pxi", line 968, in tvm_ffi.core.Function.__call__
  File "<unknown>", line 0, in __tvm_ffi_main
  File "<unknown>", line 0, in __tvm_ffi_chunk_scan_fwd
  File "/home/ywc/co-tilelang/3rdparty/tvm/src/runtime/cuda/cuda_module.cc", line 271, in void tvm::runtime::CUDAWrappedFunc::operator()(tvm::ffi::PackedArgs, tvm::ffi::Any*, void**) const
    TVM_FFI_THROW(InternalError)
    
tvm.error.InternalError: Failed to set the allowed dynamic shared memory size to 150016

2026-09-24 15:02:47,430 WARNING:An error occurred while testing config {'block_M': 128, 'block_N': 64, 'block_K': 128, 'block_Dstate': 128, 'num_stages': 3}, checkout autotuner.log for more details
2026-09-24 15:02:47,430 DEBUG:Error: Traceback (most recent call last):
  File "/home/ywc/co-tilelang/tilelang/autotuner/tuner.py", line 597, in _run_benchmark_target
    latency, worker_ref_latency = _call_benchmark_target(_jit_kernel, _worker_state)
                                  ^^^^^^^^^^^^^^^^^^^^^^^^^^^^^^^^^^^^^^^^^^^^^^^^^^
  File "/home/ywc/co-tilelang/tilelang/autotuner/tuner.py", line 569, in _call_benchmark_target
    return invoke()
           ^^^^^^^^
  File "/home/ywc/co-tilelang/tilelang/autotuner/tuner.py", line 560, in invoke
    return benchmark_target(
           ^^^^^^^^^^^^^^^^^
  File "/home/ywc/co-tilelang/tilelang/autotuner/tuner.py", line 717, in _benchmark_target
    latency = profiler.do_bench(
              ^^^^^^^^^^^^^^^^^^
  File "/home/ywc/co-tilelang/tilelang/profiler/__init__.py", line 281, in do_bench
    return run_bench()
           ^^^^^^^^^^^
  File "/home/ywc/co-tilelang/tilelang/profiler/__init__.py", line 267, in run_bench
    return do_bench(
           ^^^^^^^^^
  File "/home/ywc/co-tilelang/tilelang/profiler/bench.py", line 128, in do_bench
    return _do_bench_impl(
           ^^^^^^^^^^^^^^^
  File "/home/ywc/co-tilelang/tilelang/profiler/bench.py", line 187, in _do_bench_impl
    fn()
  File "/home/ywc/co-tilelang/tilelang/jit/adapter/base.py", line 100, in __call__
    return self.func(*args, **kwds)
           ^^^^^^^^^^^^^^^^^^^^^^^^
  File "/home/ywc/co-tilelang/tilelang/jit/adapter/tvm_ffi.py", line 330, in func
    result = self._get_executable()(*inputs, allocator_anchor)
             ^^^^^^^^^^^^^^^^^^^^^^^^^^^^^^^^^^^^^^^^^^^^^^^^^
  File "/home/ywc/mpk-env/lib/python3.12/site-packages/tvm_ffi/module.py", line 299, in __call__
    return self.main(*args)
           ^^^^^^^^^^^^^^^^
  File "python/tvm_ffi/cython/function.pxi", line 968, in tvm_ffi.core.Function.__call__
  File "<unknown>", line 0, in __tvm_ffi_main
  File "<unknown>", line 0, in __tvm_ffi_chunk_scan_fwd
  File "/home/ywc/co-tilelang/3rdparty/tvm/src/runtime/cuda/cuda_module.cc", line 271, in void tvm::runtime::CUDAWrappedFunc::operator()(tvm::ffi::PackedArgs, tvm::ffi::Any*, void**) const
    TVM_FFI_THROW(InternalError)
    
tvm.error.InternalError: Failed to set the allowed dynamic shared memory size to 199424

2026-09-24 15:02:47,430 WARNING:An error occurred while testing config {'block_M': 128, 'block_N': 64, 'block_K': 128, 'block_Dstate': 128, 'num_stages': 4}, checkout autotuner.log for more details
2026-09-24 15:02:47,430 DEBUG:Error: Traceback (most recent call last):
  File "/home/ywc/co-tilelang/tilelang/autotuner/tuner.py", line 597, in _run_benchmark_target
    latency, worker_ref_latency = _call_benchmark_target(_jit_kernel, _worker_state)
                                  ^^^^^^^^^^^^^^^^^^^^^^^^^^^^^^^^^^^^^^^^^^^^^^^^^^
  File "/home/ywc/co-tilelang/tilelang/autotuner/tuner.py", line 569, in _call_benchmark_target
    return invoke()
           ^^^^^^^^
  File "/home/ywc/co-tilelang/tilelang/autotuner/tuner.py", line 560, in invoke
    return benchmark_target(
           ^^^^^^^^^^^^^^^^^
  File "/home/ywc/co-tilelang/tilelang/autotuner/tuner.py", line 717, in _benchmark_target
    latency = profiler.do_bench(
              ^^^^^^^^^^^^^^^^^^
  File "/home/ywc/co-tilelang/tilelang/profiler/__init__.py", line 281, in do_bench
    return run_bench()
           ^^^^^^^^^^^
  File "/home/ywc/co-tilelang/tilelang/profiler/__init__.py", line 267, in run_bench
    return do_bench(
           ^^^^^^^^^
  File "/home/ywc/co-tilelang/tilelang/profiler/bench.py", line 128, in do_bench
    return _do_bench_impl(
           ^^^^^^^^^^^^^^^
  File "/home/ywc/co-tilelang/tilelang/profiler/bench.py", line 187, in _do_bench_impl
    fn()
  File "/home/ywc/co-tilelang/tilelang/jit/adapter/base.py", line 100, in __call__
    return self.func(*args, **kwds)
           ^^^^^^^^^^^^^^^^^^^^^^^^
  File "/home/ywc/co-tilelang/tilelang/jit/adapter/tvm_ffi.py", line 330, in func
    result = self._get_executable()(*inputs, allocator_anchor)
             ^^^^^^^^^^^^^^^^^^^^^^^^^^^^^^^^^^^^^^^^^^^^^^^^^
  File "/home/ywc/mpk-env/lib/python3.12/site-packages/tvm_ffi/module.py", line 299, in __call__
    return self.main(*args)
           ^^^^^^^^^^^^^^^^
  File "python/tvm_ffi/cython/function.pxi", line 968, in tvm_ffi.core.Function.__call__
  File "<unknown>", line 0, in __tvm_ffi_main
  File "<unknown>", line 0, in __tvm_ffi_chunk_scan_fwd
  File "/home/ywc/co-tilelang/3rdparty/tvm/src/runtime/cuda/cuda_module.cc", line 271, in void tvm::runtime::CUDAWrappedFunc::operator()(tvm::ffi::PackedArgs, tvm::ffi::Any*, void**) const
    TVM_FFI_THROW(InternalError)
    
tvm.error.InternalError: Failed to set the allowed dynamic shared memory size to 248832

2026-09-24 15:02:47,430 WARNING:An error occurred while testing config {'block_M': 128, 'block_N': 64, 'block_K': 128, 'block_Dstate': 128, 'num_stages': 5}, checkout autotuner.log for more details
2026-09-24 15:02:47,430 DEBUG:Error: Traceback (most recent call last):
  File "/home/ywc/co-tilelang/tilelang/autotuner/tuner.py", line 597, in _run_benchmark_target
    latency, worker_ref_latency = _call_benchmark_target(_jit_kernel, _worker_state)
                                  ^^^^^^^^^^^^^^^^^^^^^^^^^^^^^^^^^^^^^^^^^^^^^^^^^^
  File "/home/ywc/co-tilelang/tilelang/autotuner/tuner.py", line 569, in _call_benchmark_target
    return invoke()
           ^^^^^^^^
  File "/home/ywc/co-tilelang/tilelang/autotuner/tuner.py", line 560, in invoke
    return benchmark_target(
           ^^^^^^^^^^^^^^^^^
  File "/home/ywc/co-tilelang/tilelang/autotuner/tuner.py", line 717, in _benchmark_target
    latency = profiler.do_bench(
              ^^^^^^^^^^^^^^^^^^
  File "/home/ywc/co-tilelang/tilelang/profiler/__init__.py", line 281, in do_bench
    return run_bench()
           ^^^^^^^^^^^
  File "/home/ywc/co-tilelang/tilelang/profiler/__init__.py", line 267, in run_bench
    return do_bench(
           ^^^^^^^^^
  File "/home/ywc/co-tilelang/tilelang/profiler/bench.py", line 128, in do_bench
    return _do_bench_impl(
           ^^^^^^^^^^^^^^^
  File "/home/ywc/co-tilelang/tilelang/profiler/bench.py", line 187, in _do_bench_impl
    fn()
  File "/home/ywc/co-tilelang/tilelang/jit/adapter/base.py", line 100, in __call__
    return self.func(*args, **kwds)
           ^^^^^^^^^^^^^^^^^^^^^^^^
  File "/home/ywc/co-tilelang/tilelang/jit/adapter/tvm_ffi.py", line 330, in func
    result = self._get_executable()(*inputs, allocator_anchor)
             ^^^^^^^^^^^^^^^^^^^^^^^^^^^^^^^^^^^^^^^^^^^^^^^^^
  File "/home/ywc/mpk-env/lib/python3.12/site-packages/tvm_ffi/module.py", line 299, in __call__
    return self.main(*args)
           ^^^^^^^^^^^^^^^^
  File "python/tvm_ffi/cython/function.pxi", line 968, in tvm_ffi.core.Function.__call__
  File "<unknown>", line 0, in __tvm_ffi_main
  File "<unknown>", line 0, in __tvm_ffi_chunk_scan_fwd
  File "/home/ywc/co-tilelang/3rdparty/tvm/src/runtime/cuda/cuda_module.cc", line 271, in void tvm::runtime::CUDAWrappedFunc::operator()(tvm::ffi::PackedArgs, tvm::ffi::Any*, void**) const
    TVM_FFI_THROW(InternalError)
    
tvm.error.InternalError: Failed to set the allowed dynamic shared memory size to 299264

2026-09-24 15:02:47,430 WARNING:An error occurred while testing config {'block_M': 128, 'block_N': 64, 'block_K': 256, 'block_Dstate': 128, 'num_stages': 1}, checkout autotuner.log for more details
2026-09-24 15:02:47,430 DEBUG:Error: Traceback (most recent call last):
  File "/home/ywc/co-tilelang/tilelang/autotuner/tuner.py", line 597, in _run_benchmark_target
    latency, worker_ref_latency = _call_benchmark_target(_jit_kernel, _worker_state)
                                  ^^^^^^^^^^^^^^^^^^^^^^^^^^^^^^^^^^^^^^^^^^^^^^^^^^
  File "/home/ywc/co-tilelang/tilelang/autotuner/tuner.py", line 569, in _call_benchmark_target
    return invoke()
           ^^^^^^^^
  File "/home/ywc/co-tilelang/tilelang/autotuner/tuner.py", line 560, in invoke
    return benchmark_target(
           ^^^^^^^^^^^^^^^^^
  File "/home/ywc/co-tilelang/tilelang/autotuner/tuner.py", line 717, in _benchmark_target
    latency = profiler.do_bench(
              ^^^^^^^^^^^^^^^^^^
  File "/home/ywc/co-tilelang/tilelang/profiler/__init__.py", line 281, in do_bench
    return run_bench()
           ^^^^^^^^^^^
  File "/home/ywc/co-tilelang/tilelang/profiler/__init__.py", line 267, in run_bench
    return do_bench(
           ^^^^^^^^^
  File "/home/ywc/co-tilelang/tilelang/profiler/bench.py", line 128, in do_bench
    return _do_bench_impl(
           ^^^^^^^^^^^^^^^
  File "/home/ywc/co-tilelang/tilelang/profiler/bench.py", line 187, in _do_bench_impl
    fn()
  File "/home/ywc/co-tilelang/tilelang/jit/adapter/base.py", line 100, in __call__
    return self.func(*args, **kwds)
           ^^^^^^^^^^^^^^^^^^^^^^^^
  File "/home/ywc/co-tilelang/tilelang/jit/adapter/tvm_ffi.py", line 330, in func
    result = self._get_executable()(*inputs, allocator_anchor)
             ^^^^^^^^^^^^^^^^^^^^^^^^^^^^^^^^^^^^^^^^^^^^^^^^^
  File "/home/ywc/mpk-env/lib/python3.12/site-packages/tvm_ffi/module.py", line 299, in __call__
    return self.main(*args)
           ^^^^^^^^^^^^^^^^
  File "python/tvm_ffi/cython/function.pxi", line 968, in tvm_ffi.core.Function.__call__
  File "<unknown>", line 0, in __tvm_ffi_main
  File "<unknown>", line 0, in __tvm_ffi_chunk_scan_fwd
  File "/home/ywc/co-tilelang/3rdparty/tvm/src/runtime/cuda/cuda_module.cc", line 271, in void tvm::runtime::CUDAWrappedFunc::operator()(tvm::ffi::PackedArgs, tvm::ffi::Any*, void**) const
    TVM_FFI_THROW(InternalError)
    
tvm.error.InternalError: Failed to set the allowed dynamic shared memory size to 150528

2026-09-24 15:02:47,430 WARNING:An error occurred while testing config {'block_M': 128, 'block_N': 64, 'block_K': 256, 'block_Dstate': 128, 'num_stages': 2}, checkout autotuner.log for more details
2026-09-24 15:02:47,430 DEBUG:Error: Traceback (most recent call last):
  File "/home/ywc/co-tilelang/tilelang/autotuner/tuner.py", line 597, in _run_benchmark_target
    latency, worker_ref_latency = _call_benchmark_target(_jit_kernel, _worker_state)
                                  ^^^^^^^^^^^^^^^^^^^^^^^^^^^^^^^^^^^^^^^^^^^^^^^^^^
  File "/home/ywc/co-tilelang/tilelang/autotuner/tuner.py", line 569, in _call_benchmark_target
    return invoke()
           ^^^^^^^^
  File "/home/ywc/co-tilelang/tilelang/autotuner/tuner.py", line 560, in invoke
    return benchmark_target(
           ^^^^^^^^^^^^^^^^^
  File "/home/ywc/co-tilelang/tilelang/autotuner/tuner.py", line 717, in _benchmark_target
    latency = profiler.do_bench(
              ^^^^^^^^^^^^^^^^^^
  File "/home/ywc/co-tilelang/tilelang/profiler/__init__.py", line 281, in do_bench
    return run_bench()
           ^^^^^^^^^^^
  File "/home/ywc/co-tilelang/tilelang/profiler/__init__.py", line 267, in run_bench
    return do_bench(
           ^^^^^^^^^
  File "/home/ywc/co-tilelang/tilelang/profiler/bench.py", line 128, in do_bench
    return _do_bench_impl(
           ^^^^^^^^^^^^^^^
  File "/home/ywc/co-tilelang/tilelang/profiler/bench.py", line 187, in _do_bench_impl
    fn()
  File "/home/ywc/co-tilelang/tilelang/jit/adapter/base.py", line 100, in __call__
    return self.func(*args, **kwds)
           ^^^^^^^^^^^^^^^^^^^^^^^^
  File "/home/ywc/co-tilelang/tilelang/jit/adapter/tvm_ffi.py", line 330, in func
    result = self._get_executable()(*inputs, allocator_anchor)
             ^^^^^^^^^^^^^^^^^^^^^^^^^^^^^^^^^^^^^^^^^^^^^^^^^
  File "/home/ywc/mpk-env/lib/python3.12/site-packages/tvm_ffi/module.py", line 299, in __call__
    return self.main(*args)
           ^^^^^^^^^^^^^^^^
  File "python/tvm_ffi/cython/function.pxi", line 968, in tvm_ffi.core.Function.__call__
  File "<unknown>", line 0, in __tvm_ffi_main
  File "<unknown>", line 0, in __tvm_ffi_chunk_scan_fwd
  File "/home/ywc/co-tilelang/3rdparty/tvm/src/runtime/cuda/cuda_module.cc", line 271, in void tvm::runtime::CUDAWrappedFunc::operator()(tvm::ffi::PackedArgs, tvm::ffi::Any*, void**) const
    TVM_FFI_THROW(InternalError)
    
tvm.error.InternalError: Failed to set the allowed dynamic shared memory size to 248832

2026-09-24 15:02:47,430 WARNING:An error occurred while testing config {'block_M': 128, 'block_N': 64, 'block_K': 256, 'block_Dstate': 128, 'num_stages': 3}, checkout autotuner.log for more details
2026-09-24 15:02:47,430 DEBUG:Error: Traceback (most recent call last):
  File "/home/ywc/co-tilelang/tilelang/autotuner/tuner.py", line 597, in _run_benchmark_target
    latency, worker_ref_latency = _call_benchmark_target(_jit_kernel, _worker_state)
                                  ^^^^^^^^^^^^^^^^^^^^^^^^^^^^^^^^^^^^^^^^^^^^^^^^^^
  File "/home/ywc/co-tilelang/tilelang/autotuner/tuner.py", line 569, in _call_benchmark_target
    return invoke()
           ^^^^^^^^
  File "/home/ywc/co-tilelang/tilelang/autotuner/tuner.py", line 560, in invoke
    return benchmark_target(
           ^^^^^^^^^^^^^^^^^
  File "/home/ywc/co-tilelang/tilelang/autotuner/tuner.py", line 717, in _benchmark_target
    latency = profiler.do_bench(
              ^^^^^^^^^^^^^^^^^^
  File "/home/ywc/co-tilelang/tilelang/profiler/__init__.py", line 281, in do_bench
    return run_bench()
           ^^^^^^^^^^^
  File "/home/ywc/co-tilelang/tilelang/profiler/__init__.py", line 267, in run_bench
    return do_bench(
           ^^^^^^^^^
  File "/home/ywc/co-tilelang/tilelang/profiler/bench.py", line 128, in do_bench
    return _do_bench_impl(
           ^^^^^^^^^^^^^^^
  File "/home/ywc/co-tilelang/tilelang/profiler/bench.py", line 187, in _do_bench_impl
    fn()
  File "/home/ywc/co-tilelang/tilelang/jit/adapter/base.py", line 100, in __call__
    return self.func(*args, **kwds)
           ^^^^^^^^^^^^^^^^^^^^^^^^
  File "/home/ywc/co-tilelang/tilelang/jit/adapter/tvm_ffi.py", line 330, in func
    result = self._get_executable()(*inputs, allocator_anchor)
             ^^^^^^^^^^^^^^^^^^^^^^^^^^^^^^^^^^^^^^^^^^^^^^^^^
  File "/home/ywc/mpk-env/lib/python3.12/site-packages/tvm_ffi/module.py", line 299, in __call__
    return self.main(*args)
           ^^^^^^^^^^^^^^^^
  File "python/tvm_ffi/cython/function.pxi", line 968, in tvm_ffi.core.Function.__call__
  File "<unknown>", line 0, in __tvm_ffi_main
  File "<unknown>", line 0, in __tvm_ffi_chunk_scan_fwd
  File "/home/ywc/co-tilelang/3rdparty/tvm/src/runtime/cuda/cuda_module.cc", line 271, in void tvm::runtime::CUDAWrappedFunc::operator()(tvm::ffi::PackedArgs, tvm::ffi::Any*, void**) const
    TVM_FFI_THROW(InternalError)
    
tvm.error.InternalError: Failed to set the allowed dynamic shared memory size to 349184

2026-09-24 15:02:47,430 WARNING:An error occurred while testing config {'block_M': 128, 'block_N': 64, 'block_K': 256, 'block_Dstate': 128, 'num_stages': 4}, checkout autotuner.log for more details
2026-09-24 15:02:47,430 DEBUG:Error: Traceback (most recent call last):
  File "/home/ywc/co-tilelang/tilelang/autotuner/tuner.py", line 597, in _run_benchmark_target
    latency, worker_ref_latency = _call_benchmark_target(_jit_kernel, _worker_state)
                                  ^^^^^^^^^^^^^^^^^^^^^^^^^^^^^^^^^^^^^^^^^^^^^^^^^^
  File "/home/ywc/co-tilelang/tilelang/autotuner/tuner.py", line 569, in _call_benchmark_target
    return invoke()
           ^^^^^^^^
  File "/home/ywc/co-tilelang/tilelang/autotuner/tuner.py", line 560, in invoke
    return benchmark_target(
           ^^^^^^^^^^^^^^^^^
  File "/home/ywc/co-tilelang/tilelang/autotuner/tuner.py", line 717, in _benchmark_target
    latency = profiler.do_bench(
              ^^^^^^^^^^^^^^^^^^
  File "/home/ywc/co-tilelang/tilelang/profiler/__init__.py", line 281, in do_bench
    return run_bench()
           ^^^^^^^^^^^
  File "/home/ywc/co-tilelang/tilelang/profiler/__init__.py", line 267, in run_bench
    return do_bench(
           ^^^^^^^^^
  File "/home/ywc/co-tilelang/tilelang/profiler/bench.py", line 128, in do_bench
    return _do_bench_impl(
           ^^^^^^^^^^^^^^^
  File "/home/ywc/co-tilelang/tilelang/profiler/bench.py", line 187, in _do_bench_impl
    fn()
  File "/home/ywc/co-tilelang/tilelang/jit/adapter/base.py", line 100, in __call__
    return self.func(*args, **kwds)
           ^^^^^^^^^^^^^^^^^^^^^^^^
  File "/home/ywc/co-tilelang/tilelang/jit/adapter/tvm_ffi.py", line 330, in func
    result = self._get_executable()(*inputs, allocator_anchor)
             ^^^^^^^^^^^^^^^^^^^^^^^^^^^^^^^^^^^^^^^^^^^^^^^^^
  File "/home/ywc/mpk-env/lib/python3.12/site-packages/tvm_ffi/module.py", line 299, in __call__
    return self.main(*args)
           ^^^^^^^^^^^^^^^^
  File "python/tvm_ffi/cython/function.pxi", line 968, in tvm_ffi.core.Function.__call__
  File "<unknown>", line 0, in __tvm_ffi_main
  File "<unknown>", line 0, in __tvm_ffi_chunk_scan_fwd
  File "/home/ywc/co-tilelang/3rdparty/tvm/src/runtime/cuda/cuda_module.cc", line 271, in void tvm::runtime::CUDAWrappedFunc::operator()(tvm::ffi::PackedArgs, tvm::ffi::Any*, void**) const
    TVM_FFI_THROW(InternalError)
    
tvm.error.InternalError: Failed to set the allowed dynamic shared memory size to 447488

2026-09-24 15:02:47,430 WARNING:An error occurred while testing config {'block_M': 128, 'block_N': 64, 'block_K': 256, 'block_Dstate': 128, 'num_stages': 5}, checkout autotuner.log for more details
2026-09-24 15:02:47,430 DEBUG:Error: Traceback (most recent call last):
  File "/home/ywc/co-tilelang/tilelang/autotuner/tuner.py", line 597, in _run_benchmark_target
    latency, worker_ref_latency = _call_benchmark_target(_jit_kernel, _worker_state)
                                  ^^^^^^^^^^^^^^^^^^^^^^^^^^^^^^^^^^^^^^^^^^^^^^^^^^
  File "/home/ywc/co-tilelang/tilelang/autotuner/tuner.py", line 569, in _call_benchmark_target
    return invoke()
           ^^^^^^^^
  File "/home/ywc/co-tilelang/tilelang/autotuner/tuner.py", line 560, in invoke
    return benchmark_target(
           ^^^^^^^^^^^^^^^^^
  File "/home/ywc/co-tilelang/tilelang/autotuner/tuner.py", line 717, in _benchmark_target
    latency = profiler.do_bench(
              ^^^^^^^^^^^^^^^^^^
  File "/home/ywc/co-tilelang/tilelang/profiler/__init__.py", line 281, in do_bench
    return run_bench()
           ^^^^^^^^^^^
  File "/home/ywc/co-tilelang/tilelang/profiler/__init__.py", line 267, in run_bench
    return do_bench(
           ^^^^^^^^^
  File "/home/ywc/co-tilelang/tilelang/profiler/bench.py", line 128, in do_bench
    return _do_bench_impl(
           ^^^^^^^^^^^^^^^
  File "/home/ywc/co-tilelang/tilelang/profiler/bench.py", line 187, in _do_bench_impl
    fn()
  File "/home/ywc/co-tilelang/tilelang/jit/adapter/base.py", line 100, in __call__
    return self.func(*args, **kwds)
           ^^^^^^^^^^^^^^^^^^^^^^^^
  File "/home/ywc/co-tilelang/tilelang/jit/adapter/tvm_ffi.py", line 330, in func
    result = self._get_executable()(*inputs, allocator_anchor)
             ^^^^^^^^^^^^^^^^^^^^^^^^^^^^^^^^^^^^^^^^^^^^^^^^^
  File "/home/ywc/mpk-env/lib/python3.12/site-packages/tvm_ffi/module.py", line 299, in __call__
    return self.main(*args)
           ^^^^^^^^^^^^^^^^
  File "python/tvm_ffi/cython/function.pxi", line 968, in tvm_ffi.core.Function.__call__
  File "<unknown>", line 0, in __tvm_ffi_main
  File "<unknown>", line 0, in __tvm_ffi_chunk_scan_fwd
  File "/home/ywc/co-tilelang/3rdparty/tvm/src/runtime/cuda/cuda_module.cc", line 271, in void tvm::runtime::CUDAWrappedFunc::operator()(tvm::ffi::PackedArgs, tvm::ffi::Any*, void**) const
    TVM_FFI_THROW(InternalError)
    
tvm.error.InternalError: Failed to set the allowed dynamic shared memory size to 547840

2026-09-24 15:02:47,430 WARNING:An error occurred while testing config {'block_M': 256, 'block_N': 32, 'block_K': 64, 'block_Dstate': 128, 'num_stages': 1}, checkout autotuner.log for more details
2026-09-24 15:02:47,430 DEBUG:Error: Traceback (most recent call last):
  File "/home/ywc/co-tilelang/tilelang/autotuner/tuner.py", line 597, in _run_benchmark_target
    latency, worker_ref_latency = _call_benchmark_target(_jit_kernel, _worker_state)
                                  ^^^^^^^^^^^^^^^^^^^^^^^^^^^^^^^^^^^^^^^^^^^^^^^^^^
  File "/home/ywc/co-tilelang/tilelang/autotuner/tuner.py", line 569, in _call_benchmark_target
    return invoke()
           ^^^^^^^^
  File "/home/ywc/co-tilelang/tilelang/autotuner/tuner.py", line 560, in invoke
    return benchmark_target(
           ^^^^^^^^^^^^^^^^^
  File "/home/ywc/co-tilelang/tilelang/autotuner/tuner.py", line 717, in _benchmark_target
    latency = profiler.do_bench(
              ^^^^^^^^^^^^^^^^^^
  File "/home/ywc/co-tilelang/tilelang/profiler/__init__.py", line 281, in do_bench
    return run_bench()
           ^^^^^^^^^^^
  File "/home/ywc/co-tilelang/tilelang/profiler/__init__.py", line 267, in run_bench
    return do_bench(
           ^^^^^^^^^
  File "/home/ywc/co-tilelang/tilelang/profiler/bench.py", line 128, in do_bench
    return _do_bench_impl(
           ^^^^^^^^^^^^^^^
  File "/home/ywc/co-tilelang/tilelang/profiler/bench.py", line 187, in _do_bench_impl
    fn()
  File "/home/ywc/co-tilelang/tilelang/jit/adapter/base.py", line 100, in __call__
    return self.func(*args, **kwds)
           ^^^^^^^^^^^^^^^^^^^^^^^^
  File "/home/ywc/co-tilelang/tilelang/jit/adapter/tvm_ffi.py", line 330, in func
    result = self._get_executable()(*inputs, allocator_anchor)
             ^^^^^^^^^^^^^^^^^^^^^^^^^^^^^^^^^^^^^^^^^^^^^^^^^
  File "/home/ywc/mpk-env/lib/python3.12/site-packages/tvm_ffi/module.py", line 299, in __call__
    return self.main(*args)
           ^^^^^^^^^^^^^^^^
  File "python/tvm_ffi/cython/function.pxi", line 968, in tvm_ffi.core.Function.__call__
  File "<unknown>", line 0, in __tvm_ffi_main
  File "<unknown>", line 0, in __tvm_ffi_chunk_scan_fwd
  File "/home/ywc/co-tilelang/3rdparty/tvm/src/runtime/cuda/cuda_module.cc", line 271, in void tvm::runtime::CUDAWrappedFunc::operator()(tvm::ffi::PackedArgs, tvm::ffi::Any*, void**) const
    TVM_FFI_THROW(InternalError)
    
tvm.error.InternalError: Failed to set the allowed dynamic shared memory size to 112768

2026-09-24 15:02:47,430 WARNING:An error occurred while testing config {'block_M': 256, 'block_N': 32, 'block_K': 64, 'block_Dstate': 128, 'num_stages': 2}, checkout autotuner.log for more details
2026-09-24 15:02:47,430 DEBUG:Error: Traceback (most recent call last):
  File "/home/ywc/co-tilelang/tilelang/autotuner/tuner.py", line 597, in _run_benchmark_target
    latency, worker_ref_latency = _call_benchmark_target(_jit_kernel, _worker_state)
                                  ^^^^^^^^^^^^^^^^^^^^^^^^^^^^^^^^^^^^^^^^^^^^^^^^^^
  File "/home/ywc/co-tilelang/tilelang/autotuner/tuner.py", line 569, in _call_benchmark_target
    return invoke()
           ^^^^^^^^
  File "/home/ywc/co-tilelang/tilelang/autotuner/tuner.py", line 560, in invoke
    return benchmark_target(
           ^^^^^^^^^^^^^^^^^
  File "/home/ywc/co-tilelang/tilelang/autotuner/tuner.py", line 717, in _benchmark_target
    latency = profiler.do_bench(
              ^^^^^^^^^^^^^^^^^^
  File "/home/ywc/co-tilelang/tilelang/profiler/__init__.py", line 281, in do_bench
    return run_bench()
           ^^^^^^^^^^^
  File "/home/ywc/co-tilelang/tilelang/profiler/__init__.py", line 267, in run_bench
    return do_bench(
           ^^^^^^^^^
  File "/home/ywc/co-tilelang/tilelang/profiler/bench.py", line 128, in do_bench
    return _do_bench_impl(
           ^^^^^^^^^^^^^^^
  File "/home/ywc/co-tilelang/tilelang/profiler/bench.py", line 187, in _do_bench_impl
    fn()
  File "/home/ywc/co-tilelang/tilelang/jit/adapter/base.py", line 100, in __call__
    return self.func(*args, **kwds)
           ^^^^^^^^^^^^^^^^^^^^^^^^
  File "/home/ywc/co-tilelang/tilelang/jit/adapter/tvm_ffi.py", line 330, in func
    result = self._get_executable()(*inputs, allocator_anchor)
             ^^^^^^^^^^^^^^^^^^^^^^^^^^^^^^^^^^^^^^^^^^^^^^^^^
  File "/home/ywc/mpk-env/lib/python3.12/site-packages/tvm_ffi/module.py", line 299, in __call__
    return self.main(*args)
           ^^^^^^^^^^^^^^^^
  File "python/tvm_ffi/cython/function.pxi", line 968, in tvm_ffi.core.Function.__call__
  File "<unknown>", line 0, in __tvm_ffi_main
  File "<unknown>", line 0, in __tvm_ffi_chunk_scan_fwd
  File "/home/ywc/co-tilelang/3rdparty/tvm/src/runtime/cuda/cuda_module.cc", line 271, in void tvm::runtime::CUDAWrappedFunc::operator()(tvm::ffi::PackedArgs, tvm::ffi::Any*, void**) const
    TVM_FFI_THROW(InternalError)
    
tvm.error.InternalError: Failed to set the allowed dynamic shared memory size to 149760

2026-09-24 15:02:47,430 WARNING:An error occurred while testing config {'block_M': 256, 'block_N': 32, 'block_K': 64, 'block_Dstate': 128, 'num_stages': 3}, checkout autotuner.log for more details
2026-09-24 15:02:47,430 DEBUG:Error: Traceback (most recent call last):
  File "/home/ywc/co-tilelang/tilelang/autotuner/tuner.py", line 597, in _run_benchmark_target
    latency, worker_ref_latency = _call_benchmark_target(_jit_kernel, _worker_state)
                                  ^^^^^^^^^^^^^^^^^^^^^^^^^^^^^^^^^^^^^^^^^^^^^^^^^^
  File "/home/ywc/co-tilelang/tilelang/autotuner/tuner.py", line 569, in _call_benchmark_target
    return invoke()
           ^^^^^^^^
  File "/home/ywc/co-tilelang/tilelang/autotuner/tuner.py", line 560, in invoke
    return benchmark_target(
           ^^^^^^^^^^^^^^^^^
  File "/home/ywc/co-tilelang/tilelang/autotuner/tuner.py", line 717, in _benchmark_target
    latency = profiler.do_bench(
              ^^^^^^^^^^^^^^^^^^
  File "/home/ywc/co-tilelang/tilelang/profiler/__init__.py", line 281, in do_bench
    return run_bench()
           ^^^^^^^^^^^
  File "/home/ywc/co-tilelang/tilelang/profiler/__init__.py", line 267, in run_bench
    return do_bench(
           ^^^^^^^^^
  File "/home/ywc/co-tilelang/tilelang/profiler/bench.py", line 128, in do_bench
    return _do_bench_impl(
           ^^^^^^^^^^^^^^^
  File "/home/ywc/co-tilelang/tilelang/profiler/bench.py", line 187, in _do_bench_impl
    fn()
  File "/home/ywc/co-tilelang/tilelang/jit/adapter/base.py", line 100, in __call__
    return self.func(*args, **kwds)
           ^^^^^^^^^^^^^^^^^^^^^^^^
  File "/home/ywc/co-tilelang/tilelang/jit/adapter/tvm_ffi.py", line 330, in func
    result = self._get_executable()(*inputs, allocator_anchor)
             ^^^^^^^^^^^^^^^^^^^^^^^^^^^^^^^^^^^^^^^^^^^^^^^^^
  File "/home/ywc/mpk-env/lib/python3.12/site-packages/tvm_ffi/module.py", line 299, in __call__
    return self.main(*args)
           ^^^^^^^^^^^^^^^^
  File "python/tvm_ffi/cython/function.pxi", line 968, in tvm_ffi.core.Function.__call__
  File "<unknown>", line 0, in __tvm_ffi_main
  File "<unknown>", line 0, in __tvm_ffi_chunk_scan_fwd
  File "/home/ywc/co-tilelang/3rdparty/tvm/src/runtime/cuda/cuda_module.cc", line 271, in void tvm::runtime::CUDAWrappedFunc::operator()(tvm::ffi::PackedArgs, tvm::ffi::Any*, void**) const
    TVM_FFI_THROW(InternalError)
    
tvm.error.InternalError: Failed to set the allowed dynamic shared memory size to 186752

2026-09-24 15:02:47,430 WARNING:An error occurred while testing config {'block_M': 256, 'block_N': 32, 'block_K': 64, 'block_Dstate': 128, 'num_stages': 4}, checkout autotuner.log for more details
2026-09-24 15:02:47,430 DEBUG:Error: Traceback (most recent call last):
  File "/home/ywc/co-tilelang/tilelang/autotuner/tuner.py", line 597, in _run_benchmark_target
    latency, worker_ref_latency = _call_benchmark_target(_jit_kernel, _worker_state)
                                  ^^^^^^^^^^^^^^^^^^^^^^^^^^^^^^^^^^^^^^^^^^^^^^^^^^
  File "/home/ywc/co-tilelang/tilelang/autotuner/tuner.py", line 569, in _call_benchmark_target
    return invoke()
           ^^^^^^^^
  File "/home/ywc/co-tilelang/tilelang/autotuner/tuner.py", line 560, in invoke
    return benchmark_target(
           ^^^^^^^^^^^^^^^^^
  File "/home/ywc/co-tilelang/tilelang/autotuner/tuner.py", line 717, in _benchmark_target
    latency = profiler.do_bench(
              ^^^^^^^^^^^^^^^^^^
  File "/home/ywc/co-tilelang/tilelang/profiler/__init__.py", line 281, in do_bench
    return run_bench()
           ^^^^^^^^^^^
  File "/home/ywc/co-tilelang/tilelang/profiler/__init__.py", line 267, in run_bench
    return do_bench(
           ^^^^^^^^^
  File "/home/ywc/co-tilelang/tilelang/profiler/bench.py", line 128, in do_bench
    return _do_bench_impl(
           ^^^^^^^^^^^^^^^
  File "/home/ywc/co-tilelang/tilelang/profiler/bench.py", line 187, in _do_bench_impl
    fn()
  File "/home/ywc/co-tilelang/tilelang/jit/adapter/base.py", line 100, in __call__
    return self.func(*args, **kwds)
           ^^^^^^^^^^^^^^^^^^^^^^^^
  File "/home/ywc/co-tilelang/tilelang/jit/adapter/tvm_ffi.py", line 330, in func
    result = self._get_executable()(*inputs, allocator_anchor)
             ^^^^^^^^^^^^^^^^^^^^^^^^^^^^^^^^^^^^^^^^^^^^^^^^^
  File "/home/ywc/mpk-env/lib/python3.12/site-packages/tvm_ffi/module.py", line 299, in __call__
    return self.main(*args)
           ^^^^^^^^^^^^^^^^
  File "python/tvm_ffi/cython/function.pxi", line 968, in tvm_ffi.core.Function.__call__
  File "<unknown>", line 0, in __tvm_ffi_main
  File "<unknown>", line 0, in __tvm_ffi_chunk_scan_fwd
  File "/home/ywc/co-tilelang/3rdparty/tvm/src/runtime/cuda/cuda_module.cc", line 271, in void tvm::runtime::CUDAWrappedFunc::operator()(tvm::ffi::PackedArgs, tvm::ffi::Any*, void**) const
    TVM_FFI_THROW(InternalError)
    
tvm.error.InternalError: Failed to set the allowed dynamic shared memory size to 223744

2026-09-24 15:02:47,430 WARNING:An error occurred while testing config {'block_M': 256, 'block_N': 32, 'block_K': 64, 'block_Dstate': 128, 'num_stages': 5}, checkout autotuner.log for more details
2026-09-24 15:02:47,430 DEBUG:Error: Traceback (most recent call last):
  File "/home/ywc/co-tilelang/tilelang/autotuner/tuner.py", line 597, in _run_benchmark_target
    latency, worker_ref_latency = _call_benchmark_target(_jit_kernel, _worker_state)
                                  ^^^^^^^^^^^^^^^^^^^^^^^^^^^^^^^^^^^^^^^^^^^^^^^^^^
  File "/home/ywc/co-tilelang/tilelang/autotuner/tuner.py", line 569, in _call_benchmark_target
    return invoke()
           ^^^^^^^^
  File "/home/ywc/co-tilelang/tilelang/autotuner/tuner.py", line 560, in invoke
    return benchmark_target(
           ^^^^^^^^^^^^^^^^^
  File "/home/ywc/co-tilelang/tilelang/autotuner/tuner.py", line 717, in _benchmark_target
    latency = profiler.do_bench(
              ^^^^^^^^^^^^^^^^^^
  File "/home/ywc/co-tilelang/tilelang/profiler/__init__.py", line 281, in do_bench
    return run_bench()
           ^^^^^^^^^^^
  File "/home/ywc/co-tilelang/tilelang/profiler/__init__.py", line 267, in run_bench
    return do_bench(
           ^^^^^^^^^
  File "/home/ywc/co-tilelang/tilelang/profiler/bench.py", line 128, in do_bench
    return _do_bench_impl(
           ^^^^^^^^^^^^^^^
  File "/home/ywc/co-tilelang/tilelang/profiler/bench.py", line 187, in _do_bench_impl
    fn()
  File "/home/ywc/co-tilelang/tilelang/jit/adapter/base.py", line 100, in __call__
    return self.func(*args, **kwds)
           ^^^^^^^^^^^^^^^^^^^^^^^^
  File "/home/ywc/co-tilelang/tilelang/jit/adapter/tvm_ffi.py", line 330, in func
    result = self._get_executable()(*inputs, allocator_anchor)
             ^^^^^^^^^^^^^^^^^^^^^^^^^^^^^^^^^^^^^^^^^^^^^^^^^
  File "/home/ywc/mpk-env/lib/python3.12/site-packages/tvm_ffi/module.py", line 299, in __call__
    return self.main(*args)
           ^^^^^^^^^^^^^^^^
  File "python/tvm_ffi/cython/function.pxi", line 968, in tvm_ffi.core.Function.__call__
  File "<unknown>", line 0, in __tvm_ffi_main
  File "<unknown>", line 0, in __tvm_ffi_chunk_scan_fwd
  File "/home/ywc/co-tilelang/3rdparty/tvm/src/runtime/cuda/cuda_module.cc", line 271, in void tvm::runtime::CUDAWrappedFunc::operator()(tvm::ffi::PackedArgs, tvm::ffi::Any*, void**) const
    TVM_FFI_THROW(InternalError)
    
tvm.error.InternalError: Failed to set the allowed dynamic shared memory size to 260736

2026-09-24 15:02:47,446 WARNING:An error occurred while testing config {'block_M': 256, 'block_N': 32, 'block_K': 128, 'block_Dstate': 128, 'num_stages': 1}, checkout autotuner.log for more details
2026-09-24 15:02:47,447 DEBUG:Error: Traceback (most recent call last):
  File "/home/ywc/co-tilelang/tilelang/autotuner/tuner.py", line 597, in _run_benchmark_target
    latency, worker_ref_latency = _call_benchmark_target(_jit_kernel, _worker_state)
                                  ^^^^^^^^^^^^^^^^^^^^^^^^^^^^^^^^^^^^^^^^^^^^^^^^^^
  File "/home/ywc/co-tilelang/tilelang/autotuner/tuner.py", line 569, in _call_benchmark_target
    return invoke()
           ^^^^^^^^
  File "/home/ywc/co-tilelang/tilelang/autotuner/tuner.py", line 560, in invoke
    return benchmark_target(
           ^^^^^^^^^^^^^^^^^
  File "/home/ywc/co-tilelang/tilelang/autotuner/tuner.py", line 717, in _benchmark_target
    latency = profiler.do_bench(
              ^^^^^^^^^^^^^^^^^^
  File "/home/ywc/co-tilelang/tilelang/profiler/__init__.py", line 281, in do_bench
    return run_bench()
           ^^^^^^^^^^^
  File "/home/ywc/co-tilelang/tilelang/profiler/__init__.py", line 267, in run_bench
    return do_bench(
           ^^^^^^^^^
  File "/home/ywc/co-tilelang/tilelang/profiler/bench.py", line 128, in do_bench
    return _do_bench_impl(
           ^^^^^^^^^^^^^^^
  File "/home/ywc/co-tilelang/tilelang/profiler/bench.py", line 187, in _do_bench_impl
    fn()
  File "/home/ywc/co-tilelang/tilelang/jit/adapter/base.py", line 100, in __call__
    return self.func(*args, **kwds)
           ^^^^^^^^^^^^^^^^^^^^^^^^
  File "/home/ywc/co-tilelang/tilelang/jit/adapter/tvm_ffi.py", line 330, in func
    result = self._get_executable()(*inputs, allocator_anchor)
             ^^^^^^^^^^^^^^^^^^^^^^^^^^^^^^^^^^^^^^^^^^^^^^^^^
  File "/home/ywc/mpk-env/lib/python3.12/site-packages/tvm_ffi/module.py", line 299, in __call__
    return self.main(*args)
           ^^^^^^^^^^^^^^^^
  File "python/tvm_ffi/cython/function.pxi", line 968, in tvm_ffi.core.Function.__call__
  File "<unknown>", line 0, in __tvm_ffi_main
  File "<unknown>", line 0, in __tvm_ffi_chunk_scan_fwd
  File "/home/ywc/co-tilelang/3rdparty/tvm/src/runtime/cuda/cuda_module.cc", line 271, in void tvm::runtime::CUDAWrappedFunc::operator()(tvm::ffi::PackedArgs, tvm::ffi::Any*, void**) const
    TVM_FFI_THROW(InternalError)
    
tvm.error.InternalError: Failed to set the allowed dynamic shared memory size to 149760

2026-09-24 15:02:47,458 WARNING:An error occurred while testing config {'block_M': 256, 'block_N': 32, 'block_K': 128, 'block_Dstate': 128, 'num_stages': 2}, checkout autotuner.log for more details
2026-09-24 15:02:47,459 DEBUG:Error: Traceback (most recent call last):
  File "/home/ywc/co-tilelang/tilelang/autotuner/tuner.py", line 597, in _run_benchmark_target
    latency, worker_ref_latency = _call_benchmark_target(_jit_kernel, _worker_state)
                                  ^^^^^^^^^^^^^^^^^^^^^^^^^^^^^^^^^^^^^^^^^^^^^^^^^^
  File "/home/ywc/co-tilelang/tilelang/autotuner/tuner.py", line 569, in _call_benchmark_target
    return invoke()
           ^^^^^^^^
  File "/home/ywc/co-tilelang/tilelang/autotuner/tuner.py", line 560, in invoke
    return benchmark_target(
           ^^^^^^^^^^^^^^^^^
  File "/home/ywc/co-tilelang/tilelang/autotuner/tuner.py", line 717, in _benchmark_target
    latency = profiler.do_bench(
              ^^^^^^^^^^^^^^^^^^
  File "/home/ywc/co-tilelang/tilelang/profiler/__init__.py", line 281, in do_bench
    return run_bench()
           ^^^^^^^^^^^
  File "/home/ywc/co-tilelang/tilelang/profiler/__init__.py", line 267, in run_bench
    return do_bench(
           ^^^^^^^^^
  File "/home/ywc/co-tilelang/tilelang/profiler/bench.py", line 128, in do_bench
    return _do_bench_impl(
           ^^^^^^^^^^^^^^^
  File "/home/ywc/co-tilelang/tilelang/profiler/bench.py", line 187, in _do_bench_impl
    fn()
  File "/home/ywc/co-tilelang/tilelang/jit/adapter/base.py", line 100, in __call__
    return self.func(*args, **kwds)
           ^^^^^^^^^^^^^^^^^^^^^^^^
  File "/home/ywc/co-tilelang/tilelang/jit/adapter/tvm_ffi.py", line 330, in func
    result = self._get_executable()(*inputs, allocator_anchor)
             ^^^^^^^^^^^^^^^^^^^^^^^^^^^^^^^^^^^^^^^^^^^^^^^^^
  File "/home/ywc/mpk-env/lib/python3.12/site-packages/tvm_ffi/module.py", line 299, in __call__
    return self.main(*args)
           ^^^^^^^^^^^^^^^^
  File "python/tvm_ffi/cython/function.pxi", line 968, in tvm_ffi.core.Function.__call__
  File "<unknown>", line 0, in __tvm_ffi_main
  File "<unknown>", line 0, in __tvm_ffi_chunk_scan_fwd
  File "/home/ywc/co-tilelang/3rdparty/tvm/src/runtime/cuda/cuda_module.cc", line 271, in void tvm::runtime::CUDAWrappedFunc::operator()(tvm::ffi::PackedArgs, tvm::ffi::Any*, void**) const
    TVM_FFI_THROW(InternalError)
    
tvm.error.InternalError: Failed to set the allowed dynamic shared memory size to 223744

2026-09-24 15:02:47,463 WARNING:An error occurred while testing config {'block_M': 256, 'block_N': 32, 'block_K': 128, 'block_Dstate': 128, 'num_stages': 3}, checkout autotuner.log for more details
2026-09-24 15:02:47,463 DEBUG:Error: Traceback (most recent call last):
  File "/home/ywc/co-tilelang/tilelang/autotuner/tuner.py", line 597, in _run_benchmark_target
    latency, worker_ref_latency = _call_benchmark_target(_jit_kernel, _worker_state)
                                  ^^^^^^^^^^^^^^^^^^^^^^^^^^^^^^^^^^^^^^^^^^^^^^^^^^
  File "/home/ywc/co-tilelang/tilelang/autotuner/tuner.py", line 569, in _call_benchmark_target
    return invoke()
           ^^^^^^^^
  File "/home/ywc/co-tilelang/tilelang/autotuner/tuner.py", line 560, in invoke
    return benchmark_target(
           ^^^^^^^^^^^^^^^^^
  File "/home/ywc/co-tilelang/tilelang/autotuner/tuner.py", line 717, in _benchmark_target
    latency = profiler.do_bench(
              ^^^^^^^^^^^^^^^^^^
  File "/home/ywc/co-tilelang/tilelang/profiler/__init__.py", line 281, in do_bench
    return run_bench()
           ^^^^^^^^^^^
  File "/home/ywc/co-tilelang/tilelang/profiler/__init__.py", line 267, in run_bench
    return do_bench(
           ^^^^^^^^^
  File "/home/ywc/co-tilelang/tilelang/profiler/bench.py", line 128, in do_bench
    return _do_bench_impl(
           ^^^^^^^^^^^^^^^
  File "/home/ywc/co-tilelang/tilelang/profiler/bench.py", line 187, in _do_bench_impl
    fn()
  File "/home/ywc/co-tilelang/tilelang/jit/adapter/base.py", line 100, in __call__
    return self.func(*args, **kwds)
           ^^^^^^^^^^^^^^^^^^^^^^^^
  File "/home/ywc/co-tilelang/tilelang/jit/adapter/tvm_ffi.py", line 330, in func
    result = self._get_executable()(*inputs, allocator_anchor)
             ^^^^^^^^^^^^^^^^^^^^^^^^^^^^^^^^^^^^^^^^^^^^^^^^^
  File "/home/ywc/mpk-env/lib/python3.12/site-packages/tvm_ffi/module.py", line 299, in __call__
    return self.main(*args)
           ^^^^^^^^^^^^^^^^
  File "python/tvm_ffi/cython/function.pxi", line 968, in tvm_ffi.core.Function.__call__
  File "<unknown>", line 0, in __tvm_ffi_main
  File "<unknown>", line 0, in __tvm_ffi_chunk_scan_fwd
  File "/home/ywc/co-tilelang/3rdparty/tvm/src/runtime/cuda/cuda_module.cc", line 271, in void tvm::runtime::CUDAWrappedFunc::operator()(tvm::ffi::PackedArgs, tvm::ffi::Any*, void**) const
    TVM_FFI_THROW(InternalError)
    
tvm.error.InternalError: Failed to set the allowed dynamic shared memory size to 297728

2026-09-24 15:02:47,490 WARNING:An error occurred while testing config {'block_M': 256, 'block_N': 32, 'block_K': 128, 'block_Dstate': 128, 'num_stages': 4}, checkout autotuner.log for more details
2026-09-24 15:02:47,490 DEBUG:Error: Traceback (most recent call last):
  File "/home/ywc/co-tilelang/tilelang/autotuner/tuner.py", line 597, in _run_benchmark_target
    latency, worker_ref_latency = _call_benchmark_target(_jit_kernel, _worker_state)
                                  ^^^^^^^^^^^^^^^^^^^^^^^^^^^^^^^^^^^^^^^^^^^^^^^^^^
  File "/home/ywc/co-tilelang/tilelang/autotuner/tuner.py", line 569, in _call_benchmark_target
    return invoke()
           ^^^^^^^^
  File "/home/ywc/co-tilelang/tilelang/autotuner/tuner.py", line 560, in invoke
    return benchmark_target(
           ^^^^^^^^^^^^^^^^^
  File "/home/ywc/co-tilelang/tilelang/autotuner/tuner.py", line 717, in _benchmark_target
    latency = profiler.do_bench(
              ^^^^^^^^^^^^^^^^^^
  File "/home/ywc/co-tilelang/tilelang/profiler/__init__.py", line 281, in do_bench
    return run_bench()
           ^^^^^^^^^^^
  File "/home/ywc/co-tilelang/tilelang/profiler/__init__.py", line 267, in run_bench
    return do_bench(
           ^^^^^^^^^
  File "/home/ywc/co-tilelang/tilelang/profiler/bench.py", line 128, in do_bench
    return _do_bench_impl(
           ^^^^^^^^^^^^^^^
  File "/home/ywc/co-tilelang/tilelang/profiler/bench.py", line 187, in _do_bench_impl
    fn()
  File "/home/ywc/co-tilelang/tilelang/jit/adapter/base.py", line 100, in __call__
    return self.func(*args, **kwds)
           ^^^^^^^^^^^^^^^^^^^^^^^^
  File "/home/ywc/co-tilelang/tilelang/jit/adapter/tvm_ffi.py", line 330, in func
    result = self._get_executable()(*inputs, allocator_anchor)
             ^^^^^^^^^^^^^^^^^^^^^^^^^^^^^^^^^^^^^^^^^^^^^^^^^
  File "/home/ywc/mpk-env/lib/python3.12/site-packages/tvm_ffi/module.py", line 299, in __call__
    return self.main(*args)
           ^^^^^^^^^^^^^^^^
  File "python/tvm_ffi/cython/function.pxi", line 968, in tvm_ffi.core.Function.__call__
  File "<unknown>", line 0, in __tvm_ffi_main
  File "<unknown>", line 0, in __tvm_ffi_chunk_scan_fwd
  File "/home/ywc/co-tilelang/3rdparty/tvm/src/runtime/cuda/cuda_module.cc", line 271, in void tvm::runtime::CUDAWrappedFunc::operator()(tvm::ffi::PackedArgs, tvm::ffi::Any*, void**) const
    TVM_FFI_THROW(InternalError)
    
tvm.error.InternalError: Failed to set the allowed dynamic shared memory size to 371712

2026-09-24 15:02:47,503 WARNING:An error occurred while testing config {'block_M': 256, 'block_N': 32, 'block_K': 128, 'block_Dstate': 128, 'num_stages': 5}, checkout autotuner.log for more details
2026-09-24 15:02:47,504 DEBUG:Error: Traceback (most recent call last):
  File "/home/ywc/co-tilelang/tilelang/autotuner/tuner.py", line 597, in _run_benchmark_target
    latency, worker_ref_latency = _call_benchmark_target(_jit_kernel, _worker_state)
                                  ^^^^^^^^^^^^^^^^^^^^^^^^^^^^^^^^^^^^^^^^^^^^^^^^^^
  File "/home/ywc/co-tilelang/tilelang/autotuner/tuner.py", line 569, in _call_benchmark_target
    return invoke()
           ^^^^^^^^
  File "/home/ywc/co-tilelang/tilelang/autotuner/tuner.py", line 560, in invoke
    return benchmark_target(
           ^^^^^^^^^^^^^^^^^
  File "/home/ywc/co-tilelang/tilelang/autotuner/tuner.py", line 717, in _benchmark_target
    latency = profiler.do_bench(
              ^^^^^^^^^^^^^^^^^^
  File "/home/ywc/co-tilelang/tilelang/profiler/__init__.py", line 281, in do_bench
    return run_bench()
           ^^^^^^^^^^^
  File "/home/ywc/co-tilelang/tilelang/profiler/__init__.py", line 267, in run_bench
    return do_bench(
           ^^^^^^^^^
  File "/home/ywc/co-tilelang/tilelang/profiler/bench.py", line 128, in do_bench
    return _do_bench_impl(
           ^^^^^^^^^^^^^^^
  File "/home/ywc/co-tilelang/tilelang/profiler/bench.py", line 187, in _do_bench_impl
    fn()
  File "/home/ywc/co-tilelang/tilelang/jit/adapter/base.py", line 100, in __call__
    return self.func(*args, **kwds)
           ^^^^^^^^^^^^^^^^^^^^^^^^
  File "/home/ywc/co-tilelang/tilelang/jit/adapter/tvm_ffi.py", line 330, in func
    result = self._get_executable()(*inputs, allocator_anchor)
             ^^^^^^^^^^^^^^^^^^^^^^^^^^^^^^^^^^^^^^^^^^^^^^^^^
  File "/home/ywc/mpk-env/lib/python3.12/site-packages/tvm_ffi/module.py", line 299, in __call__
    return self.main(*args)
           ^^^^^^^^^^^^^^^^
  File "python/tvm_ffi/cython/function.pxi", line 968, in tvm_ffi.core.Function.__call__
  File "<unknown>", line 0, in __tvm_ffi_main
  File "<unknown>", line 0, in __tvm_ffi_chunk_scan_fwd
  File "/home/ywc/co-tilelang/3rdparty/tvm/src/runtime/cuda/cuda_module.cc", line 271, in void tvm::runtime::CUDAWrappedFunc::operator()(tvm::ffi::PackedArgs, tvm::ffi::Any*, void**) const
    TVM_FFI_THROW(InternalError)
    
tvm.error.InternalError: Failed to set the allowed dynamic shared memory size to 446720

2026-09-24 15:02:47,509 WARNING:An error occurred while testing config {'block_M': 256, 'block_N': 32, 'block_K': 256, 'block_Dstate': 128, 'num_stages': 1}, checkout autotuner.log for more details
2026-09-24 15:02:47,509 DEBUG:Error: Traceback (most recent call last):
  File "/home/ywc/co-tilelang/tilelang/autotuner/tuner.py", line 597, in _run_benchmark_target
    latency, worker_ref_latency = _call_benchmark_target(_jit_kernel, _worker_state)
                                  ^^^^^^^^^^^^^^^^^^^^^^^^^^^^^^^^^^^^^^^^^^^^^^^^^^
  File "/home/ywc/co-tilelang/tilelang/autotuner/tuner.py", line 569, in _call_benchmark_target
    return invoke()
           ^^^^^^^^
  File "/home/ywc/co-tilelang/tilelang/autotuner/tuner.py", line 560, in invoke
    return benchmark_target(
           ^^^^^^^^^^^^^^^^^
  File "/home/ywc/co-tilelang/tilelang/autotuner/tuner.py", line 717, in _benchmark_target
    latency = profiler.do_bench(
              ^^^^^^^^^^^^^^^^^^
  File "/home/ywc/co-tilelang/tilelang/profiler/__init__.py", line 281, in do_bench
    return run_bench()
           ^^^^^^^^^^^
  File "/home/ywc/co-tilelang/tilelang/profiler/__init__.py", line 267, in run_bench
    return do_bench(
           ^^^^^^^^^
  File "/home/ywc/co-tilelang/tilelang/profiler/bench.py", line 128, in do_bench
    return _do_bench_impl(
           ^^^^^^^^^^^^^^^
  File "/home/ywc/co-tilelang/tilelang/profiler/bench.py", line 187, in _do_bench_impl
    fn()
  File "/home/ywc/co-tilelang/tilelang/jit/adapter/base.py", line 100, in __call__
    return self.func(*args, **kwds)
           ^^^^^^^^^^^^^^^^^^^^^^^^
  File "/home/ywc/co-tilelang/tilelang/jit/adapter/tvm_ffi.py", line 330, in func
    result = self._get_executable()(*inputs, allocator_anchor)
             ^^^^^^^^^^^^^^^^^^^^^^^^^^^^^^^^^^^^^^^^^^^^^^^^^
  File "/home/ywc/mpk-env/lib/python3.12/site-packages/tvm_ffi/module.py", line 299, in __call__
    return self.main(*args)
           ^^^^^^^^^^^^^^^^
  File "python/tvm_ffi/cython/function.pxi", line 968, in tvm_ffi.core.Function.__call__
  File "<unknown>", line 0, in __tvm_ffi_main
  File "<unknown>", line 0, in __tvm_ffi_chunk_scan_fwd
  File "/home/ywc/co-tilelang/3rdparty/tvm/src/runtime/cuda/cuda_module.cc", line 271, in void tvm::runtime::CUDAWrappedFunc::operator()(tvm::ffi::PackedArgs, tvm::ffi::Any*, void**) const
    TVM_FFI_THROW(InternalError)
    
tvm.error.InternalError: Failed to set the allowed dynamic shared memory size to 223744

2026-09-24 15:02:47,512 WARNING:An error occurred while testing config {'block_M': 256, 'block_N': 32, 'block_K': 256, 'block_Dstate': 128, 'num_stages': 2}, checkout autotuner.log for more details
2026-09-24 15:02:47,513 DEBUG:Error: Traceback (most recent call last):
  File "/home/ywc/co-tilelang/tilelang/autotuner/tuner.py", line 597, in _run_benchmark_target
    latency, worker_ref_latency = _call_benchmark_target(_jit_kernel, _worker_state)
                                  ^^^^^^^^^^^^^^^^^^^^^^^^^^^^^^^^^^^^^^^^^^^^^^^^^^
  File "/home/ywc/co-tilelang/tilelang/autotuner/tuner.py", line 569, in _call_benchmark_target
    return invoke()
           ^^^^^^^^
  File "/home/ywc/co-tilelang/tilelang/autotuner/tuner.py", line 560, in invoke
    return benchmark_target(
           ^^^^^^^^^^^^^^^^^
  File "/home/ywc/co-tilelang/tilelang/autotuner/tuner.py", line 717, in _benchmark_target
    latency = profiler.do_bench(
              ^^^^^^^^^^^^^^^^^^
  File "/home/ywc/co-tilelang/tilelang/profiler/__init__.py", line 281, in do_bench
    return run_bench()
           ^^^^^^^^^^^
  File "/home/ywc/co-tilelang/tilelang/profiler/__init__.py", line 267, in run_bench
    return do_bench(
           ^^^^^^^^^
  File "/home/ywc/co-tilelang/tilelang/profiler/bench.py", line 128, in do_bench
    return _do_bench_impl(
           ^^^^^^^^^^^^^^^
  File "/home/ywc/co-tilelang/tilelang/profiler/bench.py", line 187, in _do_bench_impl
    fn()
  File "/home/ywc/co-tilelang/tilelang/jit/adapter/base.py", line 100, in __call__
    return self.func(*args, **kwds)
           ^^^^^^^^^^^^^^^^^^^^^^^^
  File "/home/ywc/co-tilelang/tilelang/jit/adapter/tvm_ffi.py", line 330, in func
    result = self._get_executable()(*inputs, allocator_anchor)
             ^^^^^^^^^^^^^^^^^^^^^^^^^^^^^^^^^^^^^^^^^^^^^^^^^
  File "/home/ywc/mpk-env/lib/python3.12/site-packages/tvm_ffi/module.py", line 299, in __call__
    return self.main(*args)
           ^^^^^^^^^^^^^^^^
  File "python/tvm_ffi/cython/function.pxi", line 968, in tvm_ffi.core.Function.__call__
  File "<unknown>", line 0, in __tvm_ffi_main
  File "<unknown>", line 0, in __tvm_ffi_chunk_scan_fwd
  File "/home/ywc/co-tilelang/3rdparty/tvm/src/runtime/cuda/cuda_module.cc", line 271, in void tvm::runtime::CUDAWrappedFunc::operator()(tvm::ffi::PackedArgs, tvm::ffi::Any*, void**) const
    TVM_FFI_THROW(InternalError)
    
tvm.error.InternalError: Failed to set the allowed dynamic shared memory size to 371712

2026-09-24 15:02:47,516 WARNING:An error occurred while testing config {'block_M': 256, 'block_N': 32, 'block_K': 256, 'block_Dstate': 128, 'num_stages': 3}, checkout autotuner.log for more details
2026-09-24 15:02:47,516 DEBUG:Error: Traceback (most recent call last):
  File "/home/ywc/co-tilelang/tilelang/autotuner/tuner.py", line 597, in _run_benchmark_target
    latency, worker_ref_latency = _call_benchmark_target(_jit_kernel, _worker_state)
                                  ^^^^^^^^^^^^^^^^^^^^^^^^^^^^^^^^^^^^^^^^^^^^^^^^^^
  File "/home/ywc/co-tilelang/tilelang/autotuner/tuner.py", line 569, in _call_benchmark_target
    return invoke()
           ^^^^^^^^
  File "/home/ywc/co-tilelang/tilelang/autotuner/tuner.py", line 560, in invoke
    return benchmark_target(
           ^^^^^^^^^^^^^^^^^
  File "/home/ywc/co-tilelang/tilelang/autotuner/tuner.py", line 717, in _benchmark_target
    latency = profiler.do_bench(
              ^^^^^^^^^^^^^^^^^^
  File "/home/ywc/co-tilelang/tilelang/profiler/__init__.py", line 281, in do_bench
    return run_bench()
           ^^^^^^^^^^^
  File "/home/ywc/co-tilelang/tilelang/profiler/__init__.py", line 267, in run_bench
    return do_bench(
           ^^^^^^^^^
  File "/home/ywc/co-tilelang/tilelang/profiler/bench.py", line 128, in do_bench
    return _do_bench_impl(
           ^^^^^^^^^^^^^^^
  File "/home/ywc/co-tilelang/tilelang/profiler/bench.py", line 187, in _do_bench_impl
    fn()
  File "/home/ywc/co-tilelang/tilelang/jit/adapter/base.py", line 100, in __call__
    return self.func(*args, **kwds)
           ^^^^^^^^^^^^^^^^^^^^^^^^
  File "/home/ywc/co-tilelang/tilelang/jit/adapter/tvm_ffi.py", line 330, in func
    result = self._get_executable()(*inputs, allocator_anchor)
             ^^^^^^^^^^^^^^^^^^^^^^^^^^^^^^^^^^^^^^^^^^^^^^^^^
  File "/home/ywc/mpk-env/lib/python3.12/site-packages/tvm_ffi/module.py", line 299, in __call__
    return self.main(*args)
           ^^^^^^^^^^^^^^^^
  File "python/tvm_ffi/cython/function.pxi", line 968, in tvm_ffi.core.Function.__call__
  File "<unknown>", line 0, in __tvm_ffi_main
  File "<unknown>", line 0, in __tvm_ffi_chunk_scan_fwd
  File "/home/ywc/co-tilelang/3rdparty/tvm/src/runtime/cuda/cuda_module.cc", line 271, in void tvm::runtime::CUDAWrappedFunc::operator()(tvm::ffi::PackedArgs, tvm::ffi::Any*, void**) const
    TVM_FFI_THROW(InternalError)
    
tvm.error.InternalError: Failed to set the allowed dynamic shared memory size to 520704

2026-09-24 15:02:47,519 WARNING:An error occurred while testing config {'block_M': 256, 'block_N': 32, 'block_K': 256, 'block_Dstate': 128, 'num_stages': 4}, checkout autotuner.log for more details
2026-09-24 15:02:47,519 DEBUG:Error: Traceback (most recent call last):
  File "/home/ywc/co-tilelang/tilelang/autotuner/tuner.py", line 597, in _run_benchmark_target
    latency, worker_ref_latency = _call_benchmark_target(_jit_kernel, _worker_state)
                                  ^^^^^^^^^^^^^^^^^^^^^^^^^^^^^^^^^^^^^^^^^^^^^^^^^^
  File "/home/ywc/co-tilelang/tilelang/autotuner/tuner.py", line 569, in _call_benchmark_target
    return invoke()
           ^^^^^^^^
  File "/home/ywc/co-tilelang/tilelang/autotuner/tuner.py", line 560, in invoke
    return benchmark_target(
           ^^^^^^^^^^^^^^^^^
  File "/home/ywc/co-tilelang/tilelang/autotuner/tuner.py", line 717, in _benchmark_target
    latency = profiler.do_bench(
              ^^^^^^^^^^^^^^^^^^
  File "/home/ywc/co-tilelang/tilelang/profiler/__init__.py", line 281, in do_bench
    return run_bench()
           ^^^^^^^^^^^
  File "/home/ywc/co-tilelang/tilelang/profiler/__init__.py", line 267, in run_bench
    return do_bench(
           ^^^^^^^^^
  File "/home/ywc/co-tilelang/tilelang/profiler/bench.py", line 128, in do_bench
    return _do_bench_impl(
           ^^^^^^^^^^^^^^^
  File "/home/ywc/co-tilelang/tilelang/profiler/bench.py", line 187, in _do_bench_impl
    fn()
  File "/home/ywc/co-tilelang/tilelang/jit/adapter/base.py", line 100, in __call__
    return self.func(*args, **kwds)
           ^^^^^^^^^^^^^^^^^^^^^^^^
  File "/home/ywc/co-tilelang/tilelang/jit/adapter/tvm_ffi.py", line 330, in func
    result = self._get_executable()(*inputs, allocator_anchor)
             ^^^^^^^^^^^^^^^^^^^^^^^^^^^^^^^^^^^^^^^^^^^^^^^^^
  File "/home/ywc/mpk-env/lib/python3.12/site-packages/tvm_ffi/module.py", line 299, in __call__
    return self.main(*args)
           ^^^^^^^^^^^^^^^^
  File "python/tvm_ffi/cython/function.pxi", line 968, in tvm_ffi.core.Function.__call__
  File "<unknown>", line 0, in __tvm_ffi_main
  File "<unknown>", line 0, in __tvm_ffi_chunk_scan_fwd
  File "/home/ywc/co-tilelang/3rdparty/tvm/src/runtime/cuda/cuda_module.cc", line 271, in void tvm::runtime::CUDAWrappedFunc::operator()(tvm::ffi::PackedArgs, tvm::ffi::Any*, void**) const
    TVM_FFI_THROW(InternalError)
    
tvm.error.InternalError: Failed to set the allowed dynamic shared memory size to 668672

2026-09-24 15:02:47,522 WARNING:An error occurred while testing config {'block_M': 256, 'block_N': 64, 'block_K': 64, 'block_Dstate': 128, 'num_stages': 1}, checkout autotuner.log for more details
2026-09-24 15:02:47,522 DEBUG:Error: Traceback (most recent call last):
  File "/home/ywc/co-tilelang/tilelang/autotuner/tuner.py", line 597, in _run_benchmark_target
    latency, worker_ref_latency = _call_benchmark_target(_jit_kernel, _worker_state)
                                  ^^^^^^^^^^^^^^^^^^^^^^^^^^^^^^^^^^^^^^^^^^^^^^^^^^
  File "/home/ywc/co-tilelang/tilelang/autotuner/tuner.py", line 569, in _call_benchmark_target
    return invoke()
           ^^^^^^^^
  File "/home/ywc/co-tilelang/tilelang/autotuner/tuner.py", line 560, in invoke
    return benchmark_target(
           ^^^^^^^^^^^^^^^^^
  File "/home/ywc/co-tilelang/tilelang/autotuner/tuner.py", line 717, in _benchmark_target
    latency = profiler.do_bench(
              ^^^^^^^^^^^^^^^^^^
  File "/home/ywc/co-tilelang/tilelang/profiler/__init__.py", line 281, in do_bench
    return run_bench()
           ^^^^^^^^^^^
  File "/home/ywc/co-tilelang/tilelang/profiler/__init__.py", line 267, in run_bench
    return do_bench(
           ^^^^^^^^^
  File "/home/ywc/co-tilelang/tilelang/profiler/bench.py", line 128, in do_bench
    return _do_bench_impl(
           ^^^^^^^^^^^^^^^
  File "/home/ywc/co-tilelang/tilelang/profiler/bench.py", line 187, in _do_bench_impl
    fn()
  File "/home/ywc/co-tilelang/tilelang/jit/adapter/base.py", line 100, in __call__
    return self.func(*args, **kwds)
           ^^^^^^^^^^^^^^^^^^^^^^^^
  File "/home/ywc/co-tilelang/tilelang/jit/adapter/tvm_ffi.py", line 330, in func
    result = self._get_executable()(*inputs, allocator_anchor)
             ^^^^^^^^^^^^^^^^^^^^^^^^^^^^^^^^^^^^^^^^^^^^^^^^^
  File "/home/ywc/mpk-env/lib/python3.12/site-packages/tvm_ffi/module.py", line 299, in __call__
    return self.main(*args)
           ^^^^^^^^^^^^^^^^
  File "python/tvm_ffi/cython/function.pxi", line 968, in tvm_ffi.core.Function.__call__
  File "/home/ywc/co-tilelang/3rdparty/tvm/src/runtime/cuda/cuda_module.cc", line 271, in void tvm::runtime::CUDAWrappedFunc::operator()(tvm::ffi::PackedArgs, tvm::ffi::Any*, void**) const
    TVM_FFI_THROW(InternalError)
    
tvm.error.InternalError: Failed to set the allowed dynamic shared memory size to 125056

2026-09-24 15:02:47,524 WARNING:An error occurred while testing config {'block_M': 256, 'block_N': 64, 'block_K': 64, 'block_Dstate': 128, 'num_stages': 2}, checkout autotuner.log for more details
2026-09-24 15:02:47,524 DEBUG:Error: Traceback (most recent call last):
  File "/home/ywc/co-tilelang/tilelang/autotuner/tuner.py", line 597, in _run_benchmark_target
    latency, worker_ref_latency = _call_benchmark_target(_jit_kernel, _worker_state)
                                  ^^^^^^^^^^^^^^^^^^^^^^^^^^^^^^^^^^^^^^^^^^^^^^^^^^
  File "/home/ywc/co-tilelang/tilelang/autotuner/tuner.py", line 569, in _call_benchmark_target
    return invoke()
           ^^^^^^^^
  File "/home/ywc/co-tilelang/tilelang/autotuner/tuner.py", line 560, in invoke
    return benchmark_target(
           ^^^^^^^^^^^^^^^^^
  File "/home/ywc/co-tilelang/tilelang/autotuner/tuner.py", line 717, in _benchmark_target
    latency = profiler.do_bench(
              ^^^^^^^^^^^^^^^^^^
  File "/home/ywc/co-tilelang/tilelang/profiler/__init__.py", line 281, in do_bench
    return run_bench()
           ^^^^^^^^^^^
  File "/home/ywc/co-tilelang/tilelang/profiler/__init__.py", line 267, in run_bench
    return do_bench(
           ^^^^^^^^^
  File "/home/ywc/co-tilelang/tilelang/profiler/bench.py", line 128, in do_bench
    return _do_bench_impl(
           ^^^^^^^^^^^^^^^
  File "/home/ywc/co-tilelang/tilelang/profiler/bench.py", line 187, in _do_bench_impl
    fn()
  File "/home/ywc/co-tilelang/tilelang/jit/adapter/base.py", line 100, in __call__
    return self.func(*args, **kwds)
           ^^^^^^^^^^^^^^^^^^^^^^^^
  File "/home/ywc/co-tilelang/tilelang/jit/adapter/tvm_ffi.py", line 330, in func
    result = self._get_executable()(*inputs, allocator_anchor)
             ^^^^^^^^^^^^^^^^^^^^^^^^^^^^^^^^^^^^^^^^^^^^^^^^^
  File "/home/ywc/mpk-env/lib/python3.12/site-packages/tvm_ffi/module.py", line 299, in __call__
    return self.main(*args)
           ^^^^^^^^^^^^^^^^
  File "python/tvm_ffi/cython/function.pxi", line 968, in tvm_ffi.core.Function.__call__
  File "/home/ywc/co-tilelang/3rdparty/tvm/src/runtime/cuda/cuda_module.cc", line 271, in void tvm::runtime::CUDAWrappedFunc::operator()(tvm::ffi::PackedArgs, tvm::ffi::Any*, void**) const
    TVM_FFI_THROW(InternalError)
    
tvm.error.InternalError: Failed to set the allowed dynamic shared memory size to 166144

2026-09-24 15:02:47,525 WARNING:An error occurred while testing config {'block_M': 256, 'block_N': 64, 'block_K': 64, 'block_Dstate': 128, 'num_stages': 3}, checkout autotuner.log for more details
2026-09-24 15:02:47,526 DEBUG:Error: Traceback (most recent call last):
  File "/home/ywc/co-tilelang/tilelang/autotuner/tuner.py", line 597, in _run_benchmark_target
    latency, worker_ref_latency = _call_benchmark_target(_jit_kernel, _worker_state)
                                  ^^^^^^^^^^^^^^^^^^^^^^^^^^^^^^^^^^^^^^^^^^^^^^^^^^
  File "/home/ywc/co-tilelang/tilelang/autotuner/tuner.py", line 569, in _call_benchmark_target
    return invoke()
           ^^^^^^^^
  File "/home/ywc/co-tilelang/tilelang/autotuner/tuner.py", line 560, in invoke
    return benchmark_target(
           ^^^^^^^^^^^^^^^^^
  File "/home/ywc/co-tilelang/tilelang/autotuner/tuner.py", line 717, in _benchmark_target
    latency = profiler.do_bench(
              ^^^^^^^^^^^^^^^^^^
  File "/home/ywc/co-tilelang/tilelang/profiler/__init__.py", line 281, in do_bench
    return run_bench()
           ^^^^^^^^^^^
  File "/home/ywc/co-tilelang/tilelang/profiler/__init__.py", line 267, in run_bench
    return do_bench(
           ^^^^^^^^^
  File "/home/ywc/co-tilelang/tilelang/profiler/bench.py", line 128, in do_bench
    return _do_bench_impl(
           ^^^^^^^^^^^^^^^
  File "/home/ywc/co-tilelang/tilelang/profiler/bench.py", line 187, in _do_bench_impl
    fn()
  File "/home/ywc/co-tilelang/tilelang/jit/adapter/base.py", line 100, in __call__
    return self.func(*args, **kwds)
           ^^^^^^^^^^^^^^^^^^^^^^^^
  File "/home/ywc/co-tilelang/tilelang/jit/adapter/tvm_ffi.py", line 330, in func
    result = self._get_executable()(*inputs, allocator_anchor)
             ^^^^^^^^^^^^^^^^^^^^^^^^^^^^^^^^^^^^^^^^^^^^^^^^^
  File "/home/ywc/mpk-env/lib/python3.12/site-packages/tvm_ffi/module.py", line 299, in __call__
    return self.main(*args)
           ^^^^^^^^^^^^^^^^
  File "python/tvm_ffi/cython/function.pxi", line 968, in tvm_ffi.core.Function.__call__
  File "/home/ywc/co-tilelang/3rdparty/tvm/src/runtime/cuda/cuda_module.cc", line 271, in void tvm::runtime::CUDAWrappedFunc::operator()(tvm::ffi::PackedArgs, tvm::ffi::Any*, void**) const
    TVM_FFI_THROW(InternalError)
    
tvm.error.InternalError: Failed to set the allowed dynamic shared memory size to 207232

2026-09-24 15:02:47,528 WARNING:An error occurred while testing config {'block_M': 256, 'block_N': 64, 'block_K': 64, 'block_Dstate': 128, 'num_stages': 4}, checkout autotuner.log for more details
2026-09-24 15:02:47,528 DEBUG:Error: Traceback (most recent call last):
  File "/home/ywc/co-tilelang/tilelang/autotuner/tuner.py", line 597, in _run_benchmark_target
    latency, worker_ref_latency = _call_benchmark_target(_jit_kernel, _worker_state)
                                  ^^^^^^^^^^^^^^^^^^^^^^^^^^^^^^^^^^^^^^^^^^^^^^^^^^
  File "/home/ywc/co-tilelang/tilelang/autotuner/tuner.py", line 569, in _call_benchmark_target
    return invoke()
           ^^^^^^^^
  File "/home/ywc/co-tilelang/tilelang/autotuner/tuner.py", line 560, in invoke
    return benchmark_target(
           ^^^^^^^^^^^^^^^^^
  File "/home/ywc/co-tilelang/tilelang/autotuner/tuner.py", line 717, in _benchmark_target
    latency = profiler.do_bench(
              ^^^^^^^^^^^^^^^^^^
  File "/home/ywc/co-tilelang/tilelang/profiler/__init__.py", line 281, in do_bench
    return run_bench()
           ^^^^^^^^^^^
  File "/home/ywc/co-tilelang/tilelang/profiler/__init__.py", line 267, in run_bench
    return do_bench(
           ^^^^^^^^^
  File "/home/ywc/co-tilelang/tilelang/profiler/bench.py", line 128, in do_bench
    return _do_bench_impl(
           ^^^^^^^^^^^^^^^
  File "/home/ywc/co-tilelang/tilelang/profiler/bench.py", line 187, in _do_bench_impl
    fn()
  File "/home/ywc/co-tilelang/tilelang/jit/adapter/base.py", line 100, in __call__
    return self.func(*args, **kwds)
           ^^^^^^^^^^^^^^^^^^^^^^^^
  File "/home/ywc/co-tilelang/tilelang/jit/adapter/tvm_ffi.py", line 330, in func
    result = self._get_executable()(*inputs, allocator_anchor)
             ^^^^^^^^^^^^^^^^^^^^^^^^^^^^^^^^^^^^^^^^^^^^^^^^^
  File "/home/ywc/mpk-env/lib/python3.12/site-packages/tvm_ffi/module.py", line 299, in __call__
    return self.main(*args)
           ^^^^^^^^^^^^^^^^
  File "python/tvm_ffi/cython/function.pxi", line 968, in tvm_ffi.core.Function.__call__
  File "/home/ywc/co-tilelang/3rdparty/tvm/src/runtime/cuda/cuda_module.cc", line 271, in void tvm::runtime::CUDAWrappedFunc::operator()(tvm::ffi::PackedArgs, tvm::ffi::Any*, void**) const
    TVM_FFI_THROW(InternalError)
    
tvm.error.InternalError: Failed to set the allowed dynamic shared memory size to 248320

2026-09-24 15:02:47,530 WARNING:An error occurred while testing config {'block_M': 256, 'block_N': 64, 'block_K': 64, 'block_Dstate': 128, 'num_stages': 5}, checkout autotuner.log for more details
2026-09-24 15:02:47,530 DEBUG:Error: Traceback (most recent call last):
  File "/home/ywc/co-tilelang/tilelang/autotuner/tuner.py", line 597, in _run_benchmark_target
    latency, worker_ref_latency = _call_benchmark_target(_jit_kernel, _worker_state)
                                  ^^^^^^^^^^^^^^^^^^^^^^^^^^^^^^^^^^^^^^^^^^^^^^^^^^
  File "/home/ywc/co-tilelang/tilelang/autotuner/tuner.py", line 569, in _call_benchmark_target
    return invoke()
           ^^^^^^^^
  File "/home/ywc/co-tilelang/tilelang/autotuner/tuner.py", line 560, in invoke
    return benchmark_target(
           ^^^^^^^^^^^^^^^^^
  File "/home/ywc/co-tilelang/tilelang/autotuner/tuner.py", line 717, in _benchmark_target
    latency = profiler.do_bench(
              ^^^^^^^^^^^^^^^^^^
  File "/home/ywc/co-tilelang/tilelang/profiler/__init__.py", line 281, in do_bench
    return run_bench()
           ^^^^^^^^^^^
  File "/home/ywc/co-tilelang/tilelang/profiler/__init__.py", line 267, in run_bench
    return do_bench(
           ^^^^^^^^^
  File "/home/ywc/co-tilelang/tilelang/profiler/bench.py", line 128, in do_bench
    return _do_bench_impl(
           ^^^^^^^^^^^^^^^
  File "/home/ywc/co-tilelang/tilelang/profiler/bench.py", line 187, in _do_bench_impl
    fn()
  File "/home/ywc/co-tilelang/tilelang/jit/adapter/base.py", line 100, in __call__
    return self.func(*args, **kwds)
           ^^^^^^^^^^^^^^^^^^^^^^^^
  File "/home/ywc/co-tilelang/tilelang/jit/adapter/tvm_ffi.py", line 330, in func
    result = self._get_executable()(*inputs, allocator_anchor)
             ^^^^^^^^^^^^^^^^^^^^^^^^^^^^^^^^^^^^^^^^^^^^^^^^^
  File "/home/ywc/mpk-env/lib/python3.12/site-packages/tvm_ffi/module.py", line 299, in __call__
    return self.main(*args)
           ^^^^^^^^^^^^^^^^
  File "python/tvm_ffi/cython/function.pxi", line 968, in tvm_ffi.core.Function.__call__
  File "/home/ywc/co-tilelang/3rdparty/tvm/src/runtime/cuda/cuda_module.cc", line 271, in void tvm::runtime::CUDAWrappedFunc::operator()(tvm::ffi::PackedArgs, tvm::ffi::Any*, void**) const
    TVM_FFI_THROW(InternalError)
    
tvm.error.InternalError: Failed to set the allowed dynamic shared memory size to 289408

2026-09-24 15:02:47,532 WARNING:An error occurred while testing config {'block_M': 256, 'block_N': 64, 'block_K': 128, 'block_Dstate': 128, 'num_stages': 1}, checkout autotuner.log for more details
2026-09-24 15:02:47,532 DEBUG:Error: Traceback (most recent call last):
  File "/home/ywc/co-tilelang/tilelang/autotuner/tuner.py", line 597, in _run_benchmark_target
    latency, worker_ref_latency = _call_benchmark_target(_jit_kernel, _worker_state)
                                  ^^^^^^^^^^^^^^^^^^^^^^^^^^^^^^^^^^^^^^^^^^^^^^^^^^
  File "/home/ywc/co-tilelang/tilelang/autotuner/tuner.py", line 569, in _call_benchmark_target
    return invoke()
           ^^^^^^^^
  File "/home/ywc/co-tilelang/tilelang/autotuner/tuner.py", line 560, in invoke
    return benchmark_target(
           ^^^^^^^^^^^^^^^^^
  File "/home/ywc/co-tilelang/tilelang/autotuner/tuner.py", line 717, in _benchmark_target
    latency = profiler.do_bench(
              ^^^^^^^^^^^^^^^^^^
  File "/home/ywc/co-tilelang/tilelang/profiler/__init__.py", line 281, in do_bench
    return run_bench()
           ^^^^^^^^^^^
  File "/home/ywc/co-tilelang/tilelang/profiler/__init__.py", line 267, in run_bench
    return do_bench(
           ^^^^^^^^^
  File "/home/ywc/co-tilelang/tilelang/profiler/bench.py", line 128, in do_bench
    return _do_bench_impl(
           ^^^^^^^^^^^^^^^
  File "/home/ywc/co-tilelang/tilelang/profiler/bench.py", line 187, in _do_bench_impl
    fn()
  File "/home/ywc/co-tilelang/tilelang/jit/adapter/base.py", line 100, in __call__
    return self.func(*args, **kwds)
           ^^^^^^^^^^^^^^^^^^^^^^^^
  File "/home/ywc/co-tilelang/tilelang/jit/adapter/tvm_ffi.py", line 330, in func
    result = self._get_executable()(*inputs, allocator_anchor)
             ^^^^^^^^^^^^^^^^^^^^^^^^^^^^^^^^^^^^^^^^^^^^^^^^^
  File "/home/ywc/mpk-env/lib/python3.12/site-packages/tvm_ffi/module.py", line 299, in __call__
    return self.main(*args)
           ^^^^^^^^^^^^^^^^
  File "python/tvm_ffi/cython/function.pxi", line 968, in tvm_ffi.core.Function.__call__
  File "/home/ywc/co-tilelang/3rdparty/tvm/src/runtime/cuda/cuda_module.cc", line 271, in void tvm::runtime::CUDAWrappedFunc::operator()(tvm::ffi::PackedArgs, tvm::ffi::Any*, void**) const
    TVM_FFI_THROW(InternalError)
    
tvm.error.InternalError: Failed to set the allowed dynamic shared memory size to 166144

2026-09-24 15:02:47,535 WARNING:An error occurred while testing config {'block_M': 256, 'block_N': 64, 'block_K': 128, 'block_Dstate': 128, 'num_stages': 2}, checkout autotuner.log for more details
2026-09-24 15:02:47,537 DEBUG:Error: Traceback (most recent call last):
  File "/home/ywc/co-tilelang/tilelang/autotuner/tuner.py", line 597, in _run_benchmark_target
    latency, worker_ref_latency = _call_benchmark_target(_jit_kernel, _worker_state)
                                  ^^^^^^^^^^^^^^^^^^^^^^^^^^^^^^^^^^^^^^^^^^^^^^^^^^
  File "/home/ywc/co-tilelang/tilelang/autotuner/tuner.py", line 569, in _call_benchmark_target
    return invoke()
           ^^^^^^^^
  File "/home/ywc/co-tilelang/tilelang/autotuner/tuner.py", line 560, in invoke
    return benchmark_target(
           ^^^^^^^^^^^^^^^^^
  File "/home/ywc/co-tilelang/tilelang/autotuner/tuner.py", line 717, in _benchmark_target
    latency = profiler.do_bench(
              ^^^^^^^^^^^^^^^^^^
  File "/home/ywc/co-tilelang/tilelang/profiler/__init__.py", line 281, in do_bench
    return run_bench()
           ^^^^^^^^^^^
  File "/home/ywc/co-tilelang/tilelang/profiler/__init__.py", line 267, in run_bench
    return do_bench(
           ^^^^^^^^^
  File "/home/ywc/co-tilelang/tilelang/profiler/bench.py", line 128, in do_bench
    return _do_bench_impl(
           ^^^^^^^^^^^^^^^
  File "/home/ywc/co-tilelang/tilelang/profiler/bench.py", line 187, in _do_bench_impl
    fn()
  File "/home/ywc/co-tilelang/tilelang/jit/adapter/base.py", line 100, in __call__
    return self.func(*args, **kwds)
           ^^^^^^^^^^^^^^^^^^^^^^^^
  File "/home/ywc/co-tilelang/tilelang/jit/adapter/tvm_ffi.py", line 330, in func
    result = self._get_executable()(*inputs, allocator_anchor)
             ^^^^^^^^^^^^^^^^^^^^^^^^^^^^^^^^^^^^^^^^^^^^^^^^^
  File "/home/ywc/mpk-env/lib/python3.12/site-packages/tvm_ffi/module.py", line 299, in __call__
    return self.main(*args)
           ^^^^^^^^^^^^^^^^
  File "python/tvm_ffi/cython/function.pxi", line 968, in tvm_ffi.core.Function.__call__
  File "/home/ywc/co-tilelang/3rdparty/tvm/src/runtime/cuda/cuda_module.cc", line 271, in void tvm::runtime::CUDAWrappedFunc::operator()(tvm::ffi::PackedArgs, tvm::ffi::Any*, void**) const
    TVM_FFI_THROW(InternalError)
    
tvm.error.InternalError: Failed to set the allowed dynamic shared memory size to 248320

2026-09-24 15:02:47,539 WARNING:An error occurred while testing config {'block_M': 256, 'block_N': 64, 'block_K': 128, 'block_Dstate': 128, 'num_stages': 3}, checkout autotuner.log for more details
2026-09-24 15:02:47,540 DEBUG:Error: Traceback (most recent call last):
  File "/home/ywc/co-tilelang/tilelang/autotuner/tuner.py", line 597, in _run_benchmark_target
    latency, worker_ref_latency = _call_benchmark_target(_jit_kernel, _worker_state)
                                  ^^^^^^^^^^^^^^^^^^^^^^^^^^^^^^^^^^^^^^^^^^^^^^^^^^
  File "/home/ywc/co-tilelang/tilelang/autotuner/tuner.py", line 569, in _call_benchmark_target
    return invoke()
           ^^^^^^^^
  File "/home/ywc/co-tilelang/tilelang/autotuner/tuner.py", line 560, in invoke
    return benchmark_target(
           ^^^^^^^^^^^^^^^^^
  File "/home/ywc/co-tilelang/tilelang/autotuner/tuner.py", line 717, in _benchmark_target
    latency = profiler.do_bench(
              ^^^^^^^^^^^^^^^^^^
  File "/home/ywc/co-tilelang/tilelang/profiler/__init__.py", line 281, in do_bench
    return run_bench()
           ^^^^^^^^^^^
  File "/home/ywc/co-tilelang/tilelang/profiler/__init__.py", line 267, in run_bench
    return do_bench(
           ^^^^^^^^^
  File "/home/ywc/co-tilelang/tilelang/profiler/bench.py", line 128, in do_bench
    return _do_bench_impl(
           ^^^^^^^^^^^^^^^
  File "/home/ywc/co-tilelang/tilelang/profiler/bench.py", line 187, in _do_bench_impl
    fn()
  File "/home/ywc/co-tilelang/tilelang/jit/adapter/base.py", line 100, in __call__
    return self.func(*args, **kwds)
           ^^^^^^^^^^^^^^^^^^^^^^^^
  File "/home/ywc/co-tilelang/tilelang/jit/adapter/tvm_ffi.py", line 330, in func
    result = self._get_executable()(*inputs, allocator_anchor)
             ^^^^^^^^^^^^^^^^^^^^^^^^^^^^^^^^^^^^^^^^^^^^^^^^^
  File "/home/ywc/mpk-env/lib/python3.12/site-packages/tvm_ffi/module.py", line 299, in __call__
    return self.main(*args)
           ^^^^^^^^^^^^^^^^
  File "python/tvm_ffi/cython/function.pxi", line 968, in tvm_ffi.core.Function.__call__
  File "/home/ywc/co-tilelang/3rdparty/tvm/src/runtime/cuda/cuda_module.cc", line 271, in void tvm::runtime::CUDAWrappedFunc::operator()(tvm::ffi::PackedArgs, tvm::ffi::Any*, void**) const
    TVM_FFI_THROW(InternalError)
    
tvm.error.InternalError: Failed to set the allowed dynamic shared memory size to 330496

2026-09-24 15:02:47,543 WARNING:An error occurred while testing config {'block_M': 256, 'block_N': 64, 'block_K': 128, 'block_Dstate': 128, 'num_stages': 4}, checkout autotuner.log for more details
2026-09-24 15:02:47,543 DEBUG:Error: Traceback (most recent call last):
  File "/home/ywc/co-tilelang/tilelang/autotuner/tuner.py", line 597, in _run_benchmark_target
    latency, worker_ref_latency = _call_benchmark_target(_jit_kernel, _worker_state)
                                  ^^^^^^^^^^^^^^^^^^^^^^^^^^^^^^^^^^^^^^^^^^^^^^^^^^
  File "/home/ywc/co-tilelang/tilelang/autotuner/tuner.py", line 569, in _call_benchmark_target
    return invoke()
           ^^^^^^^^
  File "/home/ywc/co-tilelang/tilelang/autotuner/tuner.py", line 560, in invoke
    return benchmark_target(
           ^^^^^^^^^^^^^^^^^
  File "/home/ywc/co-tilelang/tilelang/autotuner/tuner.py", line 717, in _benchmark_target
    latency = profiler.do_bench(
              ^^^^^^^^^^^^^^^^^^
  File "/home/ywc/co-tilelang/tilelang/profiler/__init__.py", line 281, in do_bench
    return run_bench()
           ^^^^^^^^^^^
  File "/home/ywc/co-tilelang/tilelang/profiler/__init__.py", line 267, in run_bench
    return do_bench(
           ^^^^^^^^^
  File "/home/ywc/co-tilelang/tilelang/profiler/bench.py", line 128, in do_bench
    return _do_bench_impl(
           ^^^^^^^^^^^^^^^
  File "/home/ywc/co-tilelang/tilelang/profiler/bench.py", line 187, in _do_bench_impl
    fn()
  File "/home/ywc/co-tilelang/tilelang/jit/adapter/base.py", line 100, in __call__
    return self.func(*args, **kwds)
           ^^^^^^^^^^^^^^^^^^^^^^^^
  File "/home/ywc/co-tilelang/tilelang/jit/adapter/tvm_ffi.py", line 330, in func
    result = self._get_executable()(*inputs, allocator_anchor)
             ^^^^^^^^^^^^^^^^^^^^^^^^^^^^^^^^^^^^^^^^^^^^^^^^^
  File "/home/ywc/mpk-env/lib/python3.12/site-packages/tvm_ffi/module.py", line 299, in __call__
    return self.main(*args)
           ^^^^^^^^^^^^^^^^
  File "python/tvm_ffi/cython/function.pxi", line 968, in tvm_ffi.core.Function.__call__
  File "/home/ywc/co-tilelang/3rdparty/tvm/src/runtime/cuda/cuda_module.cc", line 271, in void tvm::runtime::CUDAWrappedFunc::operator()(tvm::ffi::PackedArgs, tvm::ffi::Any*, void**) const
    TVM_FFI_THROW(InternalError)
    
tvm.error.InternalError: Failed to set the allowed dynamic shared memory size to 412672

2026-09-24 15:02:47,546 WARNING:An error occurred while testing config {'block_M': 256, 'block_N': 64, 'block_K': 128, 'block_Dstate': 128, 'num_stages': 5}, checkout autotuner.log for more details
2026-09-24 15:02:47,547 DEBUG:Error: Traceback (most recent call last):
  File "/home/ywc/co-tilelang/tilelang/autotuner/tuner.py", line 597, in _run_benchmark_target
    latency, worker_ref_latency = _call_benchmark_target(_jit_kernel, _worker_state)
                                  ^^^^^^^^^^^^^^^^^^^^^^^^^^^^^^^^^^^^^^^^^^^^^^^^^^
  File "/home/ywc/co-tilelang/tilelang/autotuner/tuner.py", line 569, in _call_benchmark_target
    return invoke()
           ^^^^^^^^
  File "/home/ywc/co-tilelang/tilelang/autotuner/tuner.py", line 560, in invoke
    return benchmark_target(
           ^^^^^^^^^^^^^^^^^
  File "/home/ywc/co-tilelang/tilelang/autotuner/tuner.py", line 717, in _benchmark_target
    latency = profiler.do_bench(
              ^^^^^^^^^^^^^^^^^^
  File "/home/ywc/co-tilelang/tilelang/profiler/__init__.py", line 281, in do_bench
    return run_bench()
           ^^^^^^^^^^^
  File "/home/ywc/co-tilelang/tilelang/profiler/__init__.py", line 267, in run_bench
    return do_bench(
           ^^^^^^^^^
  File "/home/ywc/co-tilelang/tilelang/profiler/bench.py", line 128, in do_bench
    return _do_bench_impl(
           ^^^^^^^^^^^^^^^
  File "/home/ywc/co-tilelang/tilelang/profiler/bench.py", line 187, in _do_bench_impl
    fn()
  File "/home/ywc/co-tilelang/tilelang/jit/adapter/base.py", line 100, in __call__
    return self.func(*args, **kwds)
           ^^^^^^^^^^^^^^^^^^^^^^^^
  File "/home/ywc/co-tilelang/tilelang/jit/adapter/tvm_ffi.py", line 330, in func
    result = self._get_executable()(*inputs, allocator_anchor)
             ^^^^^^^^^^^^^^^^^^^^^^^^^^^^^^^^^^^^^^^^^^^^^^^^^
  File "/home/ywc/mpk-env/lib/python3.12/site-packages/tvm_ffi/module.py", line 299, in __call__
    return self.main(*args)
           ^^^^^^^^^^^^^^^^
  File "python/tvm_ffi/cython/function.pxi", line 968, in tvm_ffi.core.Function.__call__
  File "/home/ywc/co-tilelang/3rdparty/tvm/src/runtime/cuda/cuda_module.cc", line 271, in void tvm::runtime::CUDAWrappedFunc::operator()(tvm::ffi::PackedArgs, tvm::ffi::Any*, void**) const
    TVM_FFI_THROW(InternalError)
    
tvm.error.InternalError: Failed to set the allowed dynamic shared memory size to 495872

2026-09-24 15:02:47,551 WARNING:An error occurred while testing config {'block_M': 256, 'block_N': 64, 'block_K': 256, 'block_Dstate': 128, 'num_stages': 1}, checkout autotuner.log for more details
2026-09-24 15:02:47,551 DEBUG:Error: Traceback (most recent call last):
  File "/home/ywc/co-tilelang/tilelang/autotuner/tuner.py", line 597, in _run_benchmark_target
    latency, worker_ref_latency = _call_benchmark_target(_jit_kernel, _worker_state)
                                  ^^^^^^^^^^^^^^^^^^^^^^^^^^^^^^^^^^^^^^^^^^^^^^^^^^
  File "/home/ywc/co-tilelang/tilelang/autotuner/tuner.py", line 569, in _call_benchmark_target
    return invoke()
           ^^^^^^^^
  File "/home/ywc/co-tilelang/tilelang/autotuner/tuner.py", line 560, in invoke
    return benchmark_target(
           ^^^^^^^^^^^^^^^^^
  File "/home/ywc/co-tilelang/tilelang/autotuner/tuner.py", line 717, in _benchmark_target
    latency = profiler.do_bench(
              ^^^^^^^^^^^^^^^^^^
  File "/home/ywc/co-tilelang/tilelang/profiler/__init__.py", line 281, in do_bench
    return run_bench()
           ^^^^^^^^^^^
  File "/home/ywc/co-tilelang/tilelang/profiler/__init__.py", line 267, in run_bench
    return do_bench(
           ^^^^^^^^^
  File "/home/ywc/co-tilelang/tilelang/profiler/bench.py", line 128, in do_bench
    return _do_bench_impl(
           ^^^^^^^^^^^^^^^
  File "/home/ywc/co-tilelang/tilelang/profiler/bench.py", line 187, in _do_bench_impl
    fn()
  File "/home/ywc/co-tilelang/tilelang/jit/adapter/base.py", line 100, in __call__
    return self.func(*args, **kwds)
           ^^^^^^^^^^^^^^^^^^^^^^^^
  File "/home/ywc/co-tilelang/tilelang/jit/adapter/tvm_ffi.py", line 330, in func
    result = self._get_executable()(*inputs, allocator_anchor)
             ^^^^^^^^^^^^^^^^^^^^^^^^^^^^^^^^^^^^^^^^^^^^^^^^^
  File "/home/ywc/mpk-env/lib/python3.12/site-packages/tvm_ffi/module.py", line 299, in __call__
    return self.main(*args)
           ^^^^^^^^^^^^^^^^
  File "python/tvm_ffi/cython/function.pxi", line 968, in tvm_ffi.core.Function.__call__
  File "/home/ywc/co-tilelang/3rdparty/tvm/src/runtime/cuda/cuda_module.cc", line 271, in void tvm::runtime::CUDAWrappedFunc::operator()(tvm::ffi::PackedArgs, tvm::ffi::Any*, void**) const
    TVM_FFI_THROW(InternalError)
    
tvm.error.InternalError: Failed to set the allowed dynamic shared memory size to 248832

2026-09-24 15:02:47,553 WARNING:An error occurred while testing config {'block_M': 256, 'block_N': 64, 'block_K': 256, 'block_Dstate': 128, 'num_stages': 2}, checkout autotuner.log for more details
2026-09-24 15:02:47,554 DEBUG:Error: Traceback (most recent call last):
  File "/home/ywc/co-tilelang/tilelang/autotuner/tuner.py", line 597, in _run_benchmark_target
    latency, worker_ref_latency = _call_benchmark_target(_jit_kernel, _worker_state)
                                  ^^^^^^^^^^^^^^^^^^^^^^^^^^^^^^^^^^^^^^^^^^^^^^^^^^
  File "/home/ywc/co-tilelang/tilelang/autotuner/tuner.py", line 569, in _call_benchmark_target
    return invoke()
           ^^^^^^^^
  File "/home/ywc/co-tilelang/tilelang/autotuner/tuner.py", line 560, in invoke
    return benchmark_target(
           ^^^^^^^^^^^^^^^^^
  File "/home/ywc/co-tilelang/tilelang/autotuner/tuner.py", line 717, in _benchmark_target
    latency = profiler.do_bench(
              ^^^^^^^^^^^^^^^^^^
  File "/home/ywc/co-tilelang/tilelang/profiler/__init__.py", line 281, in do_bench
    return run_bench()
           ^^^^^^^^^^^
  File "/home/ywc/co-tilelang/tilelang/profiler/__init__.py", line 267, in run_bench
    return do_bench(
           ^^^^^^^^^
  File "/home/ywc/co-tilelang/tilelang/profiler/bench.py", line 128, in do_bench
    return _do_bench_impl(
           ^^^^^^^^^^^^^^^
  File "/home/ywc/co-tilelang/tilelang/profiler/bench.py", line 187, in _do_bench_impl
    fn()
  File "/home/ywc/co-tilelang/tilelang/jit/adapter/base.py", line 100, in __call__
    return self.func(*args, **kwds)
           ^^^^^^^^^^^^^^^^^^^^^^^^
  File "/home/ywc/co-tilelang/tilelang/jit/adapter/tvm_ffi.py", line 330, in func
    result = self._get_executable()(*inputs, allocator_anchor)
             ^^^^^^^^^^^^^^^^^^^^^^^^^^^^^^^^^^^^^^^^^^^^^^^^^
  File "/home/ywc/mpk-env/lib/python3.12/site-packages/tvm_ffi/module.py", line 299, in __call__
    return self.main(*args)
           ^^^^^^^^^^^^^^^^
  File "python/tvm_ffi/cython/function.pxi", line 968, in tvm_ffi.core.Function.__call__
  File "/home/ywc/co-tilelang/3rdparty/tvm/src/runtime/cuda/cuda_module.cc", line 271, in void tvm::runtime::CUDAWrappedFunc::operator()(tvm::ffi::PackedArgs, tvm::ffi::Any*, void**) const
    TVM_FFI_THROW(InternalError)
    
tvm.error.InternalError: Failed to set the allowed dynamic shared memory size to 412672

2026-09-24 15:02:47,560 WARNING:An error occurred while testing config {'block_M': 256, 'block_N': 64, 'block_K': 256, 'block_Dstate': 128, 'num_stages': 3}, checkout autotuner.log for more details
2026-09-24 15:02:47,560 DEBUG:Error: Traceback (most recent call last):
  File "/home/ywc/co-tilelang/tilelang/autotuner/tuner.py", line 597, in _run_benchmark_target
    latency, worker_ref_latency = _call_benchmark_target(_jit_kernel, _worker_state)
                                  ^^^^^^^^^^^^^^^^^^^^^^^^^^^^^^^^^^^^^^^^^^^^^^^^^^
  File "/home/ywc/co-tilelang/tilelang/autotuner/tuner.py", line 569, in _call_benchmark_target
    return invoke()
           ^^^^^^^^
  File "/home/ywc/co-tilelang/tilelang/autotuner/tuner.py", line 560, in invoke
    return benchmark_target(
           ^^^^^^^^^^^^^^^^^
  File "/home/ywc/co-tilelang/tilelang/autotuner/tuner.py", line 717, in _benchmark_target
    latency = profiler.do_bench(
              ^^^^^^^^^^^^^^^^^^
  File "/home/ywc/co-tilelang/tilelang/profiler/__init__.py", line 281, in do_bench
    return run_bench()
           ^^^^^^^^^^^
  File "/home/ywc/co-tilelang/tilelang/profiler/__init__.py", line 267, in run_bench
    return do_bench(
           ^^^^^^^^^
  File "/home/ywc/co-tilelang/tilelang/profiler/bench.py", line 128, in do_bench
    return _do_bench_impl(
           ^^^^^^^^^^^^^^^
  File "/home/ywc/co-tilelang/tilelang/profiler/bench.py", line 187, in _do_bench_impl
    fn()
  File "/home/ywc/co-tilelang/tilelang/jit/adapter/base.py", line 100, in __call__
    return self.func(*args, **kwds)
           ^^^^^^^^^^^^^^^^^^^^^^^^
  File "/home/ywc/co-tilelang/tilelang/jit/adapter/tvm_ffi.py", line 330, in func
    result = self._get_executable()(*inputs, allocator_anchor)
             ^^^^^^^^^^^^^^^^^^^^^^^^^^^^^^^^^^^^^^^^^^^^^^^^^
  File "/home/ywc/mpk-env/lib/python3.12/site-packages/tvm_ffi/module.py", line 299, in __call__
    return self.main(*args)
           ^^^^^^^^^^^^^^^^
  File "python/tvm_ffi/cython/function.pxi", line 968, in tvm_ffi.core.Function.__call__
  File "/home/ywc/co-tilelang/3rdparty/tvm/src/runtime/cuda/cuda_module.cc", line 271, in void tvm::runtime::CUDAWrappedFunc::operator()(tvm::ffi::PackedArgs, tvm::ffi::Any*, void**) const
    TVM_FFI_THROW(InternalError)
    
tvm.error.InternalError: Failed to set the allowed dynamic shared memory size to 578560

2026-09-24 15:02:47,564 WARNING:An error occurred while testing config {'block_M': 256, 'block_N': 64, 'block_K': 256, 'block_Dstate': 128, 'num_stages': 4}, checkout autotuner.log for more details
2026-09-24 15:02:47,564 DEBUG:Error: Traceback (most recent call last):
  File "/home/ywc/co-tilelang/tilelang/autotuner/tuner.py", line 597, in _run_benchmark_target
    latency, worker_ref_latency = _call_benchmark_target(_jit_kernel, _worker_state)
                                  ^^^^^^^^^^^^^^^^^^^^^^^^^^^^^^^^^^^^^^^^^^^^^^^^^^
  File "/home/ywc/co-tilelang/tilelang/autotuner/tuner.py", line 569, in _call_benchmark_target
    return invoke()
           ^^^^^^^^
  File "/home/ywc/co-tilelang/tilelang/autotuner/tuner.py", line 560, in invoke
    return benchmark_target(
           ^^^^^^^^^^^^^^^^^
  File "/home/ywc/co-tilelang/tilelang/autotuner/tuner.py", line 717, in _benchmark_target
    latency = profiler.do_bench(
              ^^^^^^^^^^^^^^^^^^
  File "/home/ywc/co-tilelang/tilelang/profiler/__init__.py", line 281, in do_bench
    return run_bench()
           ^^^^^^^^^^^
  File "/home/ywc/co-tilelang/tilelang/profiler/__init__.py", line 267, in run_bench
    return do_bench(
           ^^^^^^^^^
  File "/home/ywc/co-tilelang/tilelang/profiler/bench.py", line 128, in do_bench
    return _do_bench_impl(
           ^^^^^^^^^^^^^^^
  File "/home/ywc/co-tilelang/tilelang/profiler/bench.py", line 187, in _do_bench_impl
    fn()
  File "/home/ywc/co-tilelang/tilelang/jit/adapter/base.py", line 100, in __call__
    return self.func(*args, **kwds)
           ^^^^^^^^^^^^^^^^^^^^^^^^
  File "/home/ywc/co-tilelang/tilelang/jit/adapter/tvm_ffi.py", line 330, in func
    result = self._get_executable()(*inputs, allocator_anchor)
             ^^^^^^^^^^^^^^^^^^^^^^^^^^^^^^^^^^^^^^^^^^^^^^^^^
  File "/home/ywc/mpk-env/lib/python3.12/site-packages/tvm_ffi/module.py", line 299, in __call__
    return self.main(*args)
           ^^^^^^^^^^^^^^^^
  File "python/tvm_ffi/cython/function.pxi", line 968, in tvm_ffi.core.Function.__call__
  File "/home/ywc/co-tilelang/3rdparty/tvm/src/runtime/cuda/cuda_module.cc", line 271, in void tvm::runtime::CUDAWrappedFunc::operator()(tvm::ffi::PackedArgs, tvm::ffi::Any*, void**) const
    TVM_FFI_THROW(InternalError)
    
tvm.error.InternalError: Failed to set the allowed dynamic shared memory size to 742400

