2026-09-24 15:29:56,154 INFO:Auto-tuning with 0.9 CPU utilizations, 128 CPUs available, 115 CPUs will be used
2026-09-24 15:29:56,289 WARNING:Benchmark timeout is enforced in benchmark workers by running each benchmark call in a daemon sub-thread and waiting up to the configured timeout.
2026-09-24 15:30:05,856 DEBUG:Compilation failed for config {'block_M': 256, 'block_N': 32, 'block_K': 256, 'block_Dstate': 128, 'num_stages': 5} at index 74 with error: Invalid layout for shared buffer `cb_shared`: the forward map must be injective. Details: ("injectivity could not be proven: the logical input domain exceeds the exact-check limit of 262144 points",). Layout: Layout((5, 256, 256) -> (5, 4, 32, 512), transform: (_i, _j, _k) -> (_i, _k // 64, _j // 8, _j % 8 * 64 + (_k % 64 // 32 + _j % 8 // 4) % 2 * 32 + (_k % 32 // 16 + _j % 4 // 2) % 2 * 16 + (_k % 16 // 8 + _j % 2) % 2 * 8 + _k % 8)). Check the layout passed to T.annotate_layout.
2026-09-24 15:30:09,282 DEBUG:Compilation failed for config {'block_M': 256, 'block_N': 64, 'block_K': 256, 'block_Dstate': 128, 'num_stages': 5} at index 89 with error: Invalid layout for shared buffer `cb_shared`: the forward map must be injective. Details: ("injectivity could not be proven: the logical input domain exceeds the exact-check limit of 262144 points",). Layout: Layout((5, 256, 256) -> (5, 4, 32, 512), transform: (_i, _j, _k) -> (_i, _k // 64, _j // 8, _j % 8 * 64 + (_k % 64 // 32 + _j % 8 // 4) % 2 * 32 + (_k % 32 // 16 + _j % 4 // 2) % 2 * 16 + (_k % 16 // 8 + _j % 2) % 2 * 8 + _k % 8)). Check the layout passed to T.annotate_layout.
2026-09-24 15:30:10,195 WARNING:An error occurred while testing config {'block_M': 64, 'block_N': 32, 'block_K': 128, 'block_Dstate': 128, 'num_stages': 3}, checkout autotuner.log for more details
2026-09-24 15:30:10,195 DEBUG:Error: Traceback (most recent call last):
  File "/home/ywc/co-tilelang/tilelang/autotuner/tuner.py", line 597, in _run_benchmark_target
    latency, worker_ref_latency = _call_benchmark_target(_jit_kernel, _worker_state)
                                  ^^^^^^^^^^^^^^^^^^^^^^^^^^^^^^^^^^^^^^^^^^^^^^^^^^
  File "/home/ywc/co-tilelang/tilelang/autotuner/tuner.py", line 569, in _call_benchmark_target
    return invoke()
           ^^^^^^^^
  File "/home/ywc/co-tilelang/tilelang/autotuner/tuner.py", line 560, in invoke
    return benchmark_target(
           ^^^^^^^^^^^^^^^^^
  File "/home/ywc/co-tilelang/tilelang/autotuner/tuner.py", line 717, in _benchmark_target
    latency = profiler.do_bench(
              ^^^^^^^^^^^^^^^^^^
  File "/home/ywc/co-tilelang/tilelang/profiler/__init__.py", line 281, in do_bench
    return run_bench()
           ^^^^^^^^^^^
  File "/home/ywc/co-tilelang/tilelang/profiler/__init__.py", line 267, in run_bench
    return do_bench(
           ^^^^^^^^^
  File "/home/ywc/co-tilelang/tilelang/profiler/bench.py", line 128, in do_bench
    return _do_bench_impl(
           ^^^^^^^^^^^^^^^
  File "/home/ywc/co-tilelang/tilelang/profiler/bench.py", line 187, in _do_bench_impl
    fn()
  File "/home/ywc/co-tilelang/tilelang/jit/adapter/base.py", line 100, in __call__
    return self.func(*args, **kwds)
           ^^^^^^^^^^^^^^^^^^^^^^^^
  File "/home/ywc/co-tilelang/tilelang/jit/adapter/tvm_ffi.py", line 330, in func
    result = self._get_executable()(*inputs, allocator_anchor)
             ^^^^^^^^^^^^^^^^^^^^^^^^^^^^^^^^^^^^^^^^^^^^^^^^^
  File "/home/ywc/mpk-env/lib/python3.12/site-packages/tvm_ffi/module.py", line 299, in __call__
    return self.main(*args)
           ^^^^^^^^^^^^^^^^
  File "python/tvm_ffi/cython/function.pxi", line 968, in tvm_ffi.core.Function.__call__
  File "<unknown>", line 0, in __tvm_ffi_main
  File "<unknown>", line 0, in __tvm_ffi_chunk_scan_fwd
  File "/home/ywc/co-tilelang/3rdparty/tvm/src/runtime/cuda/cuda_module.cc", line 271, in void tvm::runtime::CUDAWrappedFunc::operator()(tvm::ffi::PackedArgs, tvm::ffi::Any*, void**) const
    TVM_FFI_THROW(InternalError)
    
tvm.error.InternalError: Failed to set the allowed dynamic shared memory size to 101120

2026-09-24 15:30:10,197 WARNING:An error occurred while testing config {'block_M': 64, 'block_N': 32, 'block_K': 128, 'block_Dstate': 128, 'num_stages': 4}, checkout autotuner.log for more details
2026-09-24 15:30:10,197 DEBUG:Error: Traceback (most recent call last):
  File "/home/ywc/co-tilelang/tilelang/autotuner/tuner.py", line 597, in _run_benchmark_target
    latency, worker_ref_latency = _call_benchmark_target(_jit_kernel, _worker_state)
                                  ^^^^^^^^^^^^^^^^^^^^^^^^^^^^^^^^^^^^^^^^^^^^^^^^^^
  File "/home/ywc/co-tilelang/tilelang/autotuner/tuner.py", line 569, in _call_benchmark_target
    return invoke()
           ^^^^^^^^
  File "/home/ywc/co-tilelang/tilelang/autotuner/tuner.py", line 560, in invoke
    return benchmark_target(
           ^^^^^^^^^^^^^^^^^
  File "/home/ywc/co-tilelang/tilelang/autotuner/tuner.py", line 717, in _benchmark_target
    latency = profiler.do_bench(
              ^^^^^^^^^^^^^^^^^^
  File "/home/ywc/co-tilelang/tilelang/profiler/__init__.py", line 281, in do_bench
    return run_bench()
           ^^^^^^^^^^^
  File "/home/ywc/co-tilelang/tilelang/profiler/__init__.py", line 267, in run_bench
    return do_bench(
           ^^^^^^^^^
  File "/home/ywc/co-tilelang/tilelang/profiler/bench.py", line 128, in do_bench
    return _do_bench_impl(
           ^^^^^^^^^^^^^^^
  File "/home/ywc/co-tilelang/tilelang/profiler/bench.py", line 187, in _do_bench_impl
    fn()
  File "/home/ywc/co-tilelang/tilelang/jit/adapter/base.py", line 100, in __call__
    return self.func(*args, **kwds)
           ^^^^^^^^^^^^^^^^^^^^^^^^
  File "/home/ywc/co-tilelang/tilelang/jit/adapter/tvm_ffi.py", line 330, in func
    result = self._get_executable()(*inputs, allocator_anchor)
             ^^^^^^^^^^^^^^^^^^^^^^^^^^^^^^^^^^^^^^^^^^^^^^^^^
  File "/home/ywc/mpk-env/lib/python3.12/site-packages/tvm_ffi/module.py", line 299, in __call__
    return self.main(*args)
           ^^^^^^^^^^^^^^^^
  File "python/tvm_ffi/cython/function.pxi", line 968, in tvm_ffi.core.Function.__call__
  File "<unknown>", line 0, in __tvm_ffi_main
  File "<unknown>", line 0, in __tvm_ffi_chunk_scan_fwd
  File "/home/ywc/co-tilelang/3rdparty/tvm/src/runtime/cuda/cuda_module.cc", line 271, in void tvm::runtime::CUDAWrappedFunc::operator()(tvm::ffi::PackedArgs, tvm::ffi::Any*, void**) const
    TVM_FFI_THROW(InternalError)
    
tvm.error.InternalError: Failed to set the allowed dynamic shared memory size to 125952

2026-09-24 15:30:10,200 WARNING:An error occurred while testing config {'block_M': 64, 'block_N': 32, 'block_K': 128, 'block_Dstate': 128, 'num_stages': 5}, checkout autotuner.log for more details
2026-09-24 15:30:10,200 DEBUG:Error: Traceback (most recent call last):
  File "/home/ywc/co-tilelang/tilelang/autotuner/tuner.py", line 597, in _run_benchmark_target
    latency, worker_ref_latency = _call_benchmark_target(_jit_kernel, _worker_state)
                                  ^^^^^^^^^^^^^^^^^^^^^^^^^^^^^^^^^^^^^^^^^^^^^^^^^^
  File "/home/ywc/co-tilelang/tilelang/autotuner/tuner.py", line 569, in _call_benchmark_target
    return invoke()
           ^^^^^^^^
  File "/home/ywc/co-tilelang/tilelang/autotuner/tuner.py", line 560, in invoke
    return benchmark_target(
           ^^^^^^^^^^^^^^^^^
  File "/home/ywc/co-tilelang/tilelang/autotuner/tuner.py", line 717, in _benchmark_target
    latency = profiler.do_bench(
              ^^^^^^^^^^^^^^^^^^
  File "/home/ywc/co-tilelang/tilelang/profiler/__init__.py", line 281, in do_bench
    return run_bench()
           ^^^^^^^^^^^
  File "/home/ywc/co-tilelang/tilelang/profiler/__init__.py", line 267, in run_bench
    return do_bench(
           ^^^^^^^^^
  File "/home/ywc/co-tilelang/tilelang/profiler/bench.py", line 128, in do_bench
    return _do_bench_impl(
           ^^^^^^^^^^^^^^^
  File "/home/ywc/co-tilelang/tilelang/profiler/bench.py", line 187, in _do_bench_impl
    fn()
  File "/home/ywc/co-tilelang/tilelang/jit/adapter/base.py", line 100, in __call__
    return self.func(*args, **kwds)
           ^^^^^^^^^^^^^^^^^^^^^^^^
  File "/home/ywc/co-tilelang/tilelang/jit/adapter/tvm_ffi.py", line 330, in func
    result = self._get_executable()(*inputs, allocator_anchor)
             ^^^^^^^^^^^^^^^^^^^^^^^^^^^^^^^^^^^^^^^^^^^^^^^^^
  File "/home/ywc/mpk-env/lib/python3.12/site-packages/tvm_ffi/module.py", line 299, in __call__
    return self.main(*args)
           ^^^^^^^^^^^^^^^^
  File "python/tvm_ffi/cython/function.pxi", line 968, in tvm_ffi.core.Function.__call__
  File "<unknown>", line 0, in __tvm_ffi_main
  File "<unknown>", line 0, in __tvm_ffi_chunk_scan_fwd
  File "/home/ywc/co-tilelang/3rdparty/tvm/src/runtime/cuda/cuda_module.cc", line 271, in void tvm::runtime::CUDAWrappedFunc::operator()(tvm::ffi::PackedArgs, tvm::ffi::Any*, void**) const
    TVM_FFI_THROW(InternalError)
    
tvm.error.InternalError: Failed to set the allowed dynamic shared memory size to 151808

2026-09-24 15:30:10,373 WARNING:An error occurred while testing config {'block_M': 64, 'block_N': 32, 'block_K': 256, 'block_Dstate': 128, 'num_stages': 2}, checkout autotuner.log for more details
2026-09-24 15:30:10,374 DEBUG:Error: Traceback (most recent call last):
  File "/home/ywc/co-tilelang/tilelang/autotuner/tuner.py", line 597, in _run_benchmark_target
    latency, worker_ref_latency = _call_benchmark_target(_jit_kernel, _worker_state)
                                  ^^^^^^^^^^^^^^^^^^^^^^^^^^^^^^^^^^^^^^^^^^^^^^^^^^
  File "/home/ywc/co-tilelang/tilelang/autotuner/tuner.py", line 569, in _call_benchmark_target
    return invoke()
           ^^^^^^^^
  File "/home/ywc/co-tilelang/tilelang/autotuner/tuner.py", line 560, in invoke
    return benchmark_target(
           ^^^^^^^^^^^^^^^^^
  File "/home/ywc/co-tilelang/tilelang/autotuner/tuner.py", line 717, in _benchmark_target
    latency = profiler.do_bench(
              ^^^^^^^^^^^^^^^^^^
  File "/home/ywc/co-tilelang/tilelang/profiler/__init__.py", line 281, in do_bench
    return run_bench()
           ^^^^^^^^^^^
  File "/home/ywc/co-tilelang/tilelang/profiler/__init__.py", line 267, in run_bench
    return do_bench(
           ^^^^^^^^^
  File "/home/ywc/co-tilelang/tilelang/profiler/bench.py", line 128, in do_bench
    return _do_bench_impl(
           ^^^^^^^^^^^^^^^
  File "/home/ywc/co-tilelang/tilelang/profiler/bench.py", line 187, in _do_bench_impl
    fn()
  File "/home/ywc/co-tilelang/tilelang/jit/adapter/base.py", line 100, in __call__
    return self.func(*args, **kwds)
           ^^^^^^^^^^^^^^^^^^^^^^^^
  File "/home/ywc/co-tilelang/tilelang/jit/adapter/tvm_ffi.py", line 330, in func
    result = self._get_executable()(*inputs, allocator_anchor)
             ^^^^^^^^^^^^^^^^^^^^^^^^^^^^^^^^^^^^^^^^^^^^^^^^^
  File "/home/ywc/mpk-env/lib/python3.12/site-packages/tvm_ffi/module.py", line 299, in __call__
    return self.main(*args)
           ^^^^^^^^^^^^^^^^
  File "python/tvm_ffi/cython/function.pxi", line 968, in tvm_ffi.core.Function.__call__
  File "<unknown>", line 0, in __tvm_ffi_main
  File "<unknown>", line 0, in __tvm_ffi_chunk_scan_fwd
  File "/home/ywc/co-tilelang/3rdparty/tvm/src/runtime/cuda/cuda_module.cc", line 271, in void tvm::runtime::CUDAWrappedFunc::operator()(tvm::ffi::PackedArgs, tvm::ffi::Any*, void**) const
    TVM_FFI_THROW(InternalError)
    
tvm.error.InternalError: Failed to set the allowed dynamic shared memory size to 125952

2026-09-24 15:30:10,376 WARNING:An error occurred while testing config {'block_M': 64, 'block_N': 32, 'block_K': 256, 'block_Dstate': 128, 'num_stages': 3}, checkout autotuner.log for more details
2026-09-24 15:30:10,376 DEBUG:Error: Traceback (most recent call last):
  File "/home/ywc/co-tilelang/tilelang/autotuner/tuner.py", line 597, in _run_benchmark_target
    latency, worker_ref_latency = _call_benchmark_target(_jit_kernel, _worker_state)
                                  ^^^^^^^^^^^^^^^^^^^^^^^^^^^^^^^^^^^^^^^^^^^^^^^^^^
  File "/home/ywc/co-tilelang/tilelang/autotuner/tuner.py", line 569, in _call_benchmark_target
    return invoke()
           ^^^^^^^^
  File "/home/ywc/co-tilelang/tilelang/autotuner/tuner.py", line 560, in invoke
    return benchmark_target(
           ^^^^^^^^^^^^^^^^^
  File "/home/ywc/co-tilelang/tilelang/autotuner/tuner.py", line 717, in _benchmark_target
    latency = profiler.do_bench(
              ^^^^^^^^^^^^^^^^^^
  File "/home/ywc/co-tilelang/tilelang/profiler/__init__.py", line 281, in do_bench
    return run_bench()
           ^^^^^^^^^^^
  File "/home/ywc/co-tilelang/tilelang/profiler/__init__.py", line 267, in run_bench
    return do_bench(
           ^^^^^^^^^
  File "/home/ywc/co-tilelang/tilelang/profiler/bench.py", line 128, in do_bench
    return _do_bench_impl(
           ^^^^^^^^^^^^^^^
  File "/home/ywc/co-tilelang/tilelang/profiler/bench.py", line 187, in _do_bench_impl
    fn()
  File "/home/ywc/co-tilelang/tilelang/jit/adapter/base.py", line 100, in __call__
    return self.func(*args, **kwds)
           ^^^^^^^^^^^^^^^^^^^^^^^^
  File "/home/ywc/co-tilelang/tilelang/jit/adapter/tvm_ffi.py", line 330, in func
    result = self._get_executable()(*inputs, allocator_anchor)
             ^^^^^^^^^^^^^^^^^^^^^^^^^^^^^^^^^^^^^^^^^^^^^^^^^
  File "/home/ywc/mpk-env/lib/python3.12/site-packages/tvm_ffi/module.py", line 299, in __call__
    return self.main(*args)
           ^^^^^^^^^^^^^^^^
  File "python/tvm_ffi/cython/function.pxi", line 968, in tvm_ffi.core.Function.__call__
  File "<unknown>", line 0, in __tvm_ffi_main
  File "<unknown>", line 0, in __tvm_ffi_chunk_scan_fwd
  File "/home/ywc/co-tilelang/3rdparty/tvm/src/runtime/cuda/cuda_module.cc", line 271, in void tvm::runtime::CUDAWrappedFunc::operator()(tvm::ffi::PackedArgs, tvm::ffi::Any*, void**) const
    TVM_FFI_THROW(InternalError)
    
tvm.error.InternalError: Failed to set the allowed dynamic shared memory size to 176640

2026-09-24 15:30:10,378 WARNING:An error occurred while testing config {'block_M': 64, 'block_N': 32, 'block_K': 256, 'block_Dstate': 128, 'num_stages': 4}, checkout autotuner.log for more details
2026-09-24 15:30:10,378 DEBUG:Error: Traceback (most recent call last):
  File "/home/ywc/co-tilelang/tilelang/autotuner/tuner.py", line 597, in _run_benchmark_target
    latency, worker_ref_latency = _call_benchmark_target(_jit_kernel, _worker_state)
                                  ^^^^^^^^^^^^^^^^^^^^^^^^^^^^^^^^^^^^^^^^^^^^^^^^^^
  File "/home/ywc/co-tilelang/tilelang/autotuner/tuner.py", line 569, in _call_benchmark_target
    return invoke()
           ^^^^^^^^
  File "/home/ywc/co-tilelang/tilelang/autotuner/tuner.py", line 560, in invoke
    return benchmark_target(
           ^^^^^^^^^^^^^^^^^
  File "/home/ywc/co-tilelang/tilelang/autotuner/tuner.py", line 717, in _benchmark_target
    latency = profiler.do_bench(
              ^^^^^^^^^^^^^^^^^^
  File "/home/ywc/co-tilelang/tilelang/profiler/__init__.py", line 281, in do_bench
    return run_bench()
           ^^^^^^^^^^^
  File "/home/ywc/co-tilelang/tilelang/profiler/__init__.py", line 267, in run_bench
    return do_bench(
           ^^^^^^^^^
  File "/home/ywc/co-tilelang/tilelang/profiler/bench.py", line 128, in do_bench
    return _do_bench_impl(
           ^^^^^^^^^^^^^^^
  File "/home/ywc/co-tilelang/tilelang/profiler/bench.py", line 187, in _do_bench_impl
    fn()
  File "/home/ywc/co-tilelang/tilelang/jit/adapter/base.py", line 100, in __call__
    return self.func(*args, **kwds)
           ^^^^^^^^^^^^^^^^^^^^^^^^
  File "/home/ywc/co-tilelang/tilelang/jit/adapter/tvm_ffi.py", line 330, in func
    result = self._get_executable()(*inputs, allocator_anchor)
             ^^^^^^^^^^^^^^^^^^^^^^^^^^^^^^^^^^^^^^^^^^^^^^^^^
  File "/home/ywc/mpk-env/lib/python3.12/site-packages/tvm_ffi/module.py", line 299, in __call__
    return self.main(*args)
           ^^^^^^^^^^^^^^^^
  File "python/tvm_ffi/cython/function.pxi", line 968, in tvm_ffi.core.Function.__call__
  File "<unknown>", line 0, in __tvm_ffi_main
  File "<unknown>", line 0, in __tvm_ffi_chunk_scan_fwd
  File "/home/ywc/co-tilelang/3rdparty/tvm/src/runtime/cuda/cuda_module.cc", line 271, in void tvm::runtime::CUDAWrappedFunc::operator()(tvm::ffi::PackedArgs, tvm::ffi::Any*, void**) const
    TVM_FFI_THROW(InternalError)
    
tvm.error.InternalError: Failed to set the allowed dynamic shared memory size to 226304

2026-09-24 15:30:10,380 WARNING:An error occurred while testing config {'block_M': 64, 'block_N': 32, 'block_K': 256, 'block_Dstate': 128, 'num_stages': 5}, checkout autotuner.log for more details
2026-09-24 15:30:10,381 DEBUG:Error: Traceback (most recent call last):
  File "/home/ywc/co-tilelang/tilelang/autotuner/tuner.py", line 597, in _run_benchmark_target
    latency, worker_ref_latency = _call_benchmark_target(_jit_kernel, _worker_state)
                                  ^^^^^^^^^^^^^^^^^^^^^^^^^^^^^^^^^^^^^^^^^^^^^^^^^^
  File "/home/ywc/co-tilelang/tilelang/autotuner/tuner.py", line 569, in _call_benchmark_target
    return invoke()
           ^^^^^^^^
  File "/home/ywc/co-tilelang/tilelang/autotuner/tuner.py", line 560, in invoke
    return benchmark_target(
           ^^^^^^^^^^^^^^^^^
  File "/home/ywc/co-tilelang/tilelang/autotuner/tuner.py", line 717, in _benchmark_target
    latency = profiler.do_bench(
              ^^^^^^^^^^^^^^^^^^
  File "/home/ywc/co-tilelang/tilelang/profiler/__init__.py", line 281, in do_bench
    return run_bench()
           ^^^^^^^^^^^
  File "/home/ywc/co-tilelang/tilelang/profiler/__init__.py", line 267, in run_bench
    return do_bench(
           ^^^^^^^^^
  File "/home/ywc/co-tilelang/tilelang/profiler/bench.py", line 128, in do_bench
    return _do_bench_impl(
           ^^^^^^^^^^^^^^^
  File "/home/ywc/co-tilelang/tilelang/profiler/bench.py", line 187, in _do_bench_impl
    fn()
  File "/home/ywc/co-tilelang/tilelang/jit/adapter/base.py", line 100, in __call__
    return self.func(*args, **kwds)
           ^^^^^^^^^^^^^^^^^^^^^^^^
  File "/home/ywc/co-tilelang/tilelang/jit/adapter/tvm_ffi.py", line 330, in func
    result = self._get_executable()(*inputs, allocator_anchor)
             ^^^^^^^^^^^^^^^^^^^^^^^^^^^^^^^^^^^^^^^^^^^^^^^^^
  File "/home/ywc/mpk-env/lib/python3.12/site-packages/tvm_ffi/module.py", line 299, in __call__
    return self.main(*args)
           ^^^^^^^^^^^^^^^^
  File "python/tvm_ffi/cython/function.pxi", line 968, in tvm_ffi.core.Function.__call__
  File "<unknown>", line 0, in __tvm_ffi_main
  File "<unknown>", line 0, in __tvm_ffi_chunk_scan_fwd
  File "/home/ywc/co-tilelang/3rdparty/tvm/src/runtime/cuda/cuda_module.cc", line 271, in void tvm::runtime::CUDAWrappedFunc::operator()(tvm::ffi::PackedArgs, tvm::ffi::Any*, void**) const
    TVM_FFI_THROW(InternalError)
    
tvm.error.InternalError: Failed to set the allowed dynamic shared memory size to 276992

2026-09-24 15:30:10,642 WARNING:An error occurred while testing config {'block_M': 64, 'block_N': 64, 'block_K': 64, 'block_Dstate': 128, 'num_stages': 4}, checkout autotuner.log for more details
2026-09-24 15:30:10,642 DEBUG:Error: Traceback (most recent call last):
  File "/home/ywc/co-tilelang/tilelang/autotuner/tuner.py", line 597, in _run_benchmark_target
    latency, worker_ref_latency = _call_benchmark_target(_jit_kernel, _worker_state)
                                  ^^^^^^^^^^^^^^^^^^^^^^^^^^^^^^^^^^^^^^^^^^^^^^^^^^
  File "/home/ywc/co-tilelang/tilelang/autotuner/tuner.py", line 569, in _call_benchmark_target
    return invoke()
           ^^^^^^^^
  File "/home/ywc/co-tilelang/tilelang/autotuner/tuner.py", line 560, in invoke
    return benchmark_target(
           ^^^^^^^^^^^^^^^^^
  File "/home/ywc/co-tilelang/tilelang/autotuner/tuner.py", line 717, in _benchmark_target
    latency = profiler.do_bench(
              ^^^^^^^^^^^^^^^^^^
  File "/home/ywc/co-tilelang/tilelang/profiler/__init__.py", line 281, in do_bench
    return run_bench()
           ^^^^^^^^^^^
  File "/home/ywc/co-tilelang/tilelang/profiler/__init__.py", line 267, in run_bench
    return do_bench(
           ^^^^^^^^^
  File "/home/ywc/co-tilelang/tilelang/profiler/bench.py", line 128, in do_bench
    return _do_bench_impl(
           ^^^^^^^^^^^^^^^
  File "/home/ywc/co-tilelang/tilelang/profiler/bench.py", line 187, in _do_bench_impl
    fn()
  File "/home/ywc/co-tilelang/tilelang/jit/adapter/base.py", line 100, in __call__
    return self.func(*args, **kwds)
           ^^^^^^^^^^^^^^^^^^^^^^^^
  File "/home/ywc/co-tilelang/tilelang/jit/adapter/tvm_ffi.py", line 330, in func
    result = self._get_executable()(*inputs, allocator_anchor)
             ^^^^^^^^^^^^^^^^^^^^^^^^^^^^^^^^^^^^^^^^^^^^^^^^^
  File "/home/ywc/mpk-env/lib/python3.12/site-packages/tvm_ffi/module.py", line 299, in __call__
    return self.main(*args)
           ^^^^^^^^^^^^^^^^
  File "python/tvm_ffi/cython/function.pxi", line 968, in tvm_ffi.core.Function.__call__
  File "<unknown>", line 0, in __tvm_ffi_main
  File "<unknown>", line 0, in __tvm_ffi_chunk_scan_fwd
  File "/home/ywc/co-tilelang/3rdparty/tvm/src/runtime/cuda/cuda_module.cc", line 271, in void tvm::runtime::CUDAWrappedFunc::operator()(tvm::ffi::PackedArgs, tvm::ffi::Any*, void**) const
    TVM_FFI_THROW(InternalError)
    
tvm.error.InternalError: Failed to set the allowed dynamic shared memory size to 100864

2026-09-24 15:30:10,644 WARNING:An error occurred while testing config {'block_M': 64, 'block_N': 64, 'block_K': 64, 'block_Dstate': 128, 'num_stages': 5}, checkout autotuner.log for more details
2026-09-24 15:30:10,645 DEBUG:Error: Traceback (most recent call last):
  File "/home/ywc/co-tilelang/tilelang/autotuner/tuner.py", line 597, in _run_benchmark_target
    latency, worker_ref_latency = _call_benchmark_target(_jit_kernel, _worker_state)
                                  ^^^^^^^^^^^^^^^^^^^^^^^^^^^^^^^^^^^^^^^^^^^^^^^^^^
  File "/home/ywc/co-tilelang/tilelang/autotuner/tuner.py", line 569, in _call_benchmark_target
    return invoke()
           ^^^^^^^^
  File "/home/ywc/co-tilelang/tilelang/autotuner/tuner.py", line 560, in invoke
    return benchmark_target(
           ^^^^^^^^^^^^^^^^^
  File "/home/ywc/co-tilelang/tilelang/autotuner/tuner.py", line 717, in _benchmark_target
    latency = profiler.do_bench(
              ^^^^^^^^^^^^^^^^^^
  File "/home/ywc/co-tilelang/tilelang/profiler/__init__.py", line 281, in do_bench
    return run_bench()
           ^^^^^^^^^^^
  File "/home/ywc/co-tilelang/tilelang/profiler/__init__.py", line 267, in run_bench
    return do_bench(
           ^^^^^^^^^
  File "/home/ywc/co-tilelang/tilelang/profiler/bench.py", line 128, in do_bench
    return _do_bench_impl(
           ^^^^^^^^^^^^^^^
  File "/home/ywc/co-tilelang/tilelang/profiler/bench.py", line 187, in _do_bench_impl
    fn()
  File "/home/ywc/co-tilelang/tilelang/jit/adapter/base.py", line 100, in __call__
    return self.func(*args, **kwds)
           ^^^^^^^^^^^^^^^^^^^^^^^^
  File "/home/ywc/co-tilelang/tilelang/jit/adapter/tvm_ffi.py", line 330, in func
    result = self._get_executable()(*inputs, allocator_anchor)
             ^^^^^^^^^^^^^^^^^^^^^^^^^^^^^^^^^^^^^^^^^^^^^^^^^
  File "/home/ywc/mpk-env/lib/python3.12/site-packages/tvm_ffi/module.py", line 299, in __call__
    return self.main(*args)
           ^^^^^^^^^^^^^^^^
  File "python/tvm_ffi/cython/function.pxi", line 968, in tvm_ffi.core.Function.__call__
  File "<unknown>", line 0, in __tvm_ffi_main
  File "<unknown>", line 0, in __tvm_ffi_chunk_scan_fwd
  File "/home/ywc/co-tilelang/3rdparty/tvm/src/runtime/cuda/cuda_module.cc", line 271, in void tvm::runtime::CUDAWrappedFunc::operator()(tvm::ffi::PackedArgs, tvm::ffi::Any*, void**) const
    TVM_FFI_THROW(InternalError)
    
tvm.error.InternalError: Failed to set the allowed dynamic shared memory size to 117376

2026-09-24 15:30:10,737 WARNING:An error occurred while testing config {'block_M': 64, 'block_N': 64, 'block_K': 128, 'block_Dstate': 128, 'num_stages': 2}, checkout autotuner.log for more details
2026-09-24 15:30:10,737 DEBUG:Error: Traceback (most recent call last):
  File "/home/ywc/co-tilelang/tilelang/autotuner/tuner.py", line 597, in _run_benchmark_target
    latency, worker_ref_latency = _call_benchmark_target(_jit_kernel, _worker_state)
                                  ^^^^^^^^^^^^^^^^^^^^^^^^^^^^^^^^^^^^^^^^^^^^^^^^^^
  File "/home/ywc/co-tilelang/tilelang/autotuner/tuner.py", line 569, in _call_benchmark_target
    return invoke()
           ^^^^^^^^
  File "/home/ywc/co-tilelang/tilelang/autotuner/tuner.py", line 560, in invoke
    return benchmark_target(
           ^^^^^^^^^^^^^^^^^
  File "/home/ywc/co-tilelang/tilelang/autotuner/tuner.py", line 717, in _benchmark_target
    latency = profiler.do_bench(
              ^^^^^^^^^^^^^^^^^^
  File "/home/ywc/co-tilelang/tilelang/profiler/__init__.py", line 281, in do_bench
    return run_bench()
           ^^^^^^^^^^^
  File "/home/ywc/co-tilelang/tilelang/profiler/__init__.py", line 267, in run_bench
    return do_bench(
           ^^^^^^^^^
  File "/home/ywc/co-tilelang/tilelang/profiler/bench.py", line 128, in do_bench
    return _do_bench_impl(
           ^^^^^^^^^^^^^^^
  File "/home/ywc/co-tilelang/tilelang/profiler/bench.py", line 187, in _do_bench_impl
    fn()
  File "/home/ywc/co-tilelang/tilelang/jit/adapter/base.py", line 100, in __call__
    return self.func(*args, **kwds)
           ^^^^^^^^^^^^^^^^^^^^^^^^
  File "/home/ywc/co-tilelang/tilelang/jit/adapter/tvm_ffi.py", line 330, in func
    result = self._get_executable()(*inputs, allocator_anchor)
             ^^^^^^^^^^^^^^^^^^^^^^^^^^^^^^^^^^^^^^^^^^^^^^^^^
  File "/home/ywc/mpk-env/lib/python3.12/site-packages/tvm_ffi/module.py", line 299, in __call__
    return self.main(*args)
           ^^^^^^^^^^^^^^^^
  File "python/tvm_ffi/cython/function.pxi", line 968, in tvm_ffi.core.Function.__call__
  File "<unknown>", line 0, in __tvm_ffi_main
  File "<unknown>", line 0, in __tvm_ffi_chunk_scan_fwd
  File "/home/ywc/co-tilelang/3rdparty/tvm/src/runtime/cuda/cuda_module.cc", line 271, in void tvm::runtime::CUDAWrappedFunc::operator()(tvm::ffi::PackedArgs, tvm::ffi::Any*, void**) const
    TVM_FFI_THROW(InternalError)
    
tvm.error.InternalError: Failed to set the allowed dynamic shared memory size to 100864

2026-09-24 15:30:10,739 WARNING:An error occurred while testing config {'block_M': 64, 'block_N': 64, 'block_K': 128, 'block_Dstate': 128, 'num_stages': 3}, checkout autotuner.log for more details
2026-09-24 15:30:10,740 DEBUG:Error: Traceback (most recent call last):
  File "/home/ywc/co-tilelang/tilelang/autotuner/tuner.py", line 597, in _run_benchmark_target
    latency, worker_ref_latency = _call_benchmark_target(_jit_kernel, _worker_state)
                                  ^^^^^^^^^^^^^^^^^^^^^^^^^^^^^^^^^^^^^^^^^^^^^^^^^^
  File "/home/ywc/co-tilelang/tilelang/autotuner/tuner.py", line 569, in _call_benchmark_target
    return invoke()
           ^^^^^^^^
  File "/home/ywc/co-tilelang/tilelang/autotuner/tuner.py", line 560, in invoke
    return benchmark_target(
           ^^^^^^^^^^^^^^^^^
  File "/home/ywc/co-tilelang/tilelang/autotuner/tuner.py", line 717, in _benchmark_target
    latency = profiler.do_bench(
              ^^^^^^^^^^^^^^^^^^
  File "/home/ywc/co-tilelang/tilelang/profiler/__init__.py", line 281, in do_bench
    return run_bench()
           ^^^^^^^^^^^
  File "/home/ywc/co-tilelang/tilelang/profiler/__init__.py", line 267, in run_bench
    return do_bench(
           ^^^^^^^^^
  File "/home/ywc/co-tilelang/tilelang/profiler/bench.py", line 128, in do_bench
    return _do_bench_impl(
           ^^^^^^^^^^^^^^^
  File "/home/ywc/co-tilelang/tilelang/profiler/bench.py", line 187, in _do_bench_impl
    fn()
  File "/home/ywc/co-tilelang/tilelang/jit/adapter/base.py", line 100, in __call__
    return self.func(*args, **kwds)
           ^^^^^^^^^^^^^^^^^^^^^^^^
  File "/home/ywc/co-tilelang/tilelang/jit/adapter/tvm_ffi.py", line 330, in func
    result = self._get_executable()(*inputs, allocator_anchor)
             ^^^^^^^^^^^^^^^^^^^^^^^^^^^^^^^^^^^^^^^^^^^^^^^^^
  File "/home/ywc/mpk-env/lib/python3.12/site-packages/tvm_ffi/module.py", line 299, in __call__
    return self.main(*args)
           ^^^^^^^^^^^^^^^^
  File "python/tvm_ffi/cython/function.pxi", line 968, in tvm_ffi.core.Function.__call__
  File "<unknown>", line 0, in __tvm_ffi_main
  File "<unknown>", line 0, in __tvm_ffi_chunk_scan_fwd
  File "/home/ywc/co-tilelang/3rdparty/tvm/src/runtime/cuda/cuda_module.cc", line 271, in void tvm::runtime::CUDAWrappedFunc::operator()(tvm::ffi::PackedArgs, tvm::ffi::Any*, void**) const
    TVM_FFI_THROW(InternalError)
    
tvm.error.InternalError: Failed to set the allowed dynamic shared memory size to 133888

2026-09-24 15:30:10,742 WARNING:An error occurred while testing config {'block_M': 64, 'block_N': 64, 'block_K': 128, 'block_Dstate': 128, 'num_stages': 4}, checkout autotuner.log for more details
2026-09-24 15:30:10,742 DEBUG:Error: Traceback (most recent call last):
  File "/home/ywc/co-tilelang/tilelang/autotuner/tuner.py", line 597, in _run_benchmark_target
    latency, worker_ref_latency = _call_benchmark_target(_jit_kernel, _worker_state)
                                  ^^^^^^^^^^^^^^^^^^^^^^^^^^^^^^^^^^^^^^^^^^^^^^^^^^
  File "/home/ywc/co-tilelang/tilelang/autotuner/tuner.py", line 569, in _call_benchmark_target
    return invoke()
           ^^^^^^^^
  File "/home/ywc/co-tilelang/tilelang/autotuner/tuner.py", line 560, in invoke
    return benchmark_target(
           ^^^^^^^^^^^^^^^^^
  File "/home/ywc/co-tilelang/tilelang/autotuner/tuner.py", line 717, in _benchmark_target
    latency = profiler.do_bench(
              ^^^^^^^^^^^^^^^^^^
  File "/home/ywc/co-tilelang/tilelang/profiler/__init__.py", line 281, in do_bench
    return run_bench()
           ^^^^^^^^^^^
  File "/home/ywc/co-tilelang/tilelang/profiler/__init__.py", line 267, in run_bench
    return do_bench(
           ^^^^^^^^^
  File "/home/ywc/co-tilelang/tilelang/profiler/bench.py", line 128, in do_bench
    return _do_bench_impl(
           ^^^^^^^^^^^^^^^
  File "/home/ywc/co-tilelang/tilelang/profiler/bench.py", line 187, in _do_bench_impl
    fn()
  File "/home/ywc/co-tilelang/tilelang/jit/adapter/base.py", line 100, in __call__
    return self.func(*args, **kwds)
           ^^^^^^^^^^^^^^^^^^^^^^^^
  File "/home/ywc/co-tilelang/tilelang/jit/adapter/tvm_ffi.py", line 330, in func
    result = self._get_executable()(*inputs, allocator_anchor)
             ^^^^^^^^^^^^^^^^^^^^^^^^^^^^^^^^^^^^^^^^^^^^^^^^^
  File "/home/ywc/mpk-env/lib/python3.12/site-packages/tvm_ffi/module.py", line 299, in __call__
    return self.main(*args)
           ^^^^^^^^^^^^^^^^
  File "python/tvm_ffi/cython/function.pxi", line 968, in tvm_ffi.core.Function.__call__
  File "<unknown>", line 0, in __tvm_ffi_main
  File "<unknown>", line 0, in __tvm_ffi_chunk_scan_fwd
  File "/home/ywc/co-tilelang/3rdparty/tvm/src/runtime/cuda/cuda_module.cc", line 271, in void tvm::runtime::CUDAWrappedFunc::operator()(tvm::ffi::PackedArgs, tvm::ffi::Any*, void**) const
    TVM_FFI_THROW(InternalError)
    
tvm.error.InternalError: Failed to set the allowed dynamic shared memory size to 166912

2026-09-24 15:30:10,744 WARNING:An error occurred while testing config {'block_M': 64, 'block_N': 64, 'block_K': 128, 'block_Dstate': 128, 'num_stages': 5}, checkout autotuner.log for more details
2026-09-24 15:30:10,745 DEBUG:Error: Traceback (most recent call last):
  File "/home/ywc/co-tilelang/tilelang/autotuner/tuner.py", line 597, in _run_benchmark_target
    latency, worker_ref_latency = _call_benchmark_target(_jit_kernel, _worker_state)
                                  ^^^^^^^^^^^^^^^^^^^^^^^^^^^^^^^^^^^^^^^^^^^^^^^^^^
  File "/home/ywc/co-tilelang/tilelang/autotuner/tuner.py", line 569, in _call_benchmark_target
    return invoke()
           ^^^^^^^^
  File "/home/ywc/co-tilelang/tilelang/autotuner/tuner.py", line 560, in invoke
    return benchmark_target(
           ^^^^^^^^^^^^^^^^^
  File "/home/ywc/co-tilelang/tilelang/autotuner/tuner.py", line 717, in _benchmark_target
    latency = profiler.do_bench(
              ^^^^^^^^^^^^^^^^^^
  File "/home/ywc/co-tilelang/tilelang/profiler/__init__.py", line 281, in do_bench
    return run_bench()
           ^^^^^^^^^^^
  File "/home/ywc/co-tilelang/tilelang/profiler/__init__.py", line 267, in run_bench
    return do_bench(
           ^^^^^^^^^
  File "/home/ywc/co-tilelang/tilelang/profiler/bench.py", line 128, in do_bench
    return _do_bench_impl(
           ^^^^^^^^^^^^^^^
  File "/home/ywc/co-tilelang/tilelang/profiler/bench.py", line 187, in _do_bench_impl
    fn()
  File "/home/ywc/co-tilelang/tilelang/jit/adapter/base.py", line 100, in __call__
    return self.func(*args, **kwds)
           ^^^^^^^^^^^^^^^^^^^^^^^^
  File "/home/ywc/co-tilelang/tilelang/jit/adapter/tvm_ffi.py", line 330, in func
    result = self._get_executable()(*inputs, allocator_anchor)
             ^^^^^^^^^^^^^^^^^^^^^^^^^^^^^^^^^^^^^^^^^^^^^^^^^
  File "/home/ywc/mpk-env/lib/python3.12/site-packages/tvm_ffi/module.py", line 299, in __call__
    return self.main(*args)
           ^^^^^^^^^^^^^^^^
  File "python/tvm_ffi/cython/function.pxi", line 968, in tvm_ffi.core.Function.__call__
  File "<unknown>", line 0, in __tvm_ffi_main
  File "<unknown>", line 0, in __tvm_ffi_chunk_scan_fwd
  File "/home/ywc/co-tilelang/3rdparty/tvm/src/runtime/cuda/cuda_module.cc", line 271, in void tvm::runtime::CUDAWrappedFunc::operator()(tvm::ffi::PackedArgs, tvm::ffi::Any*, void**) const
    TVM_FFI_THROW(InternalError)
    
tvm.error.InternalError: Failed to set the allowed dynamic shared memory size to 200960

2026-09-24 15:30:10,747 WARNING:An error occurred while testing config {'block_M': 64, 'block_N': 64, 'block_K': 256, 'block_Dstate': 128, 'num_stages': 1}, checkout autotuner.log for more details
2026-09-24 15:30:10,747 DEBUG:Error: Traceback (most recent call last):
  File "/home/ywc/co-tilelang/tilelang/autotuner/tuner.py", line 597, in _run_benchmark_target
    latency, worker_ref_latency = _call_benchmark_target(_jit_kernel, _worker_state)
                                  ^^^^^^^^^^^^^^^^^^^^^^^^^^^^^^^^^^^^^^^^^^^^^^^^^^
  File "/home/ywc/co-tilelang/tilelang/autotuner/tuner.py", line 569, in _call_benchmark_target
    return invoke()
           ^^^^^^^^
  File "/home/ywc/co-tilelang/tilelang/autotuner/tuner.py", line 560, in invoke
    return benchmark_target(
           ^^^^^^^^^^^^^^^^^
  File "/home/ywc/co-tilelang/tilelang/autotuner/tuner.py", line 717, in _benchmark_target
    latency = profiler.do_bench(
              ^^^^^^^^^^^^^^^^^^
  File "/home/ywc/co-tilelang/tilelang/profiler/__init__.py", line 281, in do_bench
    return run_bench()
           ^^^^^^^^^^^
  File "/home/ywc/co-tilelang/tilelang/profiler/__init__.py", line 267, in run_bench
    return do_bench(
           ^^^^^^^^^
  File "/home/ywc/co-tilelang/tilelang/profiler/bench.py", line 128, in do_bench
    return _do_bench_impl(
           ^^^^^^^^^^^^^^^
  File "/home/ywc/co-tilelang/tilelang/profiler/bench.py", line 187, in _do_bench_impl
    fn()
  File "/home/ywc/co-tilelang/tilelang/jit/adapter/base.py", line 100, in __call__
    return self.func(*args, **kwds)
           ^^^^^^^^^^^^^^^^^^^^^^^^
  File "/home/ywc/co-tilelang/tilelang/jit/adapter/tvm_ffi.py", line 330, in func
    result = self._get_executable()(*inputs, allocator_anchor)
             ^^^^^^^^^^^^^^^^^^^^^^^^^^^^^^^^^^^^^^^^^^^^^^^^^
  File "/home/ywc/mpk-env/lib/python3.12/site-packages/tvm_ffi/module.py", line 299, in __call__
    return self.main(*args)
           ^^^^^^^^^^^^^^^^
  File "python/tvm_ffi/cython/function.pxi", line 968, in tvm_ffi.core.Function.__call__
  File "<unknown>", line 0, in __tvm_ffi_main
  File "<unknown>", line 0, in __tvm_ffi_chunk_scan_fwd
  File "/home/ywc/co-tilelang/3rdparty/tvm/src/runtime/cuda/cuda_module.cc", line 271, in void tvm::runtime::CUDAWrappedFunc::operator()(tvm::ffi::PackedArgs, tvm::ffi::Any*, void**) const
    TVM_FFI_THROW(InternalError)
    
tvm.error.InternalError: Failed to set the allowed dynamic shared memory size to 101376

2026-09-24 15:30:10,749 WARNING:An error occurred while testing config {'block_M': 64, 'block_N': 64, 'block_K': 256, 'block_Dstate': 128, 'num_stages': 2}, checkout autotuner.log for more details
2026-09-24 15:30:10,749 DEBUG:Error: Traceback (most recent call last):
  File "/home/ywc/co-tilelang/tilelang/autotuner/tuner.py", line 597, in _run_benchmark_target
    latency, worker_ref_latency = _call_benchmark_target(_jit_kernel, _worker_state)
                                  ^^^^^^^^^^^^^^^^^^^^^^^^^^^^^^^^^^^^^^^^^^^^^^^^^^
  File "/home/ywc/co-tilelang/tilelang/autotuner/tuner.py", line 569, in _call_benchmark_target
    return invoke()
           ^^^^^^^^
  File "/home/ywc/co-tilelang/tilelang/autotuner/tuner.py", line 560, in invoke
    return benchmark_target(
           ^^^^^^^^^^^^^^^^^
  File "/home/ywc/co-tilelang/tilelang/autotuner/tuner.py", line 717, in _benchmark_target
    latency = profiler.do_bench(
              ^^^^^^^^^^^^^^^^^^
  File "/home/ywc/co-tilelang/tilelang/profiler/__init__.py", line 281, in do_bench
    return run_bench()
           ^^^^^^^^^^^
  File "/home/ywc/co-tilelang/tilelang/profiler/__init__.py", line 267, in run_bench
    return do_bench(
           ^^^^^^^^^
  File "/home/ywc/co-tilelang/tilelang/profiler/bench.py", line 128, in do_bench
    return _do_bench_impl(
           ^^^^^^^^^^^^^^^
  File "/home/ywc/co-tilelang/tilelang/profiler/bench.py", line 187, in _do_bench_impl
    fn()
  File "/home/ywc/co-tilelang/tilelang/jit/adapter/base.py", line 100, in __call__
    return self.func(*args, **kwds)
           ^^^^^^^^^^^^^^^^^^^^^^^^
  File "/home/ywc/co-tilelang/tilelang/jit/adapter/tvm_ffi.py", line 330, in func
    result = self._get_executable()(*inputs, allocator_anchor)
             ^^^^^^^^^^^^^^^^^^^^^^^^^^^^^^^^^^^^^^^^^^^^^^^^^
  File "/home/ywc/mpk-env/lib/python3.12/site-packages/tvm_ffi/module.py", line 299, in __call__
    return self.main(*args)
           ^^^^^^^^^^^^^^^^
  File "python/tvm_ffi/cython/function.pxi", line 968, in tvm_ffi.core.Function.__call__
  File "<unknown>", line 0, in __tvm_ffi_main
  File "<unknown>", line 0, in __tvm_ffi_chunk_scan_fwd
  File "/home/ywc/co-tilelang/3rdparty/tvm/src/runtime/cuda/cuda_module.cc", line 271, in void tvm::runtime::CUDAWrappedFunc::operator()(tvm::ffi::PackedArgs, tvm::ffi::Any*, void**) const
    TVM_FFI_THROW(InternalError)
    
tvm.error.InternalError: Failed to set the allowed dynamic shared memory size to 166912

2026-09-24 15:30:10,751 WARNING:An error occurred while testing config {'block_M': 64, 'block_N': 64, 'block_K': 256, 'block_Dstate': 128, 'num_stages': 3}, checkout autotuner.log for more details
2026-09-24 15:30:10,751 DEBUG:Error: Traceback (most recent call last):
  File "/home/ywc/co-tilelang/tilelang/autotuner/tuner.py", line 597, in _run_benchmark_target
    latency, worker_ref_latency = _call_benchmark_target(_jit_kernel, _worker_state)
                                  ^^^^^^^^^^^^^^^^^^^^^^^^^^^^^^^^^^^^^^^^^^^^^^^^^^
  File "/home/ywc/co-tilelang/tilelang/autotuner/tuner.py", line 569, in _call_benchmark_target
    return invoke()
           ^^^^^^^^
  File "/home/ywc/co-tilelang/tilelang/autotuner/tuner.py", line 560, in invoke
    return benchmark_target(
           ^^^^^^^^^^^^^^^^^
  File "/home/ywc/co-tilelang/tilelang/autotuner/tuner.py", line 717, in _benchmark_target
    latency = profiler.do_bench(
              ^^^^^^^^^^^^^^^^^^
  File "/home/ywc/co-tilelang/tilelang/profiler/__init__.py", line 281, in do_bench
    return run_bench()
           ^^^^^^^^^^^
  File "/home/ywc/co-tilelang/tilelang/profiler/__init__.py", line 267, in run_bench
    return do_bench(
           ^^^^^^^^^
  File "/home/ywc/co-tilelang/tilelang/profiler/bench.py", line 128, in do_bench
    return _do_bench_impl(
           ^^^^^^^^^^^^^^^
  File "/home/ywc/co-tilelang/tilelang/profiler/bench.py", line 187, in _do_bench_impl
    fn()
  File "/home/ywc/co-tilelang/tilelang/jit/adapter/base.py", line 100, in __call__
    return self.func(*args, **kwds)
           ^^^^^^^^^^^^^^^^^^^^^^^^
  File "/home/ywc/co-tilelang/tilelang/jit/adapter/tvm_ffi.py", line 330, in func
    result = self._get_executable()(*inputs, allocator_anchor)
             ^^^^^^^^^^^^^^^^^^^^^^^^^^^^^^^^^^^^^^^^^^^^^^^^^
  File "/home/ywc/mpk-env/lib/python3.12/site-packages/tvm_ffi/module.py", line 299, in __call__
    return self.main(*args)
           ^^^^^^^^^^^^^^^^
  File "python/tvm_ffi/cython/function.pxi", line 968, in tvm_ffi.core.Function.__call__
  File "<unknown>", line 0, in __tvm_ffi_main
  File "<unknown>", line 0, in __tvm_ffi_chunk_scan_fwd
  File "/home/ywc/co-tilelang/3rdparty/tvm/src/runtime/cuda/cuda_module.cc", line 271, in void tvm::runtime::CUDAWrappedFunc::operator()(tvm::ffi::PackedArgs, tvm::ffi::Any*, void**) const
    TVM_FFI_THROW(InternalError)
    
tvm.error.InternalError: Failed to set the allowed dynamic shared memory size to 234496

2026-09-24 15:30:10,753 WARNING:An error occurred while testing config {'block_M': 64, 'block_N': 64, 'block_K': 256, 'block_Dstate': 128, 'num_stages': 4}, checkout autotuner.log for more details
2026-09-24 15:30:10,754 DEBUG:Error: Traceback (most recent call last):
  File "/home/ywc/co-tilelang/tilelang/autotuner/tuner.py", line 597, in _run_benchmark_target
    latency, worker_ref_latency = _call_benchmark_target(_jit_kernel, _worker_state)
                                  ^^^^^^^^^^^^^^^^^^^^^^^^^^^^^^^^^^^^^^^^^^^^^^^^^^
  File "/home/ywc/co-tilelang/tilelang/autotuner/tuner.py", line 569, in _call_benchmark_target
    return invoke()
           ^^^^^^^^
  File "/home/ywc/co-tilelang/tilelang/autotuner/tuner.py", line 560, in invoke
    return benchmark_target(
           ^^^^^^^^^^^^^^^^^
  File "/home/ywc/co-tilelang/tilelang/autotuner/tuner.py", line 717, in _benchmark_target
    latency = profiler.do_bench(
              ^^^^^^^^^^^^^^^^^^
  File "/home/ywc/co-tilelang/tilelang/profiler/__init__.py", line 281, in do_bench
    return run_bench()
           ^^^^^^^^^^^
  File "/home/ywc/co-tilelang/tilelang/profiler/__init__.py", line 267, in run_bench
    return do_bench(
           ^^^^^^^^^
  File "/home/ywc/co-tilelang/tilelang/profiler/bench.py", line 128, in do_bench
    return _do_bench_impl(
           ^^^^^^^^^^^^^^^
  File "/home/ywc/co-tilelang/tilelang/profiler/bench.py", line 187, in _do_bench_impl
    fn()
  File "/home/ywc/co-tilelang/tilelang/jit/adapter/base.py", line 100, in __call__
    return self.func(*args, **kwds)
           ^^^^^^^^^^^^^^^^^^^^^^^^
  File "/home/ywc/co-tilelang/tilelang/jit/adapter/tvm_ffi.py", line 330, in func
    result = self._get_executable()(*inputs, allocator_anchor)
             ^^^^^^^^^^^^^^^^^^^^^^^^^^^^^^^^^^^^^^^^^^^^^^^^^
  File "/home/ywc/mpk-env/lib/python3.12/site-packages/tvm_ffi/module.py", line 299, in __call__
    return self.main(*args)
           ^^^^^^^^^^^^^^^^
  File "python/tvm_ffi/cython/function.pxi", line 968, in tvm_ffi.core.Function.__call__
  File "<unknown>", line 0, in __tvm_ffi_main
  File "<unknown>", line 0, in __tvm_ffi_chunk_scan_fwd
  File "/home/ywc/co-tilelang/3rdparty/tvm/src/runtime/cuda/cuda_module.cc", line 271, in void tvm::runtime::CUDAWrappedFunc::operator()(tvm::ffi::PackedArgs, tvm::ffi::Any*, void**) const
    TVM_FFI_THROW(InternalError)
    
tvm.error.InternalError: Failed to set the allowed dynamic shared memory size to 300032

2026-09-24 15:30:10,757 WARNING:An error occurred while testing config {'block_M': 64, 'block_N': 64, 'block_K': 256, 'block_Dstate': 128, 'num_stages': 5}, checkout autotuner.log for more details
2026-09-24 15:30:10,757 DEBUG:Error: Traceback (most recent call last):
  File "/home/ywc/co-tilelang/tilelang/autotuner/tuner.py", line 597, in _run_benchmark_target
    latency, worker_ref_latency = _call_benchmark_target(_jit_kernel, _worker_state)
                                  ^^^^^^^^^^^^^^^^^^^^^^^^^^^^^^^^^^^^^^^^^^^^^^^^^^
  File "/home/ywc/co-tilelang/tilelang/autotuner/tuner.py", line 569, in _call_benchmark_target
    return invoke()
           ^^^^^^^^
  File "/home/ywc/co-tilelang/tilelang/autotuner/tuner.py", line 560, in invoke
    return benchmark_target(
           ^^^^^^^^^^^^^^^^^
  File "/home/ywc/co-tilelang/tilelang/autotuner/tuner.py", line 717, in _benchmark_target
    latency = profiler.do_bench(
              ^^^^^^^^^^^^^^^^^^
  File "/home/ywc/co-tilelang/tilelang/profiler/__init__.py", line 281, in do_bench
    return run_bench()
           ^^^^^^^^^^^
  File "/home/ywc/co-tilelang/tilelang/profiler/__init__.py", line 267, in run_bench
    return do_bench(
           ^^^^^^^^^
  File "/home/ywc/co-tilelang/tilelang/profiler/bench.py", line 128, in do_bench
    return _do_bench_impl(
           ^^^^^^^^^^^^^^^
  File "/home/ywc/co-tilelang/tilelang/profiler/bench.py", line 187, in _do_bench_impl
    fn()
  File "/home/ywc/co-tilelang/tilelang/jit/adapter/base.py", line 100, in __call__
    return self.func(*args, **kwds)
           ^^^^^^^^^^^^^^^^^^^^^^^^
  File "/home/ywc/co-tilelang/tilelang/jit/adapter/tvm_ffi.py", line 330, in func
    result = self._get_executable()(*inputs, allocator_anchor)
             ^^^^^^^^^^^^^^^^^^^^^^^^^^^^^^^^^^^^^^^^^^^^^^^^^
  File "/home/ywc/mpk-env/lib/python3.12/site-packages/tvm_ffi/module.py", line 299, in __call__
    return self.main(*args)
           ^^^^^^^^^^^^^^^^
  File "python/tvm_ffi/cython/function.pxi", line 968, in tvm_ffi.core.Function.__call__
  File "<unknown>", line 0, in __tvm_ffi_main
  File "<unknown>", line 0, in __tvm_ffi_chunk_scan_fwd
  File "/home/ywc/co-tilelang/3rdparty/tvm/src/runtime/cuda/cuda_module.cc", line 271, in void tvm::runtime::CUDAWrappedFunc::operator()(tvm::ffi::PackedArgs, tvm::ffi::Any*, void**) const
    TVM_FFI_THROW(InternalError)
    
tvm.error.InternalError: Failed to set the allowed dynamic shared memory size to 367616

2026-09-24 15:30:10,987 WARNING:An error occurred while testing config {'block_M': 128, 'block_N': 32, 'block_K': 64, 'block_Dstate': 128, 'num_stages': 3}, checkout autotuner.log for more details
2026-09-24 15:30:10,988 DEBUG:Error: Traceback (most recent call last):
  File "/home/ywc/co-tilelang/tilelang/autotuner/tuner.py", line 597, in _run_benchmark_target
    latency, worker_ref_latency = _call_benchmark_target(_jit_kernel, _worker_state)
                                  ^^^^^^^^^^^^^^^^^^^^^^^^^^^^^^^^^^^^^^^^^^^^^^^^^^
  File "/home/ywc/co-tilelang/tilelang/autotuner/tuner.py", line 569, in _call_benchmark_target
    return invoke()
           ^^^^^^^^
  File "/home/ywc/co-tilelang/tilelang/autotuner/tuner.py", line 560, in invoke
    return benchmark_target(
           ^^^^^^^^^^^^^^^^^
  File "/home/ywc/co-tilelang/tilelang/autotuner/tuner.py", line 717, in _benchmark_target
    latency = profiler.do_bench(
              ^^^^^^^^^^^^^^^^^^
  File "/home/ywc/co-tilelang/tilelang/profiler/__init__.py", line 281, in do_bench
    return run_bench()
           ^^^^^^^^^^^
  File "/home/ywc/co-tilelang/tilelang/profiler/__init__.py", line 267, in run_bench
    return do_bench(
           ^^^^^^^^^
  File "/home/ywc/co-tilelang/tilelang/profiler/bench.py", line 128, in do_bench
    return _do_bench_impl(
           ^^^^^^^^^^^^^^^
  File "/home/ywc/co-tilelang/tilelang/profiler/bench.py", line 187, in _do_bench_impl
    fn()
  File "/home/ywc/co-tilelang/tilelang/jit/adapter/base.py", line 100, in __call__
    return self.func(*args, **kwds)
           ^^^^^^^^^^^^^^^^^^^^^^^^
  File "/home/ywc/co-tilelang/tilelang/jit/adapter/tvm_ffi.py", line 330, in func
    result = self._get_executable()(*inputs, allocator_anchor)
             ^^^^^^^^^^^^^^^^^^^^^^^^^^^^^^^^^^^^^^^^^^^^^^^^^
  File "/home/ywc/mpk-env/lib/python3.12/site-packages/tvm_ffi/module.py", line 299, in __call__
    return self.main(*args)
           ^^^^^^^^^^^^^^^^
  File "python/tvm_ffi/cython/function.pxi", line 968, in tvm_ffi.core.Function.__call__
  File "<unknown>", line 0, in __tvm_ffi_main
  File "<unknown>", line 0, in __tvm_ffi_chunk_scan_fwd
  File "/home/ywc/co-tilelang/3rdparty/tvm/src/runtime/cuda/cuda_module.cc", line 271, in void tvm::runtime::CUDAWrappedFunc::operator()(tvm::ffi::PackedArgs, tvm::ffi::Any*, void**) const
    TVM_FFI_THROW(InternalError)
    
tvm.error.InternalError: Failed to set the allowed dynamic shared memory size to 104832

2026-09-24 15:30:10,990 WARNING:An error occurred while testing config {'block_M': 128, 'block_N': 32, 'block_K': 64, 'block_Dstate': 128, 'num_stages': 4}, checkout autotuner.log for more details
2026-09-24 15:30:10,990 DEBUG:Error: Traceback (most recent call last):
  File "/home/ywc/co-tilelang/tilelang/autotuner/tuner.py", line 597, in _run_benchmark_target
    latency, worker_ref_latency = _call_benchmark_target(_jit_kernel, _worker_state)
                                  ^^^^^^^^^^^^^^^^^^^^^^^^^^^^^^^^^^^^^^^^^^^^^^^^^^
  File "/home/ywc/co-tilelang/tilelang/autotuner/tuner.py", line 569, in _call_benchmark_target
    return invoke()
           ^^^^^^^^
  File "/home/ywc/co-tilelang/tilelang/autotuner/tuner.py", line 560, in invoke
    return benchmark_target(
           ^^^^^^^^^^^^^^^^^
  File "/home/ywc/co-tilelang/tilelang/autotuner/tuner.py", line 717, in _benchmark_target
    latency = profiler.do_bench(
              ^^^^^^^^^^^^^^^^^^
  File "/home/ywc/co-tilelang/tilelang/profiler/__init__.py", line 281, in do_bench
    return run_bench()
           ^^^^^^^^^^^
  File "/home/ywc/co-tilelang/tilelang/profiler/__init__.py", line 267, in run_bench
    return do_bench(
           ^^^^^^^^^
  File "/home/ywc/co-tilelang/tilelang/profiler/bench.py", line 128, in do_bench
    return _do_bench_impl(
           ^^^^^^^^^^^^^^^
  File "/home/ywc/co-tilelang/tilelang/profiler/bench.py", line 187, in _do_bench_impl
    fn()
  File "/home/ywc/co-tilelang/tilelang/jit/adapter/base.py", line 100, in __call__
    return self.func(*args, **kwds)
           ^^^^^^^^^^^^^^^^^^^^^^^^
  File "/home/ywc/co-tilelang/tilelang/jit/adapter/tvm_ffi.py", line 330, in func
    result = self._get_executable()(*inputs, allocator_anchor)
             ^^^^^^^^^^^^^^^^^^^^^^^^^^^^^^^^^^^^^^^^^^^^^^^^^
  File "/home/ywc/mpk-env/lib/python3.12/site-packages/tvm_ffi/module.py", line 299, in __call__
    return self.main(*args)
           ^^^^^^^^^^^^^^^^
  File "python/tvm_ffi/cython/function.pxi", line 968, in tvm_ffi.core.Function.__call__
  File "<unknown>", line 0, in __tvm_ffi_main
  File "<unknown>", line 0, in __tvm_ffi_chunk_scan_fwd
  File "/home/ywc/co-tilelang/3rdparty/tvm/src/runtime/cuda/cuda_module.cc", line 271, in void tvm::runtime::CUDAWrappedFunc::operator()(tvm::ffi::PackedArgs, tvm::ffi::Any*, void**) const
    TVM_FFI_THROW(InternalError)
    
tvm.error.InternalError: Failed to set the allowed dynamic shared memory size to 125440

2026-09-24 15:30:10,992 WARNING:An error occurred while testing config {'block_M': 128, 'block_N': 32, 'block_K': 64, 'block_Dstate': 128, 'num_stages': 5}, checkout autotuner.log for more details
2026-09-24 15:30:10,992 DEBUG:Error: Traceback (most recent call last):
  File "/home/ywc/co-tilelang/tilelang/autotuner/tuner.py", line 597, in _run_benchmark_target
    latency, worker_ref_latency = _call_benchmark_target(_jit_kernel, _worker_state)
                                  ^^^^^^^^^^^^^^^^^^^^^^^^^^^^^^^^^^^^^^^^^^^^^^^^^^
  File "/home/ywc/co-tilelang/tilelang/autotuner/tuner.py", line 569, in _call_benchmark_target
    return invoke()
           ^^^^^^^^
  File "/home/ywc/co-tilelang/tilelang/autotuner/tuner.py", line 560, in invoke
    return benchmark_target(
           ^^^^^^^^^^^^^^^^^
  File "/home/ywc/co-tilelang/tilelang/autotuner/tuner.py", line 717, in _benchmark_target
    latency = profiler.do_bench(
              ^^^^^^^^^^^^^^^^^^
  File "/home/ywc/co-tilelang/tilelang/profiler/__init__.py", line 281, in do_bench
    return run_bench()
           ^^^^^^^^^^^
  File "/home/ywc/co-tilelang/tilelang/profiler/__init__.py", line 267, in run_bench
    return do_bench(
           ^^^^^^^^^
  File "/home/ywc/co-tilelang/tilelang/profiler/bench.py", line 128, in do_bench
    return _do_bench_impl(
           ^^^^^^^^^^^^^^^
  File "/home/ywc/co-tilelang/tilelang/profiler/bench.py", line 187, in _do_bench_impl
    fn()
  File "/home/ywc/co-tilelang/tilelang/jit/adapter/base.py", line 100, in __call__
    return self.func(*args, **kwds)
           ^^^^^^^^^^^^^^^^^^^^^^^^
  File "/home/ywc/co-tilelang/tilelang/jit/adapter/tvm_ffi.py", line 330, in func
    result = self._get_executable()(*inputs, allocator_anchor)
             ^^^^^^^^^^^^^^^^^^^^^^^^^^^^^^^^^^^^^^^^^^^^^^^^^
  File "/home/ywc/mpk-env/lib/python3.12/site-packages/tvm_ffi/module.py", line 299, in __call__
    return self.main(*args)
           ^^^^^^^^^^^^^^^^
  File "python/tvm_ffi/cython/function.pxi", line 968, in tvm_ffi.core.Function.__call__
  File "<unknown>", line 0, in __tvm_ffi_main
  File "<unknown>", line 0, in __tvm_ffi_chunk_scan_fwd
  File "/home/ywc/co-tilelang/3rdparty/tvm/src/runtime/cuda/cuda_module.cc", line 271, in void tvm::runtime::CUDAWrappedFunc::operator()(tvm::ffi::PackedArgs, tvm::ffi::Any*, void**) const
    TVM_FFI_THROW(InternalError)
    
tvm.error.InternalError: Failed to set the allowed dynamic shared memory size to 146048

2026-09-24 15:30:11,110 WARNING:An error occurred while testing config {'block_M': 128, 'block_N': 32, 'block_K': 128, 'block_Dstate': 128, 'num_stages': 2}, checkout autotuner.log for more details
2026-09-24 15:30:11,110 DEBUG:Error: Traceback (most recent call last):
  File "/home/ywc/co-tilelang/tilelang/autotuner/tuner.py", line 597, in _run_benchmark_target
    latency, worker_ref_latency = _call_benchmark_target(_jit_kernel, _worker_state)
                                  ^^^^^^^^^^^^^^^^^^^^^^^^^^^^^^^^^^^^^^^^^^^^^^^^^^
  File "/home/ywc/co-tilelang/tilelang/autotuner/tuner.py", line 569, in _call_benchmark_target
    return invoke()
           ^^^^^^^^
  File "/home/ywc/co-tilelang/tilelang/autotuner/tuner.py", line 560, in invoke
    return benchmark_target(
           ^^^^^^^^^^^^^^^^^
  File "/home/ywc/co-tilelang/tilelang/autotuner/tuner.py", line 717, in _benchmark_target
    latency = profiler.do_bench(
              ^^^^^^^^^^^^^^^^^^
  File "/home/ywc/co-tilelang/tilelang/profiler/__init__.py", line 281, in do_bench
    return run_bench()
           ^^^^^^^^^^^
  File "/home/ywc/co-tilelang/tilelang/profiler/__init__.py", line 267, in run_bench
    return do_bench(
           ^^^^^^^^^
  File "/home/ywc/co-tilelang/tilelang/profiler/bench.py", line 128, in do_bench
    return _do_bench_impl(
           ^^^^^^^^^^^^^^^
  File "/home/ywc/co-tilelang/tilelang/profiler/bench.py", line 187, in _do_bench_impl
    fn()
  File "/home/ywc/co-tilelang/tilelang/jit/adapter/base.py", line 100, in __call__
    return self.func(*args, **kwds)
           ^^^^^^^^^^^^^^^^^^^^^^^^
  File "/home/ywc/co-tilelang/tilelang/jit/adapter/tvm_ffi.py", line 330, in func
    result = self._get_executable()(*inputs, allocator_anchor)
             ^^^^^^^^^^^^^^^^^^^^^^^^^^^^^^^^^^^^^^^^^^^^^^^^^
  File "/home/ywc/mpk-env/lib/python3.12/site-packages/tvm_ffi/module.py", line 299, in __call__
    return self.main(*args)
           ^^^^^^^^^^^^^^^^
  File "python/tvm_ffi/cython/function.pxi", line 968, in tvm_ffi.core.Function.__call__
  File "<unknown>", line 0, in __tvm_ffi_main
  File "<unknown>", line 0, in __tvm_ffi_chunk_scan_fwd
  File "/home/ywc/co-tilelang/3rdparty/tvm/src/runtime/cuda/cuda_module.cc", line 271, in void tvm::runtime::CUDAWrappedFunc::operator()(tvm::ffi::PackedArgs, tvm::ffi::Any*, void**) const
    TVM_FFI_THROW(InternalError)
    
tvm.error.InternalError: Failed to set the allowed dynamic shared memory size to 125440

2026-09-24 15:30:11,112 WARNING:An error occurred while testing config {'block_M': 128, 'block_N': 32, 'block_K': 128, 'block_Dstate': 128, 'num_stages': 3}, checkout autotuner.log for more details
2026-09-24 15:30:11,112 DEBUG:Error: Traceback (most recent call last):
  File "/home/ywc/co-tilelang/tilelang/autotuner/tuner.py", line 597, in _run_benchmark_target
    latency, worker_ref_latency = _call_benchmark_target(_jit_kernel, _worker_state)
                                  ^^^^^^^^^^^^^^^^^^^^^^^^^^^^^^^^^^^^^^^^^^^^^^^^^^
  File "/home/ywc/co-tilelang/tilelang/autotuner/tuner.py", line 569, in _call_benchmark_target
    return invoke()
           ^^^^^^^^
  File "/home/ywc/co-tilelang/tilelang/autotuner/tuner.py", line 560, in invoke
    return benchmark_target(
           ^^^^^^^^^^^^^^^^^
  File "/home/ywc/co-tilelang/tilelang/autotuner/tuner.py", line 717, in _benchmark_target
    latency = profiler.do_bench(
              ^^^^^^^^^^^^^^^^^^
  File "/home/ywc/co-tilelang/tilelang/profiler/__init__.py", line 281, in do_bench
    return run_bench()
           ^^^^^^^^^^^
  File "/home/ywc/co-tilelang/tilelang/profiler/__init__.py", line 267, in run_bench
    return do_bench(
           ^^^^^^^^^
  File "/home/ywc/co-tilelang/tilelang/profiler/bench.py", line 128, in do_bench
    return _do_bench_impl(
           ^^^^^^^^^^^^^^^
  File "/home/ywc/co-tilelang/tilelang/profiler/bench.py", line 187, in _do_bench_impl
    fn()
  File "/home/ywc/co-tilelang/tilelang/jit/adapter/base.py", line 100, in __call__
    return self.func(*args, **kwds)
           ^^^^^^^^^^^^^^^^^^^^^^^^
  File "/home/ywc/co-tilelang/tilelang/jit/adapter/tvm_ffi.py", line 330, in func
    result = self._get_executable()(*inputs, allocator_anchor)
             ^^^^^^^^^^^^^^^^^^^^^^^^^^^^^^^^^^^^^^^^^^^^^^^^^
  File "/home/ywc/mpk-env/lib/python3.12/site-packages/tvm_ffi/module.py", line 299, in __call__
    return self.main(*args)
           ^^^^^^^^^^^^^^^^
  File "python/tvm_ffi/cython/function.pxi", line 968, in tvm_ffi.core.Function.__call__
  File "<unknown>", line 0, in __tvm_ffi_main
  File "<unknown>", line 0, in __tvm_ffi_chunk_scan_fwd
  File "/home/ywc/co-tilelang/3rdparty/tvm/src/runtime/cuda/cuda_module.cc", line 271, in void tvm::runtime::CUDAWrappedFunc::operator()(tvm::ffi::PackedArgs, tvm::ffi::Any*, void**) const
    TVM_FFI_THROW(InternalError)
    
tvm.error.InternalError: Failed to set the allowed dynamic shared memory size to 166656

2026-09-24 15:30:11,115 WARNING:An error occurred while testing config {'block_M': 128, 'block_N': 32, 'block_K': 128, 'block_Dstate': 128, 'num_stages': 4}, checkout autotuner.log for more details
2026-09-24 15:30:11,115 DEBUG:Error: Traceback (most recent call last):
  File "/home/ywc/co-tilelang/tilelang/autotuner/tuner.py", line 597, in _run_benchmark_target
    latency, worker_ref_latency = _call_benchmark_target(_jit_kernel, _worker_state)
                                  ^^^^^^^^^^^^^^^^^^^^^^^^^^^^^^^^^^^^^^^^^^^^^^^^^^
  File "/home/ywc/co-tilelang/tilelang/autotuner/tuner.py", line 569, in _call_benchmark_target
    return invoke()
           ^^^^^^^^
  File "/home/ywc/co-tilelang/tilelang/autotuner/tuner.py", line 560, in invoke
    return benchmark_target(
           ^^^^^^^^^^^^^^^^^
  File "/home/ywc/co-tilelang/tilelang/autotuner/tuner.py", line 717, in _benchmark_target
    latency = profiler.do_bench(
              ^^^^^^^^^^^^^^^^^^
  File "/home/ywc/co-tilelang/tilelang/profiler/__init__.py", line 281, in do_bench
    return run_bench()
           ^^^^^^^^^^^
  File "/home/ywc/co-tilelang/tilelang/profiler/__init__.py", line 267, in run_bench
    return do_bench(
           ^^^^^^^^^
  File "/home/ywc/co-tilelang/tilelang/profiler/bench.py", line 128, in do_bench
    return _do_bench_impl(
           ^^^^^^^^^^^^^^^
  File "/home/ywc/co-tilelang/tilelang/profiler/bench.py", line 187, in _do_bench_impl
    fn()
  File "/home/ywc/co-tilelang/tilelang/jit/adapter/base.py", line 100, in __call__
    return self.func(*args, **kwds)
           ^^^^^^^^^^^^^^^^^^^^^^^^
  File "/home/ywc/co-tilelang/tilelang/jit/adapter/tvm_ffi.py", line 330, in func
    result = self._get_executable()(*inputs, allocator_anchor)
             ^^^^^^^^^^^^^^^^^^^^^^^^^^^^^^^^^^^^^^^^^^^^^^^^^
  File "/home/ywc/mpk-env/lib/python3.12/site-packages/tvm_ffi/module.py", line 299, in __call__
    return self.main(*args)
           ^^^^^^^^^^^^^^^^
  File "python/tvm_ffi/cython/function.pxi", line 968, in tvm_ffi.core.Function.__call__
  File "<unknown>", line 0, in __tvm_ffi_main
  File "<unknown>", line 0, in __tvm_ffi_chunk_scan_fwd
  File "/home/ywc/co-tilelang/3rdparty/tvm/src/runtime/cuda/cuda_module.cc", line 271, in void tvm::runtime::CUDAWrappedFunc::operator()(tvm::ffi::PackedArgs, tvm::ffi::Any*, void**) const
    TVM_FFI_THROW(InternalError)
    
tvm.error.InternalError: Failed to set the allowed dynamic shared memory size to 207872

2026-09-24 15:30:11,116 WARNING:An error occurred while testing config {'block_M': 128, 'block_N': 32, 'block_K': 128, 'block_Dstate': 128, 'num_stages': 5}, checkout autotuner.log for more details
2026-09-24 15:30:11,117 DEBUG:Error: Traceback (most recent call last):
  File "/home/ywc/co-tilelang/tilelang/autotuner/tuner.py", line 597, in _run_benchmark_target
    latency, worker_ref_latency = _call_benchmark_target(_jit_kernel, _worker_state)
                                  ^^^^^^^^^^^^^^^^^^^^^^^^^^^^^^^^^^^^^^^^^^^^^^^^^^
  File "/home/ywc/co-tilelang/tilelang/autotuner/tuner.py", line 569, in _call_benchmark_target
    return invoke()
           ^^^^^^^^
  File "/home/ywc/co-tilelang/tilelang/autotuner/tuner.py", line 560, in invoke
    return benchmark_target(
           ^^^^^^^^^^^^^^^^^
  File "/home/ywc/co-tilelang/tilelang/autotuner/tuner.py", line 717, in _benchmark_target
    latency = profiler.do_bench(
              ^^^^^^^^^^^^^^^^^^
  File "/home/ywc/co-tilelang/tilelang/profiler/__init__.py", line 281, in do_bench
    return run_bench()
           ^^^^^^^^^^^
  File "/home/ywc/co-tilelang/tilelang/profiler/__init__.py", line 267, in run_bench
    return do_bench(
           ^^^^^^^^^
  File "/home/ywc/co-tilelang/tilelang/profiler/bench.py", line 128, in do_bench
    return _do_bench_impl(
           ^^^^^^^^^^^^^^^
  File "/home/ywc/co-tilelang/tilelang/profiler/bench.py", line 187, in _do_bench_impl
    fn()
  File "/home/ywc/co-tilelang/tilelang/jit/adapter/base.py", line 100, in __call__
    return self.func(*args, **kwds)
           ^^^^^^^^^^^^^^^^^^^^^^^^
  File "/home/ywc/co-tilelang/tilelang/jit/adapter/tvm_ffi.py", line 330, in func
    result = self._get_executable()(*inputs, allocator_anchor)
             ^^^^^^^^^^^^^^^^^^^^^^^^^^^^^^^^^^^^^^^^^^^^^^^^^
  File "/home/ywc/mpk-env/lib/python3.12/site-packages/tvm_ffi/module.py", line 299, in __call__
    return self.main(*args)
           ^^^^^^^^^^^^^^^^
  File "python/tvm_ffi/cython/function.pxi", line 968, in tvm_ffi.core.Function.__call__
  File "<unknown>", line 0, in __tvm_ffi_main
  File "<unknown>", line 0, in __tvm_ffi_chunk_scan_fwd
  File "/home/ywc/co-tilelang/3rdparty/tvm/src/runtime/cuda/cuda_module.cc", line 271, in void tvm::runtime::CUDAWrappedFunc::operator()(tvm::ffi::PackedArgs, tvm::ffi::Any*, void**) const
    TVM_FFI_THROW(InternalError)
    
tvm.error.InternalError: Failed to set the allowed dynamic shared memory size to 250112

2026-09-24 15:30:11,119 WARNING:An error occurred while testing config {'block_M': 128, 'block_N': 32, 'block_K': 256, 'block_Dstate': 128, 'num_stages': 1}, checkout autotuner.log for more details
2026-09-24 15:30:11,119 DEBUG:Error: Traceback (most recent call last):
  File "/home/ywc/co-tilelang/tilelang/autotuner/tuner.py", line 597, in _run_benchmark_target
    latency, worker_ref_latency = _call_benchmark_target(_jit_kernel, _worker_state)
                                  ^^^^^^^^^^^^^^^^^^^^^^^^^^^^^^^^^^^^^^^^^^^^^^^^^^
  File "/home/ywc/co-tilelang/tilelang/autotuner/tuner.py", line 569, in _call_benchmark_target
    return invoke()
           ^^^^^^^^
  File "/home/ywc/co-tilelang/tilelang/autotuner/tuner.py", line 560, in invoke
    return benchmark_target(
           ^^^^^^^^^^^^^^^^^
  File "/home/ywc/co-tilelang/tilelang/autotuner/tuner.py", line 717, in _benchmark_target
    latency = profiler.do_bench(
              ^^^^^^^^^^^^^^^^^^
  File "/home/ywc/co-tilelang/tilelang/profiler/__init__.py", line 281, in do_bench
    return run_bench()
           ^^^^^^^^^^^
  File "/home/ywc/co-tilelang/tilelang/profiler/__init__.py", line 267, in run_bench
    return do_bench(
           ^^^^^^^^^
  File "/home/ywc/co-tilelang/tilelang/profiler/bench.py", line 128, in do_bench
    return _do_bench_impl(
           ^^^^^^^^^^^^^^^
  File "/home/ywc/co-tilelang/tilelang/profiler/bench.py", line 187, in _do_bench_impl
    fn()
  File "/home/ywc/co-tilelang/tilelang/jit/adapter/base.py", line 100, in __call__
    return self.func(*args, **kwds)
           ^^^^^^^^^^^^^^^^^^^^^^^^
  File "/home/ywc/co-tilelang/tilelang/jit/adapter/tvm_ffi.py", line 330, in func
    result = self._get_executable()(*inputs, allocator_anchor)
             ^^^^^^^^^^^^^^^^^^^^^^^^^^^^^^^^^^^^^^^^^^^^^^^^^
  File "/home/ywc/mpk-env/lib/python3.12/site-packages/tvm_ffi/module.py", line 299, in __call__
    return self.main(*args)
           ^^^^^^^^^^^^^^^^
  File "python/tvm_ffi/cython/function.pxi", line 968, in tvm_ffi.core.Function.__call__
  File "<unknown>", line 0, in __tvm_ffi_main
  File "<unknown>", line 0, in __tvm_ffi_chunk_scan_fwd
  File "/home/ywc/co-tilelang/3rdparty/tvm/src/runtime/cuda/cuda_module.cc", line 271, in void tvm::runtime::CUDAWrappedFunc::operator()(tvm::ffi::PackedArgs, tvm::ffi::Any*, void**) const
    TVM_FFI_THROW(InternalError)
    
tvm.error.InternalError: Failed to set the allowed dynamic shared memory size to 125440

2026-09-24 15:30:11,122 WARNING:An error occurred while testing config {'block_M': 128, 'block_N': 32, 'block_K': 256, 'block_Dstate': 128, 'num_stages': 2}, checkout autotuner.log for more details
2026-09-24 15:30:11,122 DEBUG:Error: Traceback (most recent call last):
  File "/home/ywc/co-tilelang/tilelang/autotuner/tuner.py", line 597, in _run_benchmark_target
    latency, worker_ref_latency = _call_benchmark_target(_jit_kernel, _worker_state)
                                  ^^^^^^^^^^^^^^^^^^^^^^^^^^^^^^^^^^^^^^^^^^^^^^^^^^
  File "/home/ywc/co-tilelang/tilelang/autotuner/tuner.py", line 569, in _call_benchmark_target
    return invoke()
           ^^^^^^^^
  File "/home/ywc/co-tilelang/tilelang/autotuner/tuner.py", line 560, in invoke
    return benchmark_target(
           ^^^^^^^^^^^^^^^^^
  File "/home/ywc/co-tilelang/tilelang/autotuner/tuner.py", line 717, in _benchmark_target
    latency = profiler.do_bench(
              ^^^^^^^^^^^^^^^^^^
  File "/home/ywc/co-tilelang/tilelang/profiler/__init__.py", line 281, in do_bench
    return run_bench()
           ^^^^^^^^^^^
  File "/home/ywc/co-tilelang/tilelang/profiler/__init__.py", line 267, in run_bench
    return do_bench(
           ^^^^^^^^^
  File "/home/ywc/co-tilelang/tilelang/profiler/bench.py", line 128, in do_bench
    return _do_bench_impl(
           ^^^^^^^^^^^^^^^
  File "/home/ywc/co-tilelang/tilelang/profiler/bench.py", line 187, in _do_bench_impl
    fn()
  File "/home/ywc/co-tilelang/tilelang/jit/adapter/base.py", line 100, in __call__
    return self.func(*args, **kwds)
           ^^^^^^^^^^^^^^^^^^^^^^^^
  File "/home/ywc/co-tilelang/tilelang/jit/adapter/tvm_ffi.py", line 330, in func
    result = self._get_executable()(*inputs, allocator_anchor)
             ^^^^^^^^^^^^^^^^^^^^^^^^^^^^^^^^^^^^^^^^^^^^^^^^^
  File "/home/ywc/mpk-env/lib/python3.12/site-packages/tvm_ffi/module.py", line 299, in __call__
    return self.main(*args)
           ^^^^^^^^^^^^^^^^
  File "python/tvm_ffi/cython/function.pxi", line 968, in tvm_ffi.core.Function.__call__
  File "<unknown>", line 0, in __tvm_ffi_main
  File "<unknown>", line 0, in __tvm_ffi_chunk_scan_fwd
  File "/home/ywc/co-tilelang/3rdparty/tvm/src/runtime/cuda/cuda_module.cc", line 271, in void tvm::runtime::CUDAWrappedFunc::operator()(tvm::ffi::PackedArgs, tvm::ffi::Any*, void**) const
    TVM_FFI_THROW(InternalError)
    
tvm.error.InternalError: Failed to set the allowed dynamic shared memory size to 207872

2026-09-24 15:30:11,124 WARNING:An error occurred while testing config {'block_M': 128, 'block_N': 32, 'block_K': 256, 'block_Dstate': 128, 'num_stages': 3}, checkout autotuner.log for more details
2026-09-24 15:30:11,124 DEBUG:Error: Traceback (most recent call last):
  File "/home/ywc/co-tilelang/tilelang/autotuner/tuner.py", line 597, in _run_benchmark_target
    latency, worker_ref_latency = _call_benchmark_target(_jit_kernel, _worker_state)
                                  ^^^^^^^^^^^^^^^^^^^^^^^^^^^^^^^^^^^^^^^^^^^^^^^^^^
  File "/home/ywc/co-tilelang/tilelang/autotuner/tuner.py", line 569, in _call_benchmark_target
    return invoke()
           ^^^^^^^^
  File "/home/ywc/co-tilelang/tilelang/autotuner/tuner.py", line 560, in invoke
    return benchmark_target(
           ^^^^^^^^^^^^^^^^^
  File "/home/ywc/co-tilelang/tilelang/autotuner/tuner.py", line 717, in _benchmark_target
    latency = profiler.do_bench(
              ^^^^^^^^^^^^^^^^^^
  File "/home/ywc/co-tilelang/tilelang/profiler/__init__.py", line 281, in do_bench
    return run_bench()
           ^^^^^^^^^^^
  File "/home/ywc/co-tilelang/tilelang/profiler/__init__.py", line 267, in run_bench
    return do_bench(
           ^^^^^^^^^
  File "/home/ywc/co-tilelang/tilelang/profiler/bench.py", line 128, in do_bench
    return _do_bench_impl(
           ^^^^^^^^^^^^^^^
  File "/home/ywc/co-tilelang/tilelang/profiler/bench.py", line 187, in _do_bench_impl
    fn()
  File "/home/ywc/co-tilelang/tilelang/jit/adapter/base.py", line 100, in __call__
    return self.func(*args, **kwds)
           ^^^^^^^^^^^^^^^^^^^^^^^^
  File "/home/ywc/co-tilelang/tilelang/jit/adapter/tvm_ffi.py", line 330, in func
    result = self._get_executable()(*inputs, allocator_anchor)
             ^^^^^^^^^^^^^^^^^^^^^^^^^^^^^^^^^^^^^^^^^^^^^^^^^
  File "/home/ywc/mpk-env/lib/python3.12/site-packages/tvm_ffi/module.py", line 299, in __call__
    return self.main(*args)
           ^^^^^^^^^^^^^^^^
  File "python/tvm_ffi/cython/function.pxi", line 968, in tvm_ffi.core.Function.__call__
  File "<unknown>", line 0, in __tvm_ffi_main
  File "<unknown>", line 0, in __tvm_ffi_chunk_scan_fwd
  File "/home/ywc/co-tilelang/3rdparty/tvm/src/runtime/cuda/cuda_module.cc", line 271, in void tvm::runtime::CUDAWrappedFunc::operator()(tvm::ffi::PackedArgs, tvm::ffi::Any*, void**) const
    TVM_FFI_THROW(InternalError)
    
tvm.error.InternalError: Failed to set the allowed dynamic shared memory size to 291328

2026-09-24 15:30:11,127 WARNING:An error occurred while testing config {'block_M': 128, 'block_N': 32, 'block_K': 256, 'block_Dstate': 128, 'num_stages': 4}, checkout autotuner.log for more details
2026-09-24 15:30:11,127 DEBUG:Error: Traceback (most recent call last):
  File "/home/ywc/co-tilelang/tilelang/autotuner/tuner.py", line 597, in _run_benchmark_target
    latency, worker_ref_latency = _call_benchmark_target(_jit_kernel, _worker_state)
                                  ^^^^^^^^^^^^^^^^^^^^^^^^^^^^^^^^^^^^^^^^^^^^^^^^^^
  File "/home/ywc/co-tilelang/tilelang/autotuner/tuner.py", line 569, in _call_benchmark_target
    return invoke()
           ^^^^^^^^
  File "/home/ywc/co-tilelang/tilelang/autotuner/tuner.py", line 560, in invoke
    return benchmark_target(
           ^^^^^^^^^^^^^^^^^
  File "/home/ywc/co-tilelang/tilelang/autotuner/tuner.py", line 717, in _benchmark_target
    latency = profiler.do_bench(
              ^^^^^^^^^^^^^^^^^^
  File "/home/ywc/co-tilelang/tilelang/profiler/__init__.py", line 281, in do_bench
    return run_bench()
           ^^^^^^^^^^^
  File "/home/ywc/co-tilelang/tilelang/profiler/__init__.py", line 267, in run_bench
    return do_bench(
           ^^^^^^^^^
  File "/home/ywc/co-tilelang/tilelang/profiler/bench.py", line 128, in do_bench
    return _do_bench_impl(
           ^^^^^^^^^^^^^^^
  File "/home/ywc/co-tilelang/tilelang/profiler/bench.py", line 187, in _do_bench_impl
    fn()
  File "/home/ywc/co-tilelang/tilelang/jit/adapter/base.py", line 100, in __call__
    return self.func(*args, **kwds)
           ^^^^^^^^^^^^^^^^^^^^^^^^
  File "/home/ywc/co-tilelang/tilelang/jit/adapter/tvm_ffi.py", line 330, in func
    result = self._get_executable()(*inputs, allocator_anchor)
             ^^^^^^^^^^^^^^^^^^^^^^^^^^^^^^^^^^^^^^^^^^^^^^^^^
  File "/home/ywc/mpk-env/lib/python3.12/site-packages/tvm_ffi/module.py", line 299, in __call__
    return self.main(*args)
           ^^^^^^^^^^^^^^^^
  File "python/tvm_ffi/cython/function.pxi", line 968, in tvm_ffi.core.Function.__call__
  File "<unknown>", line 0, in __tvm_ffi_main
  File "<unknown>", line 0, in __tvm_ffi_chunk_scan_fwd
  File "/home/ywc/co-tilelang/3rdparty/tvm/src/runtime/cuda/cuda_module.cc", line 271, in void tvm::runtime::CUDAWrappedFunc::operator()(tvm::ffi::PackedArgs, tvm::ffi::Any*, void**) const
    TVM_FFI_THROW(InternalError)
    
tvm.error.InternalError: Failed to set the allowed dynamic shared memory size to 373760

2026-09-24 15:30:11,129 WARNING:An error occurred while testing config {'block_M': 128, 'block_N': 32, 'block_K': 256, 'block_Dstate': 128, 'num_stages': 5}, checkout autotuner.log for more details
2026-09-24 15:30:11,129 DEBUG:Error: Traceback (most recent call last):
  File "/home/ywc/co-tilelang/tilelang/autotuner/tuner.py", line 597, in _run_benchmark_target
    latency, worker_ref_latency = _call_benchmark_target(_jit_kernel, _worker_state)
                                  ^^^^^^^^^^^^^^^^^^^^^^^^^^^^^^^^^^^^^^^^^^^^^^^^^^
  File "/home/ywc/co-tilelang/tilelang/autotuner/tuner.py", line 569, in _call_benchmark_target
    return invoke()
           ^^^^^^^^
  File "/home/ywc/co-tilelang/tilelang/autotuner/tuner.py", line 560, in invoke
    return benchmark_target(
           ^^^^^^^^^^^^^^^^^
  File "/home/ywc/co-tilelang/tilelang/autotuner/tuner.py", line 717, in _benchmark_target
    latency = profiler.do_bench(
              ^^^^^^^^^^^^^^^^^^
  File "/home/ywc/co-tilelang/tilelang/profiler/__init__.py", line 281, in do_bench
    return run_bench()
           ^^^^^^^^^^^
  File "/home/ywc/co-tilelang/tilelang/profiler/__init__.py", line 267, in run_bench
    return do_bench(
           ^^^^^^^^^
  File "/home/ywc/co-tilelang/tilelang/profiler/bench.py", line 128, in do_bench
    return _do_bench_impl(
           ^^^^^^^^^^^^^^^
  File "/home/ywc/co-tilelang/tilelang/profiler/bench.py", line 187, in _do_bench_impl
    fn()
  File "/home/ywc/co-tilelang/tilelang/jit/adapter/base.py", line 100, in __call__
    return self.func(*args, **kwds)
           ^^^^^^^^^^^^^^^^^^^^^^^^
  File "/home/ywc/co-tilelang/tilelang/jit/adapter/tvm_ffi.py", line 330, in func
    result = self._get_executable()(*inputs, allocator_anchor)
             ^^^^^^^^^^^^^^^^^^^^^^^^^^^^^^^^^^^^^^^^^^^^^^^^^
  File "/home/ywc/mpk-env/lib/python3.12/site-packages/tvm_ffi/module.py", line 299, in __call__
    return self.main(*args)
           ^^^^^^^^^^^^^^^^
  File "python/tvm_ffi/cython/function.pxi", line 968, in tvm_ffi.core.Function.__call__
  File "<unknown>", line 0, in __tvm_ffi_main
  File "<unknown>", line 0, in __tvm_ffi_chunk_scan_fwd
  File "/home/ywc/co-tilelang/3rdparty/tvm/src/runtime/cuda/cuda_module.cc", line 271, in void tvm::runtime::CUDAWrappedFunc::operator()(tvm::ffi::PackedArgs, tvm::ffi::Any*, void**) const
    TVM_FFI_THROW(InternalError)
    
tvm.error.InternalError: Failed to set the allowed dynamic shared memory size to 457216

2026-09-24 15:30:11,207 WARNING:An error occurred while testing config {'block_M': 128, 'block_N': 64, 'block_K': 64, 'block_Dstate': 128, 'num_stages': 2}, checkout autotuner.log for more details
2026-09-24 15:30:11,208 DEBUG:Error: Traceback (most recent call last):
  File "/home/ywc/co-tilelang/tilelang/autotuner/tuner.py", line 597, in _run_benchmark_target
    latency, worker_ref_latency = _call_benchmark_target(_jit_kernel, _worker_state)
                                  ^^^^^^^^^^^^^^^^^^^^^^^^^^^^^^^^^^^^^^^^^^^^^^^^^^
  File "/home/ywc/co-tilelang/tilelang/autotuner/tuner.py", line 569, in _call_benchmark_target
    return invoke()
           ^^^^^^^^
  File "/home/ywc/co-tilelang/tilelang/autotuner/tuner.py", line 560, in invoke
    return benchmark_target(
           ^^^^^^^^^^^^^^^^^
  File "/home/ywc/co-tilelang/tilelang/autotuner/tuner.py", line 717, in _benchmark_target
    latency = profiler.do_bench(
              ^^^^^^^^^^^^^^^^^^
  File "/home/ywc/co-tilelang/tilelang/profiler/__init__.py", line 281, in do_bench
    return run_bench()
           ^^^^^^^^^^^
  File "/home/ywc/co-tilelang/tilelang/profiler/__init__.py", line 267, in run_bench
    return do_bench(
           ^^^^^^^^^
  File "/home/ywc/co-tilelang/tilelang/profiler/bench.py", line 128, in do_bench
    return _do_bench_impl(
           ^^^^^^^^^^^^^^^
  File "/home/ywc/co-tilelang/tilelang/profiler/bench.py", line 187, in _do_bench_impl
    fn()
  File "/home/ywc/co-tilelang/tilelang/jit/adapter/base.py", line 100, in __call__
    return self.func(*args, **kwds)
           ^^^^^^^^^^^^^^^^^^^^^^^^
  File "/home/ywc/co-tilelang/tilelang/jit/adapter/tvm_ffi.py", line 330, in func
    result = self._get_executable()(*inputs, allocator_anchor)
             ^^^^^^^^^^^^^^^^^^^^^^^^^^^^^^^^^^^^^^^^^^^^^^^^^
  File "/home/ywc/mpk-env/lib/python3.12/site-packages/tvm_ffi/module.py", line 299, in __call__
    return self.main(*args)
           ^^^^^^^^^^^^^^^^
  File "python/tvm_ffi/cython/function.pxi", line 968, in tvm_ffi.core.Function.__call__
  File "<unknown>", line 0, in __tvm_ffi_main
  File "<unknown>", line 0, in __tvm_ffi_chunk_scan_fwd
  File "/home/ywc/co-tilelang/3rdparty/tvm/src/runtime/cuda/cuda_module.cc", line 271, in void tvm::runtime::CUDAWrappedFunc::operator()(tvm::ffi::PackedArgs, tvm::ffi::Any*, void**) const
    TVM_FFI_THROW(InternalError)
    
tvm.error.InternalError: Failed to set the allowed dynamic shared memory size to 100608

2026-09-24 15:30:11,210 WARNING:An error occurred while testing config {'block_M': 128, 'block_N': 64, 'block_K': 64, 'block_Dstate': 128, 'num_stages': 3}, checkout autotuner.log for more details
2026-09-24 15:30:11,210 DEBUG:Error: Traceback (most recent call last):
  File "/home/ywc/co-tilelang/tilelang/autotuner/tuner.py", line 597, in _run_benchmark_target
    latency, worker_ref_latency = _call_benchmark_target(_jit_kernel, _worker_state)
                                  ^^^^^^^^^^^^^^^^^^^^^^^^^^^^^^^^^^^^^^^^^^^^^^^^^^
  File "/home/ywc/co-tilelang/tilelang/autotuner/tuner.py", line 569, in _call_benchmark_target
    return invoke()
           ^^^^^^^^
  File "/home/ywc/co-tilelang/tilelang/autotuner/tuner.py", line 560, in invoke
    return benchmark_target(
           ^^^^^^^^^^^^^^^^^
  File "/home/ywc/co-tilelang/tilelang/autotuner/tuner.py", line 717, in _benchmark_target
    latency = profiler.do_bench(
              ^^^^^^^^^^^^^^^^^^
  File "/home/ywc/co-tilelang/tilelang/profiler/__init__.py", line 281, in do_bench
    return run_bench()
           ^^^^^^^^^^^
  File "/home/ywc/co-tilelang/tilelang/profiler/__init__.py", line 267, in run_bench
    return do_bench(
           ^^^^^^^^^
  File "/home/ywc/co-tilelang/tilelang/profiler/bench.py", line 128, in do_bench
    return _do_bench_impl(
           ^^^^^^^^^^^^^^^
  File "/home/ywc/co-tilelang/tilelang/profiler/bench.py", line 187, in _do_bench_impl
    fn()
  File "/home/ywc/co-tilelang/tilelang/jit/adapter/base.py", line 100, in __call__
    return self.func(*args, **kwds)
           ^^^^^^^^^^^^^^^^^^^^^^^^
  File "/home/ywc/co-tilelang/tilelang/jit/adapter/tvm_ffi.py", line 330, in func
    result = self._get_executable()(*inputs, allocator_anchor)
             ^^^^^^^^^^^^^^^^^^^^^^^^^^^^^^^^^^^^^^^^^^^^^^^^^
  File "/home/ywc/mpk-env/lib/python3.12/site-packages/tvm_ffi/module.py", line 299, in __call__
    return self.main(*args)
           ^^^^^^^^^^^^^^^^
  File "python/tvm_ffi/cython/function.pxi", line 968, in tvm_ffi.core.Function.__call__
  File "<unknown>", line 0, in __tvm_ffi_main
  File "<unknown>", line 0, in __tvm_ffi_chunk_scan_fwd
  File "/home/ywc/co-tilelang/3rdparty/tvm/src/runtime/cuda/cuda_module.cc", line 271, in void tvm::runtime::CUDAWrappedFunc::operator()(tvm::ffi::PackedArgs, tvm::ffi::Any*, void**) const
    TVM_FFI_THROW(InternalError)
    
tvm.error.InternalError: Failed to set the allowed dynamic shared memory size to 125312

2026-09-24 15:30:11,212 WARNING:An error occurred while testing config {'block_M': 128, 'block_N': 64, 'block_K': 64, 'block_Dstate': 128, 'num_stages': 4}, checkout autotuner.log for more details
2026-09-24 15:30:11,212 DEBUG:Error: Traceback (most recent call last):
  File "/home/ywc/co-tilelang/tilelang/autotuner/tuner.py", line 597, in _run_benchmark_target
    latency, worker_ref_latency = _call_benchmark_target(_jit_kernel, _worker_state)
                                  ^^^^^^^^^^^^^^^^^^^^^^^^^^^^^^^^^^^^^^^^^^^^^^^^^^
  File "/home/ywc/co-tilelang/tilelang/autotuner/tuner.py", line 569, in _call_benchmark_target
    return invoke()
           ^^^^^^^^
  File "/home/ywc/co-tilelang/tilelang/autotuner/tuner.py", line 560, in invoke
    return benchmark_target(
           ^^^^^^^^^^^^^^^^^
  File "/home/ywc/co-tilelang/tilelang/autotuner/tuner.py", line 717, in _benchmark_target
    latency = profiler.do_bench(
              ^^^^^^^^^^^^^^^^^^
  File "/home/ywc/co-tilelang/tilelang/profiler/__init__.py", line 281, in do_bench
    return run_bench()
           ^^^^^^^^^^^
  File "/home/ywc/co-tilelang/tilelang/profiler/__init__.py", line 267, in run_bench
    return do_bench(
           ^^^^^^^^^
  File "/home/ywc/co-tilelang/tilelang/profiler/bench.py", line 128, in do_bench
    return _do_bench_impl(
           ^^^^^^^^^^^^^^^
  File "/home/ywc/co-tilelang/tilelang/profiler/bench.py", line 187, in _do_bench_impl
    fn()
  File "/home/ywc/co-tilelang/tilelang/jit/adapter/base.py", line 100, in __call__
    return self.func(*args, **kwds)
           ^^^^^^^^^^^^^^^^^^^^^^^^
  File "/home/ywc/co-tilelang/tilelang/jit/adapter/tvm_ffi.py", line 330, in func
    result = self._get_executable()(*inputs, allocator_anchor)
             ^^^^^^^^^^^^^^^^^^^^^^^^^^^^^^^^^^^^^^^^^^^^^^^^^
  File "/home/ywc/mpk-env/lib/python3.12/site-packages/tvm_ffi/module.py", line 299, in __call__
    return self.main(*args)
           ^^^^^^^^^^^^^^^^
  File "python/tvm_ffi/cython/function.pxi", line 968, in tvm_ffi.core.Function.__call__
  File "<unknown>", line 0, in __tvm_ffi_main
  File "<unknown>", line 0, in __tvm_ffi_chunk_scan_fwd
  File "/home/ywc/co-tilelang/3rdparty/tvm/src/runtime/cuda/cuda_module.cc", line 271, in void tvm::runtime::CUDAWrappedFunc::operator()(tvm::ffi::PackedArgs, tvm::ffi::Any*, void**) const
    TVM_FFI_THROW(InternalError)
    
tvm.error.InternalError: Failed to set the allowed dynamic shared memory size to 150016

2026-09-24 15:30:11,216 WARNING:An error occurred while testing config {'block_M': 128, 'block_N': 64, 'block_K': 64, 'block_Dstate': 128, 'num_stages': 5}, checkout autotuner.log for more details
2026-09-24 15:30:11,216 DEBUG:Error: Traceback (most recent call last):
  File "/home/ywc/co-tilelang/tilelang/autotuner/tuner.py", line 597, in _run_benchmark_target
    latency, worker_ref_latency = _call_benchmark_target(_jit_kernel, _worker_state)
                                  ^^^^^^^^^^^^^^^^^^^^^^^^^^^^^^^^^^^^^^^^^^^^^^^^^^
  File "/home/ywc/co-tilelang/tilelang/autotuner/tuner.py", line 569, in _call_benchmark_target
    return invoke()
           ^^^^^^^^
  File "/home/ywc/co-tilelang/tilelang/autotuner/tuner.py", line 560, in invoke
    return benchmark_target(
           ^^^^^^^^^^^^^^^^^
  File "/home/ywc/co-tilelang/tilelang/autotuner/tuner.py", line 717, in _benchmark_target
    latency = profiler.do_bench(
              ^^^^^^^^^^^^^^^^^^
  File "/home/ywc/co-tilelang/tilelang/profiler/__init__.py", line 281, in do_bench
    return run_bench()
           ^^^^^^^^^^^
  File "/home/ywc/co-tilelang/tilelang/profiler/__init__.py", line 267, in run_bench
    return do_bench(
           ^^^^^^^^^
  File "/home/ywc/co-tilelang/tilelang/profiler/bench.py", line 128, in do_bench
    return _do_bench_impl(
           ^^^^^^^^^^^^^^^
  File "/home/ywc/co-tilelang/tilelang/profiler/bench.py", line 187, in _do_bench_impl
    fn()
  File "/home/ywc/co-tilelang/tilelang/jit/adapter/base.py", line 100, in __call__
    return self.func(*args, **kwds)
           ^^^^^^^^^^^^^^^^^^^^^^^^
  File "/home/ywc/co-tilelang/tilelang/jit/adapter/tvm_ffi.py", line 330, in func
    result = self._get_executable()(*inputs, allocator_anchor)
             ^^^^^^^^^^^^^^^^^^^^^^^^^^^^^^^^^^^^^^^^^^^^^^^^^
  File "/home/ywc/mpk-env/lib/python3.12/site-packages/tvm_ffi/module.py", line 299, in __call__
    return self.main(*args)
           ^^^^^^^^^^^^^^^^
  File "python/tvm_ffi/cython/function.pxi", line 968, in tvm_ffi.core.Function.__call__
  File "<unknown>", line 0, in __tvm_ffi_main
  File "<unknown>", line 0, in __tvm_ffi_chunk_scan_fwd
  File "/home/ywc/co-tilelang/3rdparty/tvm/src/runtime/cuda/cuda_module.cc", line 271, in void tvm::runtime::CUDAWrappedFunc::operator()(tvm::ffi::PackedArgs, tvm::ffi::Any*, void**) const
    TVM_FFI_THROW(InternalError)
    
tvm.error.InternalError: Failed to set the allowed dynamic shared memory size to 174720

2026-09-24 15:30:11,218 WARNING:An error occurred while testing config {'block_M': 128, 'block_N': 64, 'block_K': 128, 'block_Dstate': 128, 'num_stages': 1}, checkout autotuner.log for more details
2026-09-24 15:30:11,218 DEBUG:Error: Traceback (most recent call last):
  File "/home/ywc/co-tilelang/tilelang/autotuner/tuner.py", line 597, in _run_benchmark_target
    latency, worker_ref_latency = _call_benchmark_target(_jit_kernel, _worker_state)
                                  ^^^^^^^^^^^^^^^^^^^^^^^^^^^^^^^^^^^^^^^^^^^^^^^^^^
  File "/home/ywc/co-tilelang/tilelang/autotuner/tuner.py", line 569, in _call_benchmark_target
    return invoke()
           ^^^^^^^^
  File "/home/ywc/co-tilelang/tilelang/autotuner/tuner.py", line 560, in invoke
    return benchmark_target(
           ^^^^^^^^^^^^^^^^^
  File "/home/ywc/co-tilelang/tilelang/autotuner/tuner.py", line 717, in _benchmark_target
    latency = profiler.do_bench(
              ^^^^^^^^^^^^^^^^^^
  File "/home/ywc/co-tilelang/tilelang/profiler/__init__.py", line 281, in do_bench
    return run_bench()
           ^^^^^^^^^^^
  File "/home/ywc/co-tilelang/tilelang/profiler/__init__.py", line 267, in run_bench
    return do_bench(
           ^^^^^^^^^
  File "/home/ywc/co-tilelang/tilelang/profiler/bench.py", line 128, in do_bench
    return _do_bench_impl(
           ^^^^^^^^^^^^^^^
  File "/home/ywc/co-tilelang/tilelang/profiler/bench.py", line 187, in _do_bench_impl
    fn()
  File "/home/ywc/co-tilelang/tilelang/jit/adapter/base.py", line 100, in __call__
    return self.func(*args, **kwds)
           ^^^^^^^^^^^^^^^^^^^^^^^^
  File "/home/ywc/co-tilelang/tilelang/jit/adapter/tvm_ffi.py", line 330, in func
    result = self._get_executable()(*inputs, allocator_anchor)
             ^^^^^^^^^^^^^^^^^^^^^^^^^^^^^^^^^^^^^^^^^^^^^^^^^
  File "/home/ywc/mpk-env/lib/python3.12/site-packages/tvm_ffi/module.py", line 299, in __call__
    return self.main(*args)
           ^^^^^^^^^^^^^^^^
  File "python/tvm_ffi/cython/function.pxi", line 968, in tvm_ffi.core.Function.__call__
  File "<unknown>", line 0, in __tvm_ffi_main
  File "<unknown>", line 0, in __tvm_ffi_chunk_scan_fwd
  File "/home/ywc/co-tilelang/3rdparty/tvm/src/runtime/cuda/cuda_module.cc", line 271, in void tvm::runtime::CUDAWrappedFunc::operator()(tvm::ffi::PackedArgs, tvm::ffi::Any*, void**) const
    TVM_FFI_THROW(InternalError)
    
tvm.error.InternalError: Failed to set the allowed dynamic shared memory size to 100608

2026-09-24 15:30:11,220 WARNING:An error occurred while testing config {'block_M': 128, 'block_N': 64, 'block_K': 128, 'block_Dstate': 128, 'num_stages': 2}, checkout autotuner.log for more details
2026-09-24 15:30:11,220 DEBUG:Error: Traceback (most recent call last):
  File "/home/ywc/co-tilelang/tilelang/autotuner/tuner.py", line 597, in _run_benchmark_target
    latency, worker_ref_latency = _call_benchmark_target(_jit_kernel, _worker_state)
                                  ^^^^^^^^^^^^^^^^^^^^^^^^^^^^^^^^^^^^^^^^^^^^^^^^^^
  File "/home/ywc/co-tilelang/tilelang/autotuner/tuner.py", line 569, in _call_benchmark_target
    return invoke()
           ^^^^^^^^
  File "/home/ywc/co-tilelang/tilelang/autotuner/tuner.py", line 560, in invoke
    return benchmark_target(
           ^^^^^^^^^^^^^^^^^
  File "/home/ywc/co-tilelang/tilelang/autotuner/tuner.py", line 717, in _benchmark_target
    latency = profiler.do_bench(
              ^^^^^^^^^^^^^^^^^^
  File "/home/ywc/co-tilelang/tilelang/profiler/__init__.py", line 281, in do_bench
    return run_bench()
           ^^^^^^^^^^^
  File "/home/ywc/co-tilelang/tilelang/profiler/__init__.py", line 267, in run_bench
    return do_bench(
           ^^^^^^^^^
  File "/home/ywc/co-tilelang/tilelang/profiler/bench.py", line 128, in do_bench
    return _do_bench_impl(
           ^^^^^^^^^^^^^^^
  File "/home/ywc/co-tilelang/tilelang/profiler/bench.py", line 187, in _do_bench_impl
    fn()
  File "/home/ywc/co-tilelang/tilelang/jit/adapter/base.py", line 100, in __call__
    return self.func(*args, **kwds)
           ^^^^^^^^^^^^^^^^^^^^^^^^
  File "/home/ywc/co-tilelang/tilelang/jit/adapter/tvm_ffi.py", line 330, in func
    result = self._get_executable()(*inputs, allocator_anchor)
             ^^^^^^^^^^^^^^^^^^^^^^^^^^^^^^^^^^^^^^^^^^^^^^^^^
  File "/home/ywc/mpk-env/lib/python3.12/site-packages/tvm_ffi/module.py", line 299, in __call__
    return self.main(*args)
           ^^^^^^^^^^^^^^^^
  File "python/tvm_ffi/cython/function.pxi", line 968, in tvm_ffi.core.Function.__call__
  File "<unknown>", line 0, in __tvm_ffi_main
  File "<unknown>", line 0, in __tvm_ffi_chunk_scan_fwd
  File "/home/ywc/co-tilelang/3rdparty/tvm/src/runtime/cuda/cuda_module.cc", line 271, in void tvm::runtime::CUDAWrappedFunc::operator()(tvm::ffi::PackedArgs, tvm::ffi::Any*, void**) const
    TVM_FFI_THROW(InternalError)
    
tvm.error.InternalError: Failed to set the allowed dynamic shared memory size to 150016

2026-09-24 15:30:11,222 WARNING:An error occurred while testing config {'block_M': 128, 'block_N': 64, 'block_K': 128, 'block_Dstate': 128, 'num_stages': 3}, checkout autotuner.log for more details
2026-09-24 15:30:11,222 DEBUG:Error: Traceback (most recent call last):
  File "/home/ywc/co-tilelang/tilelang/autotuner/tuner.py", line 597, in _run_benchmark_target
    latency, worker_ref_latency = _call_benchmark_target(_jit_kernel, _worker_state)
                                  ^^^^^^^^^^^^^^^^^^^^^^^^^^^^^^^^^^^^^^^^^^^^^^^^^^
  File "/home/ywc/co-tilelang/tilelang/autotuner/tuner.py", line 569, in _call_benchmark_target
    return invoke()
           ^^^^^^^^
  File "/home/ywc/co-tilelang/tilelang/autotuner/tuner.py", line 560, in invoke
    return benchmark_target(
           ^^^^^^^^^^^^^^^^^
  File "/home/ywc/co-tilelang/tilelang/autotuner/tuner.py", line 717, in _benchmark_target
    latency = profiler.do_bench(
              ^^^^^^^^^^^^^^^^^^
  File "/home/ywc/co-tilelang/tilelang/profiler/__init__.py", line 281, in do_bench
    return run_bench()
           ^^^^^^^^^^^
  File "/home/ywc/co-tilelang/tilelang/profiler/__init__.py", line 267, in run_bench
    return do_bench(
           ^^^^^^^^^
  File "/home/ywc/co-tilelang/tilelang/profiler/bench.py", line 128, in do_bench
    return _do_bench_impl(
           ^^^^^^^^^^^^^^^
  File "/home/ywc/co-tilelang/tilelang/profiler/bench.py", line 187, in _do_bench_impl
    fn()
  File "/home/ywc/co-tilelang/tilelang/jit/adapter/base.py", line 100, in __call__
    return self.func(*args, **kwds)
           ^^^^^^^^^^^^^^^^^^^^^^^^
  File "/home/ywc/co-tilelang/tilelang/jit/adapter/tvm_ffi.py", line 330, in func
    result = self._get_executable()(*inputs, allocator_anchor)
             ^^^^^^^^^^^^^^^^^^^^^^^^^^^^^^^^^^^^^^^^^^^^^^^^^
  File "/home/ywc/mpk-env/lib/python3.12/site-packages/tvm_ffi/module.py", line 299, in __call__
    return self.main(*args)
           ^^^^^^^^^^^^^^^^
  File "python/tvm_ffi/cython/function.pxi", line 968, in tvm_ffi.core.Function.__call__
  File "<unknown>", line 0, in __tvm_ffi_main
  File "<unknown>", line 0, in __tvm_ffi_chunk_scan_fwd
  File "/home/ywc/co-tilelang/3rdparty/tvm/src/runtime/cuda/cuda_module.cc", line 271, in void tvm::runtime::CUDAWrappedFunc::operator()(tvm::ffi::PackedArgs, tvm::ffi::Any*, void**) const
    TVM_FFI_THROW(InternalError)
    
tvm.error.InternalError: Failed to set the allowed dynamic shared memory size to 199424

2026-09-24 15:30:11,224 WARNING:An error occurred while testing config {'block_M': 128, 'block_N': 64, 'block_K': 128, 'block_Dstate': 128, 'num_stages': 4}, checkout autotuner.log for more details
2026-09-24 15:30:11,224 DEBUG:Error: Traceback (most recent call last):
  File "/home/ywc/co-tilelang/tilelang/autotuner/tuner.py", line 597, in _run_benchmark_target
    latency, worker_ref_latency = _call_benchmark_target(_jit_kernel, _worker_state)
                                  ^^^^^^^^^^^^^^^^^^^^^^^^^^^^^^^^^^^^^^^^^^^^^^^^^^
  File "/home/ywc/co-tilelang/tilelang/autotuner/tuner.py", line 569, in _call_benchmark_target
    return invoke()
           ^^^^^^^^
  File "/home/ywc/co-tilelang/tilelang/autotuner/tuner.py", line 560, in invoke
    return benchmark_target(
           ^^^^^^^^^^^^^^^^^
  File "/home/ywc/co-tilelang/tilelang/autotuner/tuner.py", line 717, in _benchmark_target
    latency = profiler.do_bench(
              ^^^^^^^^^^^^^^^^^^
  File "/home/ywc/co-tilelang/tilelang/profiler/__init__.py", line 281, in do_bench
    return run_bench()
           ^^^^^^^^^^^
  File "/home/ywc/co-tilelang/tilelang/profiler/__init__.py", line 267, in run_bench
    return do_bench(
           ^^^^^^^^^
  File "/home/ywc/co-tilelang/tilelang/profiler/bench.py", line 128, in do_bench
    return _do_bench_impl(
           ^^^^^^^^^^^^^^^
  File "/home/ywc/co-tilelang/tilelang/profiler/bench.py", line 187, in _do_bench_impl
    fn()
  File "/home/ywc/co-tilelang/tilelang/jit/adapter/base.py", line 100, in __call__
    return self.func(*args, **kwds)
           ^^^^^^^^^^^^^^^^^^^^^^^^
  File "/home/ywc/co-tilelang/tilelang/jit/adapter/tvm_ffi.py", line 330, in func
    result = self._get_executable()(*inputs, allocator_anchor)
             ^^^^^^^^^^^^^^^^^^^^^^^^^^^^^^^^^^^^^^^^^^^^^^^^^
  File "/home/ywc/mpk-env/lib/python3.12/site-packages/tvm_ffi/module.py", line 299, in __call__
    return self.main(*args)
           ^^^^^^^^^^^^^^^^
  File "python/tvm_ffi/cython/function.pxi", line 968, in tvm_ffi.core.Function.__call__
  File "<unknown>", line 0, in __tvm_ffi_main
  File "<unknown>", line 0, in __tvm_ffi_chunk_scan_fwd
  File "/home/ywc/co-tilelang/3rdparty/tvm/src/runtime/cuda/cuda_module.cc", line 271, in void tvm::runtime::CUDAWrappedFunc::operator()(tvm::ffi::PackedArgs, tvm::ffi::Any*, void**) const
    TVM_FFI_THROW(InternalError)
    
tvm.error.InternalError: Failed to set the allowed dynamic shared memory size to 248832

2026-09-24 15:30:11,226 WARNING:An error occurred while testing config {'block_M': 128, 'block_N': 64, 'block_K': 128, 'block_Dstate': 128, 'num_stages': 5}, checkout autotuner.log for more details
2026-09-24 15:30:11,226 DEBUG:Error: Traceback (most recent call last):
  File "/home/ywc/co-tilelang/tilelang/autotuner/tuner.py", line 597, in _run_benchmark_target
    latency, worker_ref_latency = _call_benchmark_target(_jit_kernel, _worker_state)
                                  ^^^^^^^^^^^^^^^^^^^^^^^^^^^^^^^^^^^^^^^^^^^^^^^^^^
  File "/home/ywc/co-tilelang/tilelang/autotuner/tuner.py", line 569, in _call_benchmark_target
    return invoke()
           ^^^^^^^^
  File "/home/ywc/co-tilelang/tilelang/autotuner/tuner.py", line 560, in invoke
    return benchmark_target(
           ^^^^^^^^^^^^^^^^^
  File "/home/ywc/co-tilelang/tilelang/autotuner/tuner.py", line 717, in _benchmark_target
    latency = profiler.do_bench(
              ^^^^^^^^^^^^^^^^^^
  File "/home/ywc/co-tilelang/tilelang/profiler/__init__.py", line 281, in do_bench
    return run_bench()
           ^^^^^^^^^^^
  File "/home/ywc/co-tilelang/tilelang/profiler/__init__.py", line 267, in run_bench
    return do_bench(
           ^^^^^^^^^
  File "/home/ywc/co-tilelang/tilelang/profiler/bench.py", line 128, in do_bench
    return _do_bench_impl(
           ^^^^^^^^^^^^^^^
  File "/home/ywc/co-tilelang/tilelang/profiler/bench.py", line 187, in _do_bench_impl
    fn()
  File "/home/ywc/co-tilelang/tilelang/jit/adapter/base.py", line 100, in __call__
    return self.func(*args, **kwds)
           ^^^^^^^^^^^^^^^^^^^^^^^^
  File "/home/ywc/co-tilelang/tilelang/jit/adapter/tvm_ffi.py", line 330, in func
    result = self._get_executable()(*inputs, allocator_anchor)
             ^^^^^^^^^^^^^^^^^^^^^^^^^^^^^^^^^^^^^^^^^^^^^^^^^
  File "/home/ywc/mpk-env/lib/python3.12/site-packages/tvm_ffi/module.py", line 299, in __call__
    return self.main(*args)
           ^^^^^^^^^^^^^^^^
  File "python/tvm_ffi/cython/function.pxi", line 968, in tvm_ffi.core.Function.__call__
  File "<unknown>", line 0, in __tvm_ffi_main
  File "<unknown>", line 0, in __tvm_ffi_chunk_scan_fwd
  File "/home/ywc/co-tilelang/3rdparty/tvm/src/runtime/cuda/cuda_module.cc", line 271, in void tvm::runtime::CUDAWrappedFunc::operator()(tvm::ffi::PackedArgs, tvm::ffi::Any*, void**) const
    TVM_FFI_THROW(InternalError)
    
tvm.error.InternalError: Failed to set the allowed dynamic shared memory size to 299264

2026-09-24 15:30:11,229 WARNING:An error occurred while testing config {'block_M': 128, 'block_N': 64, 'block_K': 256, 'block_Dstate': 128, 'num_stages': 1}, checkout autotuner.log for more details
2026-09-24 15:30:11,229 DEBUG:Error: Traceback (most recent call last):
  File "/home/ywc/co-tilelang/tilelang/autotuner/tuner.py", line 597, in _run_benchmark_target
    latency, worker_ref_latency = _call_benchmark_target(_jit_kernel, _worker_state)
                                  ^^^^^^^^^^^^^^^^^^^^^^^^^^^^^^^^^^^^^^^^^^^^^^^^^^
  File "/home/ywc/co-tilelang/tilelang/autotuner/tuner.py", line 569, in _call_benchmark_target
    return invoke()
           ^^^^^^^^
  File "/home/ywc/co-tilelang/tilelang/autotuner/tuner.py", line 560, in invoke
    return benchmark_target(
           ^^^^^^^^^^^^^^^^^
  File "/home/ywc/co-tilelang/tilelang/autotuner/tuner.py", line 717, in _benchmark_target
    latency = profiler.do_bench(
              ^^^^^^^^^^^^^^^^^^
  File "/home/ywc/co-tilelang/tilelang/profiler/__init__.py", line 281, in do_bench
    return run_bench()
           ^^^^^^^^^^^
  File "/home/ywc/co-tilelang/tilelang/profiler/__init__.py", line 267, in run_bench
    return do_bench(
           ^^^^^^^^^
  File "/home/ywc/co-tilelang/tilelang/profiler/bench.py", line 128, in do_bench
    return _do_bench_impl(
           ^^^^^^^^^^^^^^^
  File "/home/ywc/co-tilelang/tilelang/profiler/bench.py", line 187, in _do_bench_impl
    fn()
  File "/home/ywc/co-tilelang/tilelang/jit/adapter/base.py", line 100, in __call__
    return self.func(*args, **kwds)
           ^^^^^^^^^^^^^^^^^^^^^^^^
  File "/home/ywc/co-tilelang/tilelang/jit/adapter/tvm_ffi.py", line 330, in func
    result = self._get_executable()(*inputs, allocator_anchor)
             ^^^^^^^^^^^^^^^^^^^^^^^^^^^^^^^^^^^^^^^^^^^^^^^^^
  File "/home/ywc/mpk-env/lib/python3.12/site-packages/tvm_ffi/module.py", line 299, in __call__
    return self.main(*args)
           ^^^^^^^^^^^^^^^^
  File "python/tvm_ffi/cython/function.pxi", line 968, in tvm_ffi.core.Function.__call__
  File "<unknown>", line 0, in __tvm_ffi_main
  File "<unknown>", line 0, in __tvm_ffi_chunk_scan_fwd
  File "/home/ywc/co-tilelang/3rdparty/tvm/src/runtime/cuda/cuda_module.cc", line 271, in void tvm::runtime::CUDAWrappedFunc::operator()(tvm::ffi::PackedArgs, tvm::ffi::Any*, void**) const
    TVM_FFI_THROW(InternalError)
    
tvm.error.InternalError: Failed to set the allowed dynamic shared memory size to 150528

2026-09-24 15:30:11,232 WARNING:An error occurred while testing config {'block_M': 128, 'block_N': 64, 'block_K': 256, 'block_Dstate': 128, 'num_stages': 2}, checkout autotuner.log for more details
2026-09-24 15:30:11,232 DEBUG:Error: Traceback (most recent call last):
  File "/home/ywc/co-tilelang/tilelang/autotuner/tuner.py", line 597, in _run_benchmark_target
    latency, worker_ref_latency = _call_benchmark_target(_jit_kernel, _worker_state)
                                  ^^^^^^^^^^^^^^^^^^^^^^^^^^^^^^^^^^^^^^^^^^^^^^^^^^
  File "/home/ywc/co-tilelang/tilelang/autotuner/tuner.py", line 569, in _call_benchmark_target
    return invoke()
           ^^^^^^^^
  File "/home/ywc/co-tilelang/tilelang/autotuner/tuner.py", line 560, in invoke
    return benchmark_target(
           ^^^^^^^^^^^^^^^^^
  File "/home/ywc/co-tilelang/tilelang/autotuner/tuner.py", line 717, in _benchmark_target
    latency = profiler.do_bench(
              ^^^^^^^^^^^^^^^^^^
  File "/home/ywc/co-tilelang/tilelang/profiler/__init__.py", line 281, in do_bench
    return run_bench()
           ^^^^^^^^^^^
  File "/home/ywc/co-tilelang/tilelang/profiler/__init__.py", line 267, in run_bench
    return do_bench(
           ^^^^^^^^^
  File "/home/ywc/co-tilelang/tilelang/profiler/bench.py", line 128, in do_bench
    return _do_bench_impl(
           ^^^^^^^^^^^^^^^
  File "/home/ywc/co-tilelang/tilelang/profiler/bench.py", line 187, in _do_bench_impl
    fn()
  File "/home/ywc/co-tilelang/tilelang/jit/adapter/base.py", line 100, in __call__
    return self.func(*args, **kwds)
           ^^^^^^^^^^^^^^^^^^^^^^^^
  File "/home/ywc/co-tilelang/tilelang/jit/adapter/tvm_ffi.py", line 330, in func
    result = self._get_executable()(*inputs, allocator_anchor)
             ^^^^^^^^^^^^^^^^^^^^^^^^^^^^^^^^^^^^^^^^^^^^^^^^^
  File "/home/ywc/mpk-env/lib/python3.12/site-packages/tvm_ffi/module.py", line 299, in __call__
    return self.main(*args)
           ^^^^^^^^^^^^^^^^
  File "python/tvm_ffi/cython/function.pxi", line 968, in tvm_ffi.core.Function.__call__
  File "<unknown>", line 0, in __tvm_ffi_main
  File "<unknown>", line 0, in __tvm_ffi_chunk_scan_fwd
  File "/home/ywc/co-tilelang/3rdparty/tvm/src/runtime/cuda/cuda_module.cc", line 271, in void tvm::runtime::CUDAWrappedFunc::operator()(tvm::ffi::PackedArgs, tvm::ffi::Any*, void**) const
    TVM_FFI_THROW(InternalError)
    
tvm.error.InternalError: Failed to set the allowed dynamic shared memory size to 248832

2026-09-24 15:30:11,234 WARNING:An error occurred while testing config {'block_M': 128, 'block_N': 64, 'block_K': 256, 'block_Dstate': 128, 'num_stages': 3}, checkout autotuner.log for more details
2026-09-24 15:30:11,234 DEBUG:Error: Traceback (most recent call last):
  File "/home/ywc/co-tilelang/tilelang/autotuner/tuner.py", line 597, in _run_benchmark_target
    latency, worker_ref_latency = _call_benchmark_target(_jit_kernel, _worker_state)
                                  ^^^^^^^^^^^^^^^^^^^^^^^^^^^^^^^^^^^^^^^^^^^^^^^^^^
  File "/home/ywc/co-tilelang/tilelang/autotuner/tuner.py", line 569, in _call_benchmark_target
    return invoke()
           ^^^^^^^^
  File "/home/ywc/co-tilelang/tilelang/autotuner/tuner.py", line 560, in invoke
    return benchmark_target(
           ^^^^^^^^^^^^^^^^^
  File "/home/ywc/co-tilelang/tilelang/autotuner/tuner.py", line 717, in _benchmark_target
    latency = profiler.do_bench(
              ^^^^^^^^^^^^^^^^^^
  File "/home/ywc/co-tilelang/tilelang/profiler/__init__.py", line 281, in do_bench
    return run_bench()
           ^^^^^^^^^^^
  File "/home/ywc/co-tilelang/tilelang/profiler/__init__.py", line 267, in run_bench
    return do_bench(
           ^^^^^^^^^
  File "/home/ywc/co-tilelang/tilelang/profiler/bench.py", line 128, in do_bench
    return _do_bench_impl(
           ^^^^^^^^^^^^^^^
  File "/home/ywc/co-tilelang/tilelang/profiler/bench.py", line 187, in _do_bench_impl
    fn()
  File "/home/ywc/co-tilelang/tilelang/jit/adapter/base.py", line 100, in __call__
    return self.func(*args, **kwds)
           ^^^^^^^^^^^^^^^^^^^^^^^^
  File "/home/ywc/co-tilelang/tilelang/jit/adapter/tvm_ffi.py", line 330, in func
    result = self._get_executable()(*inputs, allocator_anchor)
             ^^^^^^^^^^^^^^^^^^^^^^^^^^^^^^^^^^^^^^^^^^^^^^^^^
  File "/home/ywc/mpk-env/lib/python3.12/site-packages/tvm_ffi/module.py", line 299, in __call__
    return self.main(*args)
           ^^^^^^^^^^^^^^^^
  File "python/tvm_ffi/cython/function.pxi", line 968, in tvm_ffi.core.Function.__call__
  File "<unknown>", line 0, in __tvm_ffi_main
  File "<unknown>", line 0, in __tvm_ffi_chunk_scan_fwd
  File "/home/ywc/co-tilelang/3rdparty/tvm/src/runtime/cuda/cuda_module.cc", line 271, in void tvm::runtime::CUDAWrappedFunc::operator()(tvm::ffi::PackedArgs, tvm::ffi::Any*, void**) const
    TVM_FFI_THROW(InternalError)
    
tvm.error.InternalError: Failed to set the allowed dynamic shared memory size to 349184

2026-09-24 15:30:11,237 WARNING:An error occurred while testing config {'block_M': 128, 'block_N': 64, 'block_K': 256, 'block_Dstate': 128, 'num_stages': 4}, checkout autotuner.log for more details
2026-09-24 15:30:11,237 DEBUG:Error: Traceback (most recent call last):
  File "/home/ywc/co-tilelang/tilelang/autotuner/tuner.py", line 597, in _run_benchmark_target
    latency, worker_ref_latency = _call_benchmark_target(_jit_kernel, _worker_state)
                                  ^^^^^^^^^^^^^^^^^^^^^^^^^^^^^^^^^^^^^^^^^^^^^^^^^^
  File "/home/ywc/co-tilelang/tilelang/autotuner/tuner.py", line 569, in _call_benchmark_target
    return invoke()
           ^^^^^^^^
  File "/home/ywc/co-tilelang/tilelang/autotuner/tuner.py", line 560, in invoke
    return benchmark_target(
           ^^^^^^^^^^^^^^^^^
  File "/home/ywc/co-tilelang/tilelang/autotuner/tuner.py", line 717, in _benchmark_target
    latency = profiler.do_bench(
              ^^^^^^^^^^^^^^^^^^
  File "/home/ywc/co-tilelang/tilelang/profiler/__init__.py", line 281, in do_bench
    return run_bench()
           ^^^^^^^^^^^
  File "/home/ywc/co-tilelang/tilelang/profiler/__init__.py", line 267, in run_bench
    return do_bench(
           ^^^^^^^^^
  File "/home/ywc/co-tilelang/tilelang/profiler/bench.py", line 128, in do_bench
    return _do_bench_impl(
           ^^^^^^^^^^^^^^^
  File "/home/ywc/co-tilelang/tilelang/profiler/bench.py", line 187, in _do_bench_impl
    fn()
  File "/home/ywc/co-tilelang/tilelang/jit/adapter/base.py", line 100, in __call__
    return self.func(*args, **kwds)
           ^^^^^^^^^^^^^^^^^^^^^^^^
  File "/home/ywc/co-tilelang/tilelang/jit/adapter/tvm_ffi.py", line 330, in func
    result = self._get_executable()(*inputs, allocator_anchor)
             ^^^^^^^^^^^^^^^^^^^^^^^^^^^^^^^^^^^^^^^^^^^^^^^^^
  File "/home/ywc/mpk-env/lib/python3.12/site-packages/tvm_ffi/module.py", line 299, in __call__
    return self.main(*args)
           ^^^^^^^^^^^^^^^^
  File "python/tvm_ffi/cython/function.pxi", line 968, in tvm_ffi.core.Function.__call__
  File "<unknown>", line 0, in __tvm_ffi_main
  File "<unknown>", line 0, in __tvm_ffi_chunk_scan_fwd
  File "/home/ywc/co-tilelang/3rdparty/tvm/src/runtime/cuda/cuda_module.cc", line 271, in void tvm::runtime::CUDAWrappedFunc::operator()(tvm::ffi::PackedArgs, tvm::ffi::Any*, void**) const
    TVM_FFI_THROW(InternalError)
    
tvm.error.InternalError: Failed to set the allowed dynamic shared memory size to 447488

2026-09-24 15:30:11,239 WARNING:An error occurred while testing config {'block_M': 128, 'block_N': 64, 'block_K': 256, 'block_Dstate': 128, 'num_stages': 5}, checkout autotuner.log for more details
2026-09-24 15:30:11,240 DEBUG:Error: Traceback (most recent call last):
  File "/home/ywc/co-tilelang/tilelang/autotuner/tuner.py", line 597, in _run_benchmark_target
    latency, worker_ref_latency = _call_benchmark_target(_jit_kernel, _worker_state)
                                  ^^^^^^^^^^^^^^^^^^^^^^^^^^^^^^^^^^^^^^^^^^^^^^^^^^
  File "/home/ywc/co-tilelang/tilelang/autotuner/tuner.py", line 569, in _call_benchmark_target
    return invoke()
           ^^^^^^^^
  File "/home/ywc/co-tilelang/tilelang/autotuner/tuner.py", line 560, in invoke
    return benchmark_target(
           ^^^^^^^^^^^^^^^^^
  File "/home/ywc/co-tilelang/tilelang/autotuner/tuner.py", line 717, in _benchmark_target
    latency = profiler.do_bench(
              ^^^^^^^^^^^^^^^^^^
  File "/home/ywc/co-tilelang/tilelang/profiler/__init__.py", line 281, in do_bench
    return run_bench()
           ^^^^^^^^^^^
  File "/home/ywc/co-tilelang/tilelang/profiler/__init__.py", line 267, in run_bench
    return do_bench(
           ^^^^^^^^^
  File "/home/ywc/co-tilelang/tilelang/profiler/bench.py", line 128, in do_bench
    return _do_bench_impl(
           ^^^^^^^^^^^^^^^
  File "/home/ywc/co-tilelang/tilelang/profiler/bench.py", line 187, in _do_bench_impl
    fn()
  File "/home/ywc/co-tilelang/tilelang/jit/adapter/base.py", line 100, in __call__
    return self.func(*args, **kwds)
           ^^^^^^^^^^^^^^^^^^^^^^^^
  File "/home/ywc/co-tilelang/tilelang/jit/adapter/tvm_ffi.py", line 330, in func
    result = self._get_executable()(*inputs, allocator_anchor)
             ^^^^^^^^^^^^^^^^^^^^^^^^^^^^^^^^^^^^^^^^^^^^^^^^^
  File "/home/ywc/mpk-env/lib/python3.12/site-packages/tvm_ffi/module.py", line 299, in __call__
    return self.main(*args)
           ^^^^^^^^^^^^^^^^
  File "python/tvm_ffi/cython/function.pxi", line 968, in tvm_ffi.core.Function.__call__
  File "<unknown>", line 0, in __tvm_ffi_main
  File "<unknown>", line 0, in __tvm_ffi_chunk_scan_fwd
  File "/home/ywc/co-tilelang/3rdparty/tvm/src/runtime/cuda/cuda_module.cc", line 271, in void tvm::runtime::CUDAWrappedFunc::operator()(tvm::ffi::PackedArgs, tvm::ffi::Any*, void**) const
    TVM_FFI_THROW(InternalError)
    
tvm.error.InternalError: Failed to set the allowed dynamic shared memory size to 547840

2026-09-24 15:30:11,242 WARNING:An error occurred while testing config {'block_M': 256, 'block_N': 32, 'block_K': 64, 'block_Dstate': 128, 'num_stages': 1}, checkout autotuner.log for more details
2026-09-24 15:30:11,242 DEBUG:Error: Traceback (most recent call last):
  File "/home/ywc/co-tilelang/tilelang/autotuner/tuner.py", line 597, in _run_benchmark_target
    latency, worker_ref_latency = _call_benchmark_target(_jit_kernel, _worker_state)
                                  ^^^^^^^^^^^^^^^^^^^^^^^^^^^^^^^^^^^^^^^^^^^^^^^^^^
  File "/home/ywc/co-tilelang/tilelang/autotuner/tuner.py", line 569, in _call_benchmark_target
    return invoke()
           ^^^^^^^^
  File "/home/ywc/co-tilelang/tilelang/autotuner/tuner.py", line 560, in invoke
    return benchmark_target(
           ^^^^^^^^^^^^^^^^^
  File "/home/ywc/co-tilelang/tilelang/autotuner/tuner.py", line 717, in _benchmark_target
    latency = profiler.do_bench(
              ^^^^^^^^^^^^^^^^^^
  File "/home/ywc/co-tilelang/tilelang/profiler/__init__.py", line 281, in do_bench
    return run_bench()
           ^^^^^^^^^^^
  File "/home/ywc/co-tilelang/tilelang/profiler/__init__.py", line 267, in run_bench
    return do_bench(
           ^^^^^^^^^
  File "/home/ywc/co-tilelang/tilelang/profiler/bench.py", line 128, in do_bench
    return _do_bench_impl(
           ^^^^^^^^^^^^^^^
  File "/home/ywc/co-tilelang/tilelang/profiler/bench.py", line 187, in _do_bench_impl
    fn()
  File "/home/ywc/co-tilelang/tilelang/jit/adapter/base.py", line 100, in __call__
    return self.func(*args, **kwds)
           ^^^^^^^^^^^^^^^^^^^^^^^^
  File "/home/ywc/co-tilelang/tilelang/jit/adapter/tvm_ffi.py", line 330, in func
    result = self._get_executable()(*inputs, allocator_anchor)
             ^^^^^^^^^^^^^^^^^^^^^^^^^^^^^^^^^^^^^^^^^^^^^^^^^
  File "/home/ywc/mpk-env/lib/python3.12/site-packages/tvm_ffi/module.py", line 299, in __call__
    return self.main(*args)
           ^^^^^^^^^^^^^^^^
  File "python/tvm_ffi/cython/function.pxi", line 968, in tvm_ffi.core.Function.__call__
  File "<unknown>", line 0, in __tvm_ffi_main
  File "<unknown>", line 0, in __tvm_ffi_chunk_scan_fwd
  File "/home/ywc/co-tilelang/3rdparty/tvm/src/runtime/cuda/cuda_module.cc", line 271, in void tvm::runtime::CUDAWrappedFunc::operator()(tvm::ffi::PackedArgs, tvm::ffi::Any*, void**) const
    TVM_FFI_THROW(InternalError)
    
tvm.error.InternalError: Failed to set the allowed dynamic shared memory size to 112768

2026-09-24 15:30:11,244 WARNING:An error occurred while testing config {'block_M': 256, 'block_N': 32, 'block_K': 64, 'block_Dstate': 128, 'num_stages': 2}, checkout autotuner.log for more details
2026-09-24 15:30:11,245 DEBUG:Error: Traceback (most recent call last):
  File "/home/ywc/co-tilelang/tilelang/autotuner/tuner.py", line 597, in _run_benchmark_target
    latency, worker_ref_latency = _call_benchmark_target(_jit_kernel, _worker_state)
                                  ^^^^^^^^^^^^^^^^^^^^^^^^^^^^^^^^^^^^^^^^^^^^^^^^^^
  File "/home/ywc/co-tilelang/tilelang/autotuner/tuner.py", line 569, in _call_benchmark_target
    return invoke()
           ^^^^^^^^
  File "/home/ywc/co-tilelang/tilelang/autotuner/tuner.py", line 560, in invoke
    return benchmark_target(
           ^^^^^^^^^^^^^^^^^
  File "/home/ywc/co-tilelang/tilelang/autotuner/tuner.py", line 717, in _benchmark_target
    latency = profiler.do_bench(
              ^^^^^^^^^^^^^^^^^^
  File "/home/ywc/co-tilelang/tilelang/profiler/__init__.py", line 281, in do_bench
    return run_bench()
           ^^^^^^^^^^^
  File "/home/ywc/co-tilelang/tilelang/profiler/__init__.py", line 267, in run_bench
    return do_bench(
           ^^^^^^^^^
  File "/home/ywc/co-tilelang/tilelang/profiler/bench.py", line 128, in do_bench
    return _do_bench_impl(
           ^^^^^^^^^^^^^^^
  File "/home/ywc/co-tilelang/tilelang/profiler/bench.py", line 187, in _do_bench_impl
    fn()
  File "/home/ywc/co-tilelang/tilelang/jit/adapter/base.py", line 100, in __call__
    return self.func(*args, **kwds)
           ^^^^^^^^^^^^^^^^^^^^^^^^
  File "/home/ywc/co-tilelang/tilelang/jit/adapter/tvm_ffi.py", line 330, in func
    result = self._get_executable()(*inputs, allocator_anchor)
             ^^^^^^^^^^^^^^^^^^^^^^^^^^^^^^^^^^^^^^^^^^^^^^^^^
  File "/home/ywc/mpk-env/lib/python3.12/site-packages/tvm_ffi/module.py", line 299, in __call__
    return self.main(*args)
           ^^^^^^^^^^^^^^^^
  File "python/tvm_ffi/cython/function.pxi", line 968, in tvm_ffi.core.Function.__call__
  File "<unknown>", line 0, in __tvm_ffi_main
  File "<unknown>", line 0, in __tvm_ffi_chunk_scan_fwd
  File "/home/ywc/co-tilelang/3rdparty/tvm/src/runtime/cuda/cuda_module.cc", line 271, in void tvm::runtime::CUDAWrappedFunc::operator()(tvm::ffi::PackedArgs, tvm::ffi::Any*, void**) const
    TVM_FFI_THROW(InternalError)
    
tvm.error.InternalError: Failed to set the allowed dynamic shared memory size to 149760

2026-09-24 15:30:11,247 WARNING:An error occurred while testing config {'block_M': 256, 'block_N': 32, 'block_K': 64, 'block_Dstate': 128, 'num_stages': 3}, checkout autotuner.log for more details
2026-09-24 15:30:11,247 DEBUG:Error: Traceback (most recent call last):
  File "/home/ywc/co-tilelang/tilelang/autotuner/tuner.py", line 597, in _run_benchmark_target
    latency, worker_ref_latency = _call_benchmark_target(_jit_kernel, _worker_state)
                                  ^^^^^^^^^^^^^^^^^^^^^^^^^^^^^^^^^^^^^^^^^^^^^^^^^^
  File "/home/ywc/co-tilelang/tilelang/autotuner/tuner.py", line 569, in _call_benchmark_target
    return invoke()
           ^^^^^^^^
  File "/home/ywc/co-tilelang/tilelang/autotuner/tuner.py", line 560, in invoke
    return benchmark_target(
           ^^^^^^^^^^^^^^^^^
  File "/home/ywc/co-tilelang/tilelang/autotuner/tuner.py", line 717, in _benchmark_target
    latency = profiler.do_bench(
              ^^^^^^^^^^^^^^^^^^
  File "/home/ywc/co-tilelang/tilelang/profiler/__init__.py", line 281, in do_bench
    return run_bench()
           ^^^^^^^^^^^
  File "/home/ywc/co-tilelang/tilelang/profiler/__init__.py", line 267, in run_bench
    return do_bench(
           ^^^^^^^^^
  File "/home/ywc/co-tilelang/tilelang/profiler/bench.py", line 128, in do_bench
    return _do_bench_impl(
           ^^^^^^^^^^^^^^^
  File "/home/ywc/co-tilelang/tilelang/profiler/bench.py", line 187, in _do_bench_impl
    fn()
  File "/home/ywc/co-tilelang/tilelang/jit/adapter/base.py", line 100, in __call__
    return self.func(*args, **kwds)
           ^^^^^^^^^^^^^^^^^^^^^^^^
  File "/home/ywc/co-tilelang/tilelang/jit/adapter/tvm_ffi.py", line 330, in func
    result = self._get_executable()(*inputs, allocator_anchor)
             ^^^^^^^^^^^^^^^^^^^^^^^^^^^^^^^^^^^^^^^^^^^^^^^^^
  File "/home/ywc/mpk-env/lib/python3.12/site-packages/tvm_ffi/module.py", line 299, in __call__
    return self.main(*args)
           ^^^^^^^^^^^^^^^^
  File "python/tvm_ffi/cython/function.pxi", line 968, in tvm_ffi.core.Function.__call__
  File "<unknown>", line 0, in __tvm_ffi_main
  File "<unknown>", line 0, in __tvm_ffi_chunk_scan_fwd
  File "/home/ywc/co-tilelang/3rdparty/tvm/src/runtime/cuda/cuda_module.cc", line 271, in void tvm::runtime::CUDAWrappedFunc::operator()(tvm::ffi::PackedArgs, tvm::ffi::Any*, void**) const
    TVM_FFI_THROW(InternalError)
    
tvm.error.InternalError: Failed to set the allowed dynamic shared memory size to 186752

2026-09-24 15:30:11,249 WARNING:An error occurred while testing config {'block_M': 256, 'block_N': 32, 'block_K': 64, 'block_Dstate': 128, 'num_stages': 4}, checkout autotuner.log for more details
2026-09-24 15:30:11,249 DEBUG:Error: Traceback (most recent call last):
  File "/home/ywc/co-tilelang/tilelang/autotuner/tuner.py", line 597, in _run_benchmark_target
    latency, worker_ref_latency = _call_benchmark_target(_jit_kernel, _worker_state)
                                  ^^^^^^^^^^^^^^^^^^^^^^^^^^^^^^^^^^^^^^^^^^^^^^^^^^
  File "/home/ywc/co-tilelang/tilelang/autotuner/tuner.py", line 569, in _call_benchmark_target
    return invoke()
           ^^^^^^^^
  File "/home/ywc/co-tilelang/tilelang/autotuner/tuner.py", line 560, in invoke
    return benchmark_target(
           ^^^^^^^^^^^^^^^^^
  File "/home/ywc/co-tilelang/tilelang/autotuner/tuner.py", line 717, in _benchmark_target
    latency = profiler.do_bench(
              ^^^^^^^^^^^^^^^^^^
  File "/home/ywc/co-tilelang/tilelang/profiler/__init__.py", line 281, in do_bench
    return run_bench()
           ^^^^^^^^^^^
  File "/home/ywc/co-tilelang/tilelang/profiler/__init__.py", line 267, in run_bench
    return do_bench(
           ^^^^^^^^^
  File "/home/ywc/co-tilelang/tilelang/profiler/bench.py", line 128, in do_bench
    return _do_bench_impl(
           ^^^^^^^^^^^^^^^
  File "/home/ywc/co-tilelang/tilelang/profiler/bench.py", line 187, in _do_bench_impl
    fn()
  File "/home/ywc/co-tilelang/tilelang/jit/adapter/base.py", line 100, in __call__
    return self.func(*args, **kwds)
           ^^^^^^^^^^^^^^^^^^^^^^^^
  File "/home/ywc/co-tilelang/tilelang/jit/adapter/tvm_ffi.py", line 330, in func
    result = self._get_executable()(*inputs, allocator_anchor)
             ^^^^^^^^^^^^^^^^^^^^^^^^^^^^^^^^^^^^^^^^^^^^^^^^^
  File "/home/ywc/mpk-env/lib/python3.12/site-packages/tvm_ffi/module.py", line 299, in __call__
    return self.main(*args)
           ^^^^^^^^^^^^^^^^
  File "python/tvm_ffi/cython/function.pxi", line 968, in tvm_ffi.core.Function.__call__
  File "<unknown>", line 0, in __tvm_ffi_main
  File "<unknown>", line 0, in __tvm_ffi_chunk_scan_fwd
  File "/home/ywc/co-tilelang/3rdparty/tvm/src/runtime/cuda/cuda_module.cc", line 271, in void tvm::runtime::CUDAWrappedFunc::operator()(tvm::ffi::PackedArgs, tvm::ffi::Any*, void**) const
    TVM_FFI_THROW(InternalError)
    
tvm.error.InternalError: Failed to set the allowed dynamic shared memory size to 223744

2026-09-24 15:30:11,251 WARNING:An error occurred while testing config {'block_M': 256, 'block_N': 32, 'block_K': 64, 'block_Dstate': 128, 'num_stages': 5}, checkout autotuner.log for more details
2026-09-24 15:30:11,251 DEBUG:Error: Traceback (most recent call last):
  File "/home/ywc/co-tilelang/tilelang/autotuner/tuner.py", line 597, in _run_benchmark_target
    latency, worker_ref_latency = _call_benchmark_target(_jit_kernel, _worker_state)
                                  ^^^^^^^^^^^^^^^^^^^^^^^^^^^^^^^^^^^^^^^^^^^^^^^^^^
  File "/home/ywc/co-tilelang/tilelang/autotuner/tuner.py", line 569, in _call_benchmark_target
    return invoke()
           ^^^^^^^^
  File "/home/ywc/co-tilelang/tilelang/autotuner/tuner.py", line 560, in invoke
    return benchmark_target(
           ^^^^^^^^^^^^^^^^^
  File "/home/ywc/co-tilelang/tilelang/autotuner/tuner.py", line 717, in _benchmark_target
    latency = profiler.do_bench(
              ^^^^^^^^^^^^^^^^^^
  File "/home/ywc/co-tilelang/tilelang/profiler/__init__.py", line 281, in do_bench
    return run_bench()
           ^^^^^^^^^^^
  File "/home/ywc/co-tilelang/tilelang/profiler/__init__.py", line 267, in run_bench
    return do_bench(
           ^^^^^^^^^
  File "/home/ywc/co-tilelang/tilelang/profiler/bench.py", line 128, in do_bench
    return _do_bench_impl(
           ^^^^^^^^^^^^^^^
  File "/home/ywc/co-tilelang/tilelang/profiler/bench.py", line 187, in _do_bench_impl
    fn()
  File "/home/ywc/co-tilelang/tilelang/jit/adapter/base.py", line 100, in __call__
    return self.func(*args, **kwds)
           ^^^^^^^^^^^^^^^^^^^^^^^^
  File "/home/ywc/co-tilelang/tilelang/jit/adapter/tvm_ffi.py", line 330, in func
    result = self._get_executable()(*inputs, allocator_anchor)
             ^^^^^^^^^^^^^^^^^^^^^^^^^^^^^^^^^^^^^^^^^^^^^^^^^
  File "/home/ywc/mpk-env/lib/python3.12/site-packages/tvm_ffi/module.py", line 299, in __call__
    return self.main(*args)
           ^^^^^^^^^^^^^^^^
  File "python/tvm_ffi/cython/function.pxi", line 968, in tvm_ffi.core.Function.__call__
  File "<unknown>", line 0, in __tvm_ffi_main
  File "<unknown>", line 0, in __tvm_ffi_chunk_scan_fwd
  File "/home/ywc/co-tilelang/3rdparty/tvm/src/runtime/cuda/cuda_module.cc", line 271, in void tvm::runtime::CUDAWrappedFunc::operator()(tvm::ffi::PackedArgs, tvm::ffi::Any*, void**) const
    TVM_FFI_THROW(InternalError)
    
tvm.error.InternalError: Failed to set the allowed dynamic shared memory size to 260736

2026-09-24 15:30:11,254 WARNING:An error occurred while testing config {'block_M': 256, 'block_N': 32, 'block_K': 128, 'block_Dstate': 128, 'num_stages': 1}, checkout autotuner.log for more details
2026-09-24 15:30:11,254 DEBUG:Error: Traceback (most recent call last):
  File "/home/ywc/co-tilelang/tilelang/autotuner/tuner.py", line 597, in _run_benchmark_target
    latency, worker_ref_latency = _call_benchmark_target(_jit_kernel, _worker_state)
                                  ^^^^^^^^^^^^^^^^^^^^^^^^^^^^^^^^^^^^^^^^^^^^^^^^^^
  File "/home/ywc/co-tilelang/tilelang/autotuner/tuner.py", line 569, in _call_benchmark_target
    return invoke()
           ^^^^^^^^
  File "/home/ywc/co-tilelang/tilelang/autotuner/tuner.py", line 560, in invoke
    return benchmark_target(
           ^^^^^^^^^^^^^^^^^
  File "/home/ywc/co-tilelang/tilelang/autotuner/tuner.py", line 717, in _benchmark_target
    latency = profiler.do_bench(
              ^^^^^^^^^^^^^^^^^^
  File "/home/ywc/co-tilelang/tilelang/profiler/__init__.py", line 281, in do_bench
    return run_bench()
           ^^^^^^^^^^^
  File "/home/ywc/co-tilelang/tilelang/profiler/__init__.py", line 267, in run_bench
    return do_bench(
           ^^^^^^^^^
  File "/home/ywc/co-tilelang/tilelang/profiler/bench.py", line 128, in do_bench
    return _do_bench_impl(
           ^^^^^^^^^^^^^^^
  File "/home/ywc/co-tilelang/tilelang/profiler/bench.py", line 187, in _do_bench_impl
    fn()
  File "/home/ywc/co-tilelang/tilelang/jit/adapter/base.py", line 100, in __call__
    return self.func(*args, **kwds)
           ^^^^^^^^^^^^^^^^^^^^^^^^
  File "/home/ywc/co-tilelang/tilelang/jit/adapter/tvm_ffi.py", line 330, in func
    result = self._get_executable()(*inputs, allocator_anchor)
             ^^^^^^^^^^^^^^^^^^^^^^^^^^^^^^^^^^^^^^^^^^^^^^^^^
  File "/home/ywc/mpk-env/lib/python3.12/site-packages/tvm_ffi/module.py", line 299, in __call__
    return self.main(*args)
           ^^^^^^^^^^^^^^^^
  File "python/tvm_ffi/cython/function.pxi", line 968, in tvm_ffi.core.Function.__call__
  File "<unknown>", line 0, in __tvm_ffi_main
  File "<unknown>", line 0, in __tvm_ffi_chunk_scan_fwd
  File "/home/ywc/co-tilelang/3rdparty/tvm/src/runtime/cuda/cuda_module.cc", line 271, in void tvm::runtime::CUDAWrappedFunc::operator()(tvm::ffi::PackedArgs, tvm::ffi::Any*, void**) const
    TVM_FFI_THROW(InternalError)
    
tvm.error.InternalError: Failed to set the allowed dynamic shared memory size to 149760

2026-09-24 15:30:11,257 WARNING:An error occurred while testing config {'block_M': 256, 'block_N': 32, 'block_K': 128, 'block_Dstate': 128, 'num_stages': 2}, checkout autotuner.log for more details
2026-09-24 15:30:11,257 DEBUG:Error: Traceback (most recent call last):
  File "/home/ywc/co-tilelang/tilelang/autotuner/tuner.py", line 597, in _run_benchmark_target
    latency, worker_ref_latency = _call_benchmark_target(_jit_kernel, _worker_state)
                                  ^^^^^^^^^^^^^^^^^^^^^^^^^^^^^^^^^^^^^^^^^^^^^^^^^^
  File "/home/ywc/co-tilelang/tilelang/autotuner/tuner.py", line 569, in _call_benchmark_target
    return invoke()
           ^^^^^^^^
  File "/home/ywc/co-tilelang/tilelang/autotuner/tuner.py", line 560, in invoke
    return benchmark_target(
           ^^^^^^^^^^^^^^^^^
  File "/home/ywc/co-tilelang/tilelang/autotuner/tuner.py", line 717, in _benchmark_target
    latency = profiler.do_bench(
              ^^^^^^^^^^^^^^^^^^
  File "/home/ywc/co-tilelang/tilelang/profiler/__init__.py", line 281, in do_bench
    return run_bench()
           ^^^^^^^^^^^
  File "/home/ywc/co-tilelang/tilelang/profiler/__init__.py", line 267, in run_bench
    return do_bench(
           ^^^^^^^^^
  File "/home/ywc/co-tilelang/tilelang/profiler/bench.py", line 128, in do_bench
    return _do_bench_impl(
           ^^^^^^^^^^^^^^^
  File "/home/ywc/co-tilelang/tilelang/profiler/bench.py", line 187, in _do_bench_impl
    fn()
  File "/home/ywc/co-tilelang/tilelang/jit/adapter/base.py", line 100, in __call__
    return self.func(*args, **kwds)
           ^^^^^^^^^^^^^^^^^^^^^^^^
  File "/home/ywc/co-tilelang/tilelang/jit/adapter/tvm_ffi.py", line 330, in func
    result = self._get_executable()(*inputs, allocator_anchor)
             ^^^^^^^^^^^^^^^^^^^^^^^^^^^^^^^^^^^^^^^^^^^^^^^^^
  File "/home/ywc/mpk-env/lib/python3.12/site-packages/tvm_ffi/module.py", line 299, in __call__
    return self.main(*args)
           ^^^^^^^^^^^^^^^^
  File "python/tvm_ffi/cython/function.pxi", line 968, in tvm_ffi.core.Function.__call__
  File "<unknown>", line 0, in __tvm_ffi_main
  File "<unknown>", line 0, in __tvm_ffi_chunk_scan_fwd
  File "/home/ywc/co-tilelang/3rdparty/tvm/src/runtime/cuda/cuda_module.cc", line 271, in void tvm::runtime::CUDAWrappedFunc::operator()(tvm::ffi::PackedArgs, tvm::ffi::Any*, void**) const
    TVM_FFI_THROW(InternalError)
    
tvm.error.InternalError: Failed to set the allowed dynamic shared memory size to 223744

2026-09-24 15:30:11,260 WARNING:An error occurred while testing config {'block_M': 256, 'block_N': 32, 'block_K': 128, 'block_Dstate': 128, 'num_stages': 3}, checkout autotuner.log for more details
2026-09-24 15:30:11,260 DEBUG:Error: Traceback (most recent call last):
  File "/home/ywc/co-tilelang/tilelang/autotuner/tuner.py", line 597, in _run_benchmark_target
    latency, worker_ref_latency = _call_benchmark_target(_jit_kernel, _worker_state)
                                  ^^^^^^^^^^^^^^^^^^^^^^^^^^^^^^^^^^^^^^^^^^^^^^^^^^
  File "/home/ywc/co-tilelang/tilelang/autotuner/tuner.py", line 569, in _call_benchmark_target
    return invoke()
           ^^^^^^^^
  File "/home/ywc/co-tilelang/tilelang/autotuner/tuner.py", line 560, in invoke
    return benchmark_target(
           ^^^^^^^^^^^^^^^^^
  File "/home/ywc/co-tilelang/tilelang/autotuner/tuner.py", line 717, in _benchmark_target
    latency = profiler.do_bench(
              ^^^^^^^^^^^^^^^^^^
  File "/home/ywc/co-tilelang/tilelang/profiler/__init__.py", line 281, in do_bench
    return run_bench()
           ^^^^^^^^^^^
  File "/home/ywc/co-tilelang/tilelang/profiler/__init__.py", line 267, in run_bench
    return do_bench(
           ^^^^^^^^^
  File "/home/ywc/co-tilelang/tilelang/profiler/bench.py", line 128, in do_bench
    return _do_bench_impl(
           ^^^^^^^^^^^^^^^
  File "/home/ywc/co-tilelang/tilelang/profiler/bench.py", line 187, in _do_bench_impl
    fn()
  File "/home/ywc/co-tilelang/tilelang/jit/adapter/base.py", line 100, in __call__
    return self.func(*args, **kwds)
           ^^^^^^^^^^^^^^^^^^^^^^^^
  File "/home/ywc/co-tilelang/tilelang/jit/adapter/tvm_ffi.py", line 330, in func
    result = self._get_executable()(*inputs, allocator_anchor)
             ^^^^^^^^^^^^^^^^^^^^^^^^^^^^^^^^^^^^^^^^^^^^^^^^^
  File "/home/ywc/mpk-env/lib/python3.12/site-packages/tvm_ffi/module.py", line 299, in __call__
    return self.main(*args)
           ^^^^^^^^^^^^^^^^
  File "python/tvm_ffi/cython/function.pxi", line 968, in tvm_ffi.core.Function.__call__
  File "<unknown>", line 0, in __tvm_ffi_main
  File "<unknown>", line 0, in __tvm_ffi_chunk_scan_fwd
  File "/home/ywc/co-tilelang/3rdparty/tvm/src/runtime/cuda/cuda_module.cc", line 271, in void tvm::runtime::CUDAWrappedFunc::operator()(tvm::ffi::PackedArgs, tvm::ffi::Any*, void**) const
    TVM_FFI_THROW(InternalError)
    
tvm.error.InternalError: Failed to set the allowed dynamic shared memory size to 297728

2026-09-24 15:30:11,829 WARNING:An error occurred while testing config {'block_M': 256, 'block_N': 32, 'block_K': 128, 'block_Dstate': 128, 'num_stages': 4}, checkout autotuner.log for more details
2026-09-24 15:30:11,829 DEBUG:Error: Traceback (most recent call last):
  File "/home/ywc/co-tilelang/tilelang/autotuner/tuner.py", line 597, in _run_benchmark_target
    latency, worker_ref_latency = _call_benchmark_target(_jit_kernel, _worker_state)
                                  ^^^^^^^^^^^^^^^^^^^^^^^^^^^^^^^^^^^^^^^^^^^^^^^^^^
  File "/home/ywc/co-tilelang/tilelang/autotuner/tuner.py", line 569, in _call_benchmark_target
    return invoke()
           ^^^^^^^^
  File "/home/ywc/co-tilelang/tilelang/autotuner/tuner.py", line 560, in invoke
    return benchmark_target(
           ^^^^^^^^^^^^^^^^^
  File "/home/ywc/co-tilelang/tilelang/autotuner/tuner.py", line 717, in _benchmark_target
    latency = profiler.do_bench(
              ^^^^^^^^^^^^^^^^^^
  File "/home/ywc/co-tilelang/tilelang/profiler/__init__.py", line 281, in do_bench
    return run_bench()
           ^^^^^^^^^^^
  File "/home/ywc/co-tilelang/tilelang/profiler/__init__.py", line 267, in run_bench
    return do_bench(
           ^^^^^^^^^
  File "/home/ywc/co-tilelang/tilelang/profiler/bench.py", line 128, in do_bench
    return _do_bench_impl(
           ^^^^^^^^^^^^^^^
  File "/home/ywc/co-tilelang/tilelang/profiler/bench.py", line 187, in _do_bench_impl
    fn()
  File "/home/ywc/co-tilelang/tilelang/jit/adapter/base.py", line 100, in __call__
    return self.func(*args, **kwds)
           ^^^^^^^^^^^^^^^^^^^^^^^^
  File "/home/ywc/co-tilelang/tilelang/jit/adapter/tvm_ffi.py", line 330, in func
    result = self._get_executable()(*inputs, allocator_anchor)
             ^^^^^^^^^^^^^^^^^^^^^^^^^^^^^^^^^^^^^^^^^^^^^^^^^
  File "/home/ywc/mpk-env/lib/python3.12/site-packages/tvm_ffi/module.py", line 299, in __call__
    return self.main(*args)
           ^^^^^^^^^^^^^^^^
  File "python/tvm_ffi/cython/function.pxi", line 968, in tvm_ffi.core.Function.__call__
  File "<unknown>", line 0, in __tvm_ffi_main
  File "<unknown>", line 0, in __tvm_ffi_chunk_scan_fwd
  File "<unknown>", line 0, in TVMFFIEnvTensorAlloc
  File "<unknown>", line 0, in TorchDLPackExchangeAPI::ManagedTensorAllocator(DLTensor*, DLManagedTensorVersioned**, void*, void (*)(void*, char const*, char const*))
MemoryError: CUDA out of memory. Tried to allocate 1024.00 MiB. GPU 0 has a total capacity of 94.97 GiB of which 609.88 MiB is free. Process 73312 has 1.13 GiB memory in use. Process 142742 has 36.90 GiB memory in use. Including non-PyTorch memory, this process has 56.26 GiB memory in use. Of the allocated memory 55.25 GiB is allocated by PyTorch, and 386.00 MiB is reserved by PyTorch but unallocated. If reserved but unallocated memory is large try setting PYTORCH_CUDA_ALLOC_CONF=expandable_segments:True to avoid fragmentation.  See documentation for Memory Management  (https://pytorch.org/docs/stable/notes/cuda.html#environment-variables)
Exception raised from malloc at /pytorch/c10/cuda/CUDACachingAllocator.cpp:1498 (most recent call first):
frame #0: c10::Error::Error(c10::SourceLocation, std::__cxx11::basic_string<char, std::char_traits<char>, std::allocator<char> >) + 0x80 (0x7d22428d9eb0 in /home/ywc/mpk-env/lib/python3.12/site-packages/torch/lib/libc10.so)
frame #1: <unknown function> + 0x3ca3b (0x7d2242997a3b in /home/ywc/mpk-env/lib/python3.12/site-packages/torch/lib/libc10_cuda.so)
frame #2: <unknown function> + 0x3cc05 (0x7d2242997c05 in /home/ywc/mpk-env/lib/python3.12/site-packages/torch/lib/libc10_cuda.so)
frame #3: <unknown function> + 0x3d15f (0x7d224299815f in /home/ywc/mpk-env/lib/python3.12/site-packages/torch/lib/libc10_cuda.so)
frame #4: <unknown function> + 0x15d64ad (0x7d2221dd64ad in /home/ywc/mpk-env/lib/python3.12/site-packages/torch/lib/libtorch_cpu.so)
frame #5: <unknown function> + 0x15d2715 (0x7d2221dd2715 in /home/ywc/mpk-env/lib/python3.12/site-packages/torch/lib/libtorch_cpu.so)
frame #6: at::detail::empty_generic(c10::ArrayRef<long>, c10::Allocator*, c10::DispatchKeySet, c10::ScalarType, std::optional<c10::MemoryFormat>) + 0x13 (0x7d2221dd30f3 in /home/ywc/mpk-env/lib/python3.12/site-packages/torch/lib/libtorch_cpu.so)
frame #7: at::detail::empty_cuda(c10::ArrayRef<long>, c10::ScalarType, std::optional<c10::Device>, std::optional<c10::MemoryFormat>) + 0x86 (0x7d21e5871106 in /home/ywc/mpk-env/lib/python3.12/site-packages/torch/lib/libtorch_cuda.so)
frame #8: at::detail::empty_cuda(c10::ArrayRef<long>, std::optional<c10::ScalarType>, std::optional<c10::Layout>, std::optional<c10::Device>, std::optional<bool>, std::optional<c10::MemoryFormat>) + 0x6e (0x7d21e587129e in /home/ywc/mpk-env/lib/python3.12/site-packages/torch/lib/libtorch_cuda.so)
frame #9: at::native::empty_cuda(c10::ArrayRef<long>, std::optional<c10::ScalarType>, std::optional<c10::Layout>, std::optional<c10::Device>, std::optional<bool>, std::optional<c10::MemoryFormat>) + 0x43 (0x7d21e5afce63 in /home/ywc/mpk-env/lib/python3.12/site-packages/torch/lib/libtorch_cuda.so)
frame #10: <unknown function> + 0x32944e4 (0x7d21e7e944e4 in /home/ywc/mpk-env/lib/python3.12/site-packages/torch/lib/libtorch_cuda.so)
frame #11: <unknown function> + 0x329460c (0x7d21e7e9460c in /home/ywc/mpk-env/lib/python3.12/site-packages/torch/lib/libtorch_cuda.so)
frame #12: at::_ops::empty_memory_format::redispatch(c10::DispatchKeySet, c10::ArrayRef<c10::SymInt>, std::optional<c10::ScalarType>, std::optional<c10::Layout>, std::optional<c10::Device>, std::optional<bool>, std::optional<c10::MemoryFormat>) + 0xe6 (0x7d2222d19e06 in /home/ywc/mpk-env/lib/python3.12/site-packages/torch/lib/libtorch_cpu.so)
frame #13: <unknown function> + 0x28bdf39 (0x7d22230bdf39 in /home/ywc/mpk-env/lib/python3.12/site-packages/torch/lib/libtorch_cpu.so)
frame #14: at::_ops::empty_memory_format::call(c10::ArrayRef<c10::SymInt>, std::optional<c10::ScalarType>, std::optional<c10::Layout>, std::optional<c10::Device>, std::optional<bool>, std::optional<c10::MemoryFormat>) + 0x218 (0x7d2222d66168 in /home/ywc/mpk-env/lib/python3.12/site-packages/torch/lib/libtorch_cpu.so)
frame #15: <unknown function> + 0xcb37 (0x7d2242565b37 in /home/ywc/mpk-env/lib/python3.12/site-packages/torch_c_dlpack_ext/libtorch_c_dlpack_addon_torch28-cuda.so)
frame #16: TVMFFIEnvTensorAlloc + 0x66 (0x7d209a6b9f76 in /home/ywc/mpk-env/lib/python3.12/site-packages/tvm_ffi/lib/libtvm_ffi.so)
frame #17: __tvm_ffi_chunk_scan_fwd + 0x3bb0 (0x7d1de4583d89 in /home/ywc/.tilelang/cache/0.1.14_cuda/linux-x86_64/kernels/93d004b8a3fff31c9ab3488708b370051267e72ef3eb11b3878f18c22e2e73bf/executable.so)
frame #18: __tvm_ffi_main + 0x32 (0x7d1de45863dc in /home/ywc/.tilelang/cache/0.1.14_cuda/linux-x86_64/kernels/93d004b8a3fff31c9ab3488708b370051267e72ef3eb11b3878f18c22e2e73bf/executable.so)
frame #19: <unknown function> + 0x13f6ff (0x7d209a6af6ff in /home/ywc/mpk-env/lib/python3.12/site-packages/tvm_ffi/lib/libtvm_ffi.so)
frame #20: <unknown function> + 0x13f07c (0x7d209a6af07c in /home/ywc/mpk-env/lib/python3.12/site-packages/tvm_ffi/lib/libtvm_ffi.so)
frame #21: <unknown function> + 0x9bd62 (0x7d21c84d5d62 in /home/ywc/mpk-env/lib/python3.12/site-packages/tvm_ffi/core.abi3.so)
<omitting python frames>
frame #25: python() [0x5a3778]
frame #29: python() [0x5a3778]
frame #31: python() [0x64f814]
frame #34: python() [0x54cbb4]
frame #36: python() [0x64f814]
frame #39: python() [0x54cb52]
frame #40: python() [0x6f899c]
frame #41: python() [0x6b93bc]
frame #42: <unknown function> + 0x9cb84 (0x7d224369cb84 in /lib/x86_64-linux-gnu/libc.so.6)
frame #43: <unknown function> + 0x129ecc (0x7d2243729ecc in /lib/x86_64-linux-gnu/libc.so.6)


2026-09-24 15:30:11,836 WARNING:An error occurred while testing config {'block_M': 256, 'block_N': 32, 'block_K': 128, 'block_Dstate': 128, 'num_stages': 5}, checkout autotuner.log for more details
2026-09-24 15:30:11,836 DEBUG:Error: Traceback (most recent call last):
  File "/home/ywc/co-tilelang/tilelang/autotuner/tuner.py", line 597, in _run_benchmark_target
    latency, worker_ref_latency = _call_benchmark_target(_jit_kernel, _worker_state)
                                  ^^^^^^^^^^^^^^^^^^^^^^^^^^^^^^^^^^^^^^^^^^^^^^^^^^
  File "/home/ywc/co-tilelang/tilelang/autotuner/tuner.py", line 569, in _call_benchmark_target
    return invoke()
           ^^^^^^^^
  File "/home/ywc/co-tilelang/tilelang/autotuner/tuner.py", line 560, in invoke
    return benchmark_target(
           ^^^^^^^^^^^^^^^^^
  File "/home/ywc/co-tilelang/tilelang/autotuner/tuner.py", line 717, in _benchmark_target
    latency = profiler.do_bench(
              ^^^^^^^^^^^^^^^^^^
  File "/home/ywc/co-tilelang/tilelang/profiler/__init__.py", line 281, in do_bench
    return run_bench()
           ^^^^^^^^^^^
  File "/home/ywc/co-tilelang/tilelang/profiler/__init__.py", line 267, in run_bench
    return do_bench(
           ^^^^^^^^^
  File "/home/ywc/co-tilelang/tilelang/profiler/bench.py", line 128, in do_bench
    return _do_bench_impl(
           ^^^^^^^^^^^^^^^
  File "/home/ywc/co-tilelang/tilelang/profiler/bench.py", line 187, in _do_bench_impl
    fn()
  File "/home/ywc/co-tilelang/tilelang/jit/adapter/base.py", line 100, in __call__
    return self.func(*args, **kwds)
           ^^^^^^^^^^^^^^^^^^^^^^^^
  File "/home/ywc/co-tilelang/tilelang/jit/adapter/tvm_ffi.py", line 330, in func
    result = self._get_executable()(*inputs, allocator_anchor)
             ^^^^^^^^^^^^^^^^^^^^^^^^^^^^^^^^^^^^^^^^^^^^^^^^^
  File "/home/ywc/mpk-env/lib/python3.12/site-packages/tvm_ffi/module.py", line 299, in __call__
    return self.main(*args)
           ^^^^^^^^^^^^^^^^
  File "python/tvm_ffi/cython/function.pxi", line 968, in tvm_ffi.core.Function.__call__
  File "<unknown>", line 0, in __tvm_ffi_main
  File "<unknown>", line 0, in __tvm_ffi_chunk_scan_fwd
  File "<unknown>", line 0, in TVMFFIEnvTensorAlloc
  File "<unknown>", line 0, in TorchDLPackExchangeAPI::ManagedTensorAllocator(DLTensor*, DLManagedTensorVersioned**, void*, void (*)(void*, char const*, char const*))
MemoryError: CUDA out of memory. Tried to allocate 1024.00 MiB. GPU 0 has a total capacity of 94.97 GiB of which 609.88 MiB is free. Process 73312 has 1.13 GiB memory in use. Process 142742 has 36.90 GiB memory in use. Including non-PyTorch memory, this process has 56.26 GiB memory in use. Of the allocated memory 55.25 GiB is allocated by PyTorch, and 386.00 MiB is reserved by PyTorch but unallocated. If reserved but unallocated memory is large try setting PYTORCH_CUDA_ALLOC_CONF=expandable_segments:True to avoid fragmentation.  See documentation for Memory Management  (https://pytorch.org/docs/stable/notes/cuda.html#environment-variables)
Exception raised from malloc at /pytorch/c10/cuda/CUDACachingAllocator.cpp:1498 (most recent call first):
frame #0: c10::Error::Error(c10::SourceLocation, std::__cxx11::basic_string<char, std::char_traits<char>, std::allocator<char> >) + 0x80 (0x7d22428d9eb0 in /home/ywc/mpk-env/lib/python3.12/site-packages/torch/lib/libc10.so)
frame #1: <unknown function> + 0x3ca3b (0x7d2242997a3b in /home/ywc/mpk-env/lib/python3.12/site-packages/torch/lib/libc10_cuda.so)
frame #2: <unknown function> + 0x3cc05 (0x7d2242997c05 in /home/ywc/mpk-env/lib/python3.12/site-packages/torch/lib/libc10_cuda.so)
frame #3: <unknown function> + 0x3d15f (0x7d224299815f in /home/ywc/mpk-env/lib/python3.12/site-packages/torch/lib/libc10_cuda.so)
frame #4: <unknown function> + 0x15d64ad (0x7d2221dd64ad in /home/ywc/mpk-env/lib/python3.12/site-packages/torch/lib/libtorch_cpu.so)
frame #5: <unknown function> + 0x15d2715 (0x7d2221dd2715 in /home/ywc/mpk-env/lib/python3.12/site-packages/torch/lib/libtorch_cpu.so)
frame #6: at::detail::empty_generic(c10::ArrayRef<long>, c10::Allocator*, c10::DispatchKeySet, c10::ScalarType, std::optional<c10::MemoryFormat>) + 0x13 (0x7d2221dd30f3 in /home/ywc/mpk-env/lib/python3.12/site-packages/torch/lib/libtorch_cpu.so)
frame #7: at::detail::empty_cuda(c10::ArrayRef<long>, c10::ScalarType, std::optional<c10::Device>, std::optional<c10::MemoryFormat>) + 0x86 (0x7d21e5871106 in /home/ywc/mpk-env/lib/python3.12/site-packages/torch/lib/libtorch_cuda.so)
frame #8: at::detail::empty_cuda(c10::ArrayRef<long>, std::optional<c10::ScalarType>, std::optional<c10::Layout>, std::optional<c10::Device>, std::optional<bool>, std::optional<c10::MemoryFormat>) + 0x6e (0x7d21e587129e in /home/ywc/mpk-env/lib/python3.12/site-packages/torch/lib/libtorch_cuda.so)
frame #9: at::native::empty_cuda(c10::ArrayRef<long>, std::optional<c10::ScalarType>, std::optional<c10::Layout>, std::optional<c10::Device>, std::optional<bool>, std::optional<c10::MemoryFormat>) + 0x43 (0x7d21e5afce63 in /home/ywc/mpk-env/lib/python3.12/site-packages/torch/lib/libtorch_cuda.so)
frame #10: <unknown function> + 0x32944e4 (0x7d21e7e944e4 in /home/ywc/mpk-env/lib/python3.12/site-packages/torch/lib/libtorch_cuda.so)
frame #11: <unknown function> + 0x329460c (0x7d21e7e9460c in /home/ywc/mpk-env/lib/python3.12/site-packages/torch/lib/libtorch_cuda.so)
frame #12: at::_ops::empty_memory_format::redispatch(c10::DispatchKeySet, c10::ArrayRef<c10::SymInt>, std::optional<c10::ScalarType>, std::optional<c10::Layout>, std::optional<c10::Device>, std::optional<bool>, std::optional<c10::MemoryFormat>) + 0xe6 (0x7d2222d19e06 in /home/ywc/mpk-env/lib/python3.12/site-packages/torch/lib/libtorch_cpu.so)
frame #13: <unknown function> + 0x28bdf39 (0x7d22230bdf39 in /home/ywc/mpk-env/lib/python3.12/site-packages/torch/lib/libtorch_cpu.so)
frame #14: at::_ops::empty_memory_format::call(c10::ArrayRef<c10::SymInt>, std::optional<c10::ScalarType>, std::optional<c10::Layout>, std::optional<c10::Device>, std::optional<bool>, std::optional<c10::MemoryFormat>) + 0x218 (0x7d2222d66168 in /home/ywc/mpk-env/lib/python3.12/site-packages/torch/lib/libtorch_cpu.so)
frame #15: <unknown function> + 0xcb37 (0x7d2242565b37 in /home/ywc/mpk-env/lib/python3.12/site-packages/torch_c_dlpack_ext/libtorch_c_dlpack_addon_torch28-cuda.so)
frame #16: TVMFFIEnvTensorAlloc + 0x66 (0x7d209a6b9f76 in /home/ywc/mpk-env/lib/python3.12/site-packages/tvm_ffi/lib/libtvm_ffi.so)
frame #17: __tvm_ffi_chunk_scan_fwd + 0x3bb0 (0x7d1de4445d89 in /home/ywc/.tilelang/cache/0.1.14_cuda/linux-x86_64/kernels/5f687b92ab6dbd77a2f6f9bc15fd66405311db6c7fc5ea8c2bb74471af3bb0b8/executable.so)
frame #18: __tvm_ffi_main + 0x32 (0x7d1de44483dc in /home/ywc/.tilelang/cache/0.1.14_cuda/linux-x86_64/kernels/5f687b92ab6dbd77a2f6f9bc15fd66405311db6c7fc5ea8c2bb74471af3bb0b8/executable.so)
frame #19: <unknown function> + 0x13f6ff (0x7d209a6af6ff in /home/ywc/mpk-env/lib/python3.12/site-packages/tvm_ffi/lib/libtvm_ffi.so)
frame #20: <unknown function> + 0x13f07c (0x7d209a6af07c in /home/ywc/mpk-env/lib/python3.12/site-packages/tvm_ffi/lib/libtvm_ffi.so)
frame #21: <unknown function> + 0x9bd62 (0x7d21c84d5d62 in /home/ywc/mpk-env/lib/python3.12/site-packages/tvm_ffi/core.abi3.so)
<omitting python frames>
frame #25: python() [0x5a3778]
frame #29: python() [0x5a3778]
frame #31: python() [0x64f814]
frame #34: python() [0x54cbb4]
frame #36: python() [0x64f814]
frame #39: python() [0x54cb52]
frame #40: python() [0x6f899c]
frame #41: python() [0x6b93bc]
frame #42: <unknown function> + 0x9cb84 (0x7d224369cb84 in /lib/x86_64-linux-gnu/libc.so.6)
frame #43: <unknown function> + 0x129ecc (0x7d2243729ecc in /lib/x86_64-linux-gnu/libc.so.6)


2026-09-24 15:30:11,842 WARNING:An error occurred while testing config {'block_M': 256, 'block_N': 32, 'block_K': 256, 'block_Dstate': 128, 'num_stages': 1}, checkout autotuner.log for more details
2026-09-24 15:30:11,843 DEBUG:Error: Traceback (most recent call last):
  File "/home/ywc/co-tilelang/tilelang/autotuner/tuner.py", line 597, in _run_benchmark_target
    latency, worker_ref_latency = _call_benchmark_target(_jit_kernel, _worker_state)
                                  ^^^^^^^^^^^^^^^^^^^^^^^^^^^^^^^^^^^^^^^^^^^^^^^^^^
  File "/home/ywc/co-tilelang/tilelang/autotuner/tuner.py", line 569, in _call_benchmark_target
    return invoke()
           ^^^^^^^^
  File "/home/ywc/co-tilelang/tilelang/autotuner/tuner.py", line 560, in invoke
    return benchmark_target(
           ^^^^^^^^^^^^^^^^^
  File "/home/ywc/co-tilelang/tilelang/autotuner/tuner.py", line 717, in _benchmark_target
    latency = profiler.do_bench(
              ^^^^^^^^^^^^^^^^^^
  File "/home/ywc/co-tilelang/tilelang/profiler/__init__.py", line 281, in do_bench
    return run_bench()
           ^^^^^^^^^^^
  File "/home/ywc/co-tilelang/tilelang/profiler/__init__.py", line 267, in run_bench
    return do_bench(
           ^^^^^^^^^
  File "/home/ywc/co-tilelang/tilelang/profiler/bench.py", line 128, in do_bench
    return _do_bench_impl(
           ^^^^^^^^^^^^^^^
  File "/home/ywc/co-tilelang/tilelang/profiler/bench.py", line 187, in _do_bench_impl
    fn()
  File "/home/ywc/co-tilelang/tilelang/jit/adapter/base.py", line 100, in __call__
    return self.func(*args, **kwds)
           ^^^^^^^^^^^^^^^^^^^^^^^^
  File "/home/ywc/co-tilelang/tilelang/jit/adapter/tvm_ffi.py", line 330, in func
    result = self._get_executable()(*inputs, allocator_anchor)
             ^^^^^^^^^^^^^^^^^^^^^^^^^^^^^^^^^^^^^^^^^^^^^^^^^
  File "/home/ywc/mpk-env/lib/python3.12/site-packages/tvm_ffi/module.py", line 299, in __call__
    return self.main(*args)
           ^^^^^^^^^^^^^^^^
  File "python/tvm_ffi/cython/function.pxi", line 968, in tvm_ffi.core.Function.__call__
  File "<unknown>", line 0, in __tvm_ffi_main
  File "<unknown>", line 0, in __tvm_ffi_chunk_scan_fwd
  File "<unknown>", line 0, in TVMFFIEnvTensorAlloc
  File "<unknown>", line 0, in TorchDLPackExchangeAPI::ManagedTensorAllocator(DLTensor*, DLManagedTensorVersioned**, void*, void (*)(void*, char const*, char const*))
MemoryError: CUDA out of memory. Tried to allocate 1024.00 MiB. GPU 0 has a total capacity of 94.97 GiB of which 609.88 MiB is free. Process 73312 has 1.13 GiB memory in use. Process 142742 has 36.90 GiB memory in use. Including non-PyTorch memory, this process has 56.26 GiB memory in use. Of the allocated memory 55.25 GiB is allocated by PyTorch, and 386.00 MiB is reserved by PyTorch but unallocated. If reserved but unallocated memory is large try setting PYTORCH_CUDA_ALLOC_CONF=expandable_segments:True to avoid fragmentation.  See documentation for Memory Management  (https://pytorch.org/docs/stable/notes/cuda.html#environment-variables)
Exception raised from malloc at /pytorch/c10/cuda/CUDACachingAllocator.cpp:1498 (most recent call first):
frame #0: c10::Error::Error(c10::SourceLocation, std::__cxx11::basic_string<char, std::char_traits<char>, std::allocator<char> >) + 0x80 (0x7d22428d9eb0 in /home/ywc/mpk-env/lib/python3.12/site-packages/torch/lib/libc10.so)
frame #1: <unknown function> + 0x3ca3b (0x7d2242997a3b in /home/ywc/mpk-env/lib/python3.12/site-packages/torch/lib/libc10_cuda.so)
frame #2: <unknown function> + 0x3cc05 (0x7d2242997c05 in /home/ywc/mpk-env/lib/python3.12/site-packages/torch/lib/libc10_cuda.so)
frame #3: <unknown function> + 0x3d15f (0x7d224299815f in /home/ywc/mpk-env/lib/python3.12/site-packages/torch/lib/libc10_cuda.so)
frame #4: <unknown function> + 0x15d64ad (0x7d2221dd64ad in /home/ywc/mpk-env/lib/python3.12/site-packages/torch/lib/libtorch_cpu.so)
frame #5: <unknown function> + 0x15d2715 (0x7d2221dd2715 in /home/ywc/mpk-env/lib/python3.12/site-packages/torch/lib/libtorch_cpu.so)
frame #6: at::detail::empty_generic(c10::ArrayRef<long>, c10::Allocator*, c10::DispatchKeySet, c10::ScalarType, std::optional<c10::MemoryFormat>) + 0x13 (0x7d2221dd30f3 in /home/ywc/mpk-env/lib/python3.12/site-packages/torch/lib/libtorch_cpu.so)
frame #7: at::detail::empty_cuda(c10::ArrayRef<long>, c10::ScalarType, std::optional<c10::Device>, std::optional<c10::MemoryFormat>) + 0x86 (0x7d21e5871106 in /home/ywc/mpk-env/lib/python3.12/site-packages/torch/lib/libtorch_cuda.so)
frame #8: at::detail::empty_cuda(c10::ArrayRef<long>, std::optional<c10::ScalarType>, std::optional<c10::Layout>, std::optional<c10::Device>, std::optional<bool>, std::optional<c10::MemoryFormat>) + 0x6e (0x7d21e587129e in /home/ywc/mpk-env/lib/python3.12/site-packages/torch/lib/libtorch_cuda.so)
frame #9: at::native::empty_cuda(c10::ArrayRef<long>, std::optional<c10::ScalarType>, std::optional<c10::Layout>, std::optional<c10::Device>, std::optional<bool>, std::optional<c10::MemoryFormat>) + 0x43 (0x7d21e5afce63 in /home/ywc/mpk-env/lib/python3.12/site-packages/torch/lib/libtorch_cuda.so)
frame #10: <unknown function> + 0x32944e4 (0x7d21e7e944e4 in /home/ywc/mpk-env/lib/python3.12/site-packages/torch/lib/libtorch_cuda.so)
frame #11: <unknown function> + 0x329460c (0x7d21e7e9460c in /home/ywc/mpk-env/lib/python3.12/site-packages/torch/lib/libtorch_cuda.so)
frame #12: at::_ops::empty_memory_format::redispatch(c10::DispatchKeySet, c10::ArrayRef<c10::SymInt>, std::optional<c10::ScalarType>, std::optional<c10::Layout>, std::optional<c10::Device>, std::optional<bool>, std::optional<c10::MemoryFormat>) + 0xe6 (0x7d2222d19e06 in /home/ywc/mpk-env/lib/python3.12/site-packages/torch/lib/libtorch_cpu.so)
frame #13: <unknown function> + 0x28bdf39 (0x7d22230bdf39 in /home/ywc/mpk-env/lib/python3.12/site-packages/torch/lib/libtorch_cpu.so)
frame #14: at::_ops::empty_memory_format::call(c10::ArrayRef<c10::SymInt>, std::optional<c10::ScalarType>, std::optional<c10::Layout>, std::optional<c10::Device>, std::optional<bool>, std::optional<c10::MemoryFormat>) + 0x218 (0x7d2222d66168 in /home/ywc/mpk-env/lib/python3.12/site-packages/torch/lib/libtorch_cpu.so)
frame #15: <unknown function> + 0xcb37 (0x7d2242565b37 in /home/ywc/mpk-env/lib/python3.12/site-packages/torch_c_dlpack_ext/libtorch_c_dlpack_addon_torch28-cuda.so)
frame #16: TVMFFIEnvTensorAlloc + 0x66 (0x7d209a6b9f76 in /home/ywc/mpk-env/lib/python3.12/site-packages/tvm_ffi/lib/libtvm_ffi.so)
frame #17: __tvm_ffi_chunk_scan_fwd + 0x3bb0 (0x7d1de42dad89 in /home/ywc/.tilelang/cache/0.1.14_cuda/linux-x86_64/kernels/95d5230393351d23fd360b83a2b223341c8bfe88d04e95c1cc89427e79ed9dcf/executable.so)
frame #18: __tvm_ffi_main + 0x32 (0x7d1de42dd3dc in /home/ywc/.tilelang/cache/0.1.14_cuda/linux-x86_64/kernels/95d5230393351d23fd360b83a2b223341c8bfe88d04e95c1cc89427e79ed9dcf/executable.so)
frame #19: <unknown function> + 0x13f6ff (0x7d209a6af6ff in /home/ywc/mpk-env/lib/python3.12/site-packages/tvm_ffi/lib/libtvm_ffi.so)
frame #20: <unknown function> + 0x13f07c (0x7d209a6af07c in /home/ywc/mpk-env/lib/python3.12/site-packages/tvm_ffi/lib/libtvm_ffi.so)
frame #21: <unknown function> + 0x9bd62 (0x7d21c84d5d62 in /home/ywc/mpk-env/lib/python3.12/site-packages/tvm_ffi/core.abi3.so)
<omitting python frames>
frame #25: python() [0x5a3778]
frame #29: python() [0x5a3778]
frame #31: python() [0x64f814]
frame #34: python() [0x54cbb4]
frame #36: python() [0x64f814]
frame #39: python() [0x54cb52]
frame #40: python() [0x6f899c]
frame #41: python() [0x6b93bc]
frame #42: <unknown function> + 0x9cb84 (0x7d224369cb84 in /lib/x86_64-linux-gnu/libc.so.6)
frame #43: <unknown function> + 0x129ecc (0x7d2243729ecc in /lib/x86_64-linux-gnu/libc.so.6)


2026-09-24 15:30:11,849 WARNING:An error occurred while testing config {'block_M': 256, 'block_N': 32, 'block_K': 256, 'block_Dstate': 128, 'num_stages': 2}, checkout autotuner.log for more details
2026-09-24 15:30:11,849 DEBUG:Error: Traceback (most recent call last):
  File "/home/ywc/co-tilelang/tilelang/autotuner/tuner.py", line 597, in _run_benchmark_target
    latency, worker_ref_latency = _call_benchmark_target(_jit_kernel, _worker_state)
                                  ^^^^^^^^^^^^^^^^^^^^^^^^^^^^^^^^^^^^^^^^^^^^^^^^^^
  File "/home/ywc/co-tilelang/tilelang/autotuner/tuner.py", line 569, in _call_benchmark_target
    return invoke()
           ^^^^^^^^
  File "/home/ywc/co-tilelang/tilelang/autotuner/tuner.py", line 560, in invoke
    return benchmark_target(
           ^^^^^^^^^^^^^^^^^
  File "/home/ywc/co-tilelang/tilelang/autotuner/tuner.py", line 717, in _benchmark_target
    latency = profiler.do_bench(
              ^^^^^^^^^^^^^^^^^^
  File "/home/ywc/co-tilelang/tilelang/profiler/__init__.py", line 281, in do_bench
    return run_bench()
           ^^^^^^^^^^^
  File "/home/ywc/co-tilelang/tilelang/profiler/__init__.py", line 267, in run_bench
    return do_bench(
           ^^^^^^^^^
  File "/home/ywc/co-tilelang/tilelang/profiler/bench.py", line 128, in do_bench
    return _do_bench_impl(
           ^^^^^^^^^^^^^^^
  File "/home/ywc/co-tilelang/tilelang/profiler/bench.py", line 187, in _do_bench_impl
    fn()
  File "/home/ywc/co-tilelang/tilelang/jit/adapter/base.py", line 100, in __call__
    return self.func(*args, **kwds)
           ^^^^^^^^^^^^^^^^^^^^^^^^
  File "/home/ywc/co-tilelang/tilelang/jit/adapter/tvm_ffi.py", line 330, in func
    result = self._get_executable()(*inputs, allocator_anchor)
             ^^^^^^^^^^^^^^^^^^^^^^^^^^^^^^^^^^^^^^^^^^^^^^^^^
  File "/home/ywc/mpk-env/lib/python3.12/site-packages/tvm_ffi/module.py", line 299, in __call__
    return self.main(*args)
           ^^^^^^^^^^^^^^^^
  File "python/tvm_ffi/cython/function.pxi", line 968, in tvm_ffi.core.Function.__call__
  File "<unknown>", line 0, in __tvm_ffi_main
  File "<unknown>", line 0, in __tvm_ffi_chunk_scan_fwd
  File "<unknown>", line 0, in TVMFFIEnvTensorAlloc
  File "<unknown>", line 0, in TorchDLPackExchangeAPI::ManagedTensorAllocator(DLTensor*, DLManagedTensorVersioned**, void*, void (*)(void*, char const*, char const*))
MemoryError: CUDA out of memory. Tried to allocate 1024.00 MiB. GPU 0 has a total capacity of 94.97 GiB of which 609.88 MiB is free. Process 73312 has 1.13 GiB memory in use. Process 142742 has 36.90 GiB memory in use. Including non-PyTorch memory, this process has 56.26 GiB memory in use. Of the allocated memory 55.25 GiB is allocated by PyTorch, and 386.00 MiB is reserved by PyTorch but unallocated. If reserved but unallocated memory is large try setting PYTORCH_CUDA_ALLOC_CONF=expandable_segments:True to avoid fragmentation.  See documentation for Memory Management  (https://pytorch.org/docs/stable/notes/cuda.html#environment-variables)
Exception raised from malloc at /pytorch/c10/cuda/CUDACachingAllocator.cpp:1498 (most recent call first):
frame #0: c10::Error::Error(c10::SourceLocation, std::__cxx11::basic_string<char, std::char_traits<char>, std::allocator<char> >) + 0x80 (0x7d22428d9eb0 in /home/ywc/mpk-env/lib/python3.12/site-packages/torch/lib/libc10.so)
frame #1: <unknown function> + 0x3ca3b (0x7d2242997a3b in /home/ywc/mpk-env/lib/python3.12/site-packages/torch/lib/libc10_cuda.so)
frame #2: <unknown function> + 0x3cc05 (0x7d2242997c05 in /home/ywc/mpk-env/lib/python3.12/site-packages/torch/lib/libc10_cuda.so)
frame #3: <unknown function> + 0x3d15f (0x7d224299815f in /home/ywc/mpk-env/lib/python3.12/site-packages/torch/lib/libc10_cuda.so)
frame #4: <unknown function> + 0x15d64ad (0x7d2221dd64ad in /home/ywc/mpk-env/lib/python3.12/site-packages/torch/lib/libtorch_cpu.so)
frame #5: <unknown function> + 0x15d2715 (0x7d2221dd2715 in /home/ywc/mpk-env/lib/python3.12/site-packages/torch/lib/libtorch_cpu.so)
frame #6: at::detail::empty_generic(c10::ArrayRef<long>, c10::Allocator*, c10::DispatchKeySet, c10::ScalarType, std::optional<c10::MemoryFormat>) + 0x13 (0x7d2221dd30f3 in /home/ywc/mpk-env/lib/python3.12/site-packages/torch/lib/libtorch_cpu.so)
frame #7: at::detail::empty_cuda(c10::ArrayRef<long>, c10::ScalarType, std::optional<c10::Device>, std::optional<c10::MemoryFormat>) + 0x86 (0x7d21e5871106 in /home/ywc/mpk-env/lib/python3.12/site-packages/torch/lib/libtorch_cuda.so)
frame #8: at::detail::empty_cuda(c10::ArrayRef<long>, std::optional<c10::ScalarType>, std::optional<c10::Layout>, std::optional<c10::Device>, std::optional<bool>, std::optional<c10::MemoryFormat>) + 0x6e (0x7d21e587129e in /home/ywc/mpk-env/lib/python3.12/site-packages/torch/lib/libtorch_cuda.so)
frame #9: at::native::empty_cuda(c10::ArrayRef<long>, std::optional<c10::ScalarType>, std::optional<c10::Layout>, std::optional<c10::Device>, std::optional<bool>, std::optional<c10::MemoryFormat>) + 0x43 (0x7d21e5afce63 in /home/ywc/mpk-env/lib/python3.12/site-packages/torch/lib/libtorch_cuda.so)
frame #10: <unknown function> + 0x32944e4 (0x7d21e7e944e4 in /home/ywc/mpk-env/lib/python3.12/site-packages/torch/lib/libtorch_cuda.so)
frame #11: <unknown function> + 0x329460c (0x7d21e7e9460c in /home/ywc/mpk-env/lib/python3.12/site-packages/torch/lib/libtorch_cuda.so)
frame #12: at::_ops::empty_memory_format::redispatch(c10::DispatchKeySet, c10::ArrayRef<c10::SymInt>, std::optional<c10::ScalarType>, std::optional<c10::Layout>, std::optional<c10::Device>, std::optional<bool>, std::optional<c10::MemoryFormat>) + 0xe6 (0x7d2222d19e06 in /home/ywc/mpk-env/lib/python3.12/site-packages/torch/lib/libtorch_cpu.so)
frame #13: <unknown function> + 0x28bdf39 (0x7d22230bdf39 in /home/ywc/mpk-env/lib/python3.12/site-packages/torch/lib/libtorch_cpu.so)
frame #14: at::_ops::empty_memory_format::call(c10::ArrayRef<c10::SymInt>, std::optional<c10::ScalarType>, std::optional<c10::Layout>, std::optional<c10::Device>, std::optional<bool>, std::optional<c10::MemoryFormat>) + 0x218 (0x7d2222d66168 in /home/ywc/mpk-env/lib/python3.12/site-packages/torch/lib/libtorch_cpu.so)
frame #15: <unknown function> + 0xcb37 (0x7d2242565b37 in /home/ywc/mpk-env/lib/python3.12/site-packages/torch_c_dlpack_ext/libtorch_c_dlpack_addon_torch28-cuda.so)
frame #16: TVMFFIEnvTensorAlloc + 0x66 (0x7d209a6b9f76 in /home/ywc/mpk-env/lib/python3.12/site-packages/tvm_ffi/lib/libtvm_ffi.so)
frame #17: __tvm_ffi_chunk_scan_fwd + 0x3bb0 (0x7d1de4172d89 in /home/ywc/.tilelang/cache/0.1.14_cuda/linux-x86_64/kernels/8d4acd0ee4137d6c23e89cb0ae79b608ea62583816f58c7e74d2163929d1b4e0/executable.so)
frame #18: __tvm_ffi_main + 0x32 (0x7d1de41753dc in /home/ywc/.tilelang/cache/0.1.14_cuda/linux-x86_64/kernels/8d4acd0ee4137d6c23e89cb0ae79b608ea62583816f58c7e74d2163929d1b4e0/executable.so)
frame #19: <unknown function> + 0x13f6ff (0x7d209a6af6ff in /home/ywc/mpk-env/lib/python3.12/site-packages/tvm_ffi/lib/libtvm_ffi.so)
frame #20: <unknown function> + 0x13f07c (0x7d209a6af07c in /home/ywc/mpk-env/lib/python3.12/site-packages/tvm_ffi/lib/libtvm_ffi.so)
frame #21: <unknown function> + 0x9bd62 (0x7d21c84d5d62 in /home/ywc/mpk-env/lib/python3.12/site-packages/tvm_ffi/core.abi3.so)
<omitting python frames>
frame #25: python() [0x5a3778]
frame #29: python() [0x5a3778]
frame #31: python() [0x64f814]
frame #34: python() [0x54cbb4]
frame #36: python() [0x64f814]
frame #39: python() [0x54cb52]
frame #40: python() [0x6f899c]
frame #41: python() [0x6b93bc]
frame #42: <unknown function> + 0x9cb84 (0x7d224369cb84 in /lib/x86_64-linux-gnu/libc.so.6)
frame #43: <unknown function> + 0x129ecc (0x7d2243729ecc in /lib/x86_64-linux-gnu/libc.so.6)


2026-09-24 15:30:11,855 WARNING:An error occurred while testing config {'block_M': 256, 'block_N': 32, 'block_K': 256, 'block_Dstate': 128, 'num_stages': 3}, checkout autotuner.log for more details
2026-09-24 15:30:11,855 DEBUG:Error: Traceback (most recent call last):
  File "/home/ywc/co-tilelang/tilelang/autotuner/tuner.py", line 597, in _run_benchmark_target
    latency, worker_ref_latency = _call_benchmark_target(_jit_kernel, _worker_state)
                                  ^^^^^^^^^^^^^^^^^^^^^^^^^^^^^^^^^^^^^^^^^^^^^^^^^^
  File "/home/ywc/co-tilelang/tilelang/autotuner/tuner.py", line 569, in _call_benchmark_target
    return invoke()
           ^^^^^^^^
  File "/home/ywc/co-tilelang/tilelang/autotuner/tuner.py", line 560, in invoke
    return benchmark_target(
           ^^^^^^^^^^^^^^^^^
  File "/home/ywc/co-tilelang/tilelang/autotuner/tuner.py", line 717, in _benchmark_target
    latency = profiler.do_bench(
              ^^^^^^^^^^^^^^^^^^
  File "/home/ywc/co-tilelang/tilelang/profiler/__init__.py", line 281, in do_bench
    return run_bench()
           ^^^^^^^^^^^
  File "/home/ywc/co-tilelang/tilelang/profiler/__init__.py", line 267, in run_bench
    return do_bench(
           ^^^^^^^^^
  File "/home/ywc/co-tilelang/tilelang/profiler/bench.py", line 128, in do_bench
    return _do_bench_impl(
           ^^^^^^^^^^^^^^^
  File "/home/ywc/co-tilelang/tilelang/profiler/bench.py", line 187, in _do_bench_impl
    fn()
  File "/home/ywc/co-tilelang/tilelang/jit/adapter/base.py", line 100, in __call__
    return self.func(*args, **kwds)
           ^^^^^^^^^^^^^^^^^^^^^^^^
  File "/home/ywc/co-tilelang/tilelang/jit/adapter/tvm_ffi.py", line 330, in func
    result = self._get_executable()(*inputs, allocator_anchor)
             ^^^^^^^^^^^^^^^^^^^^^^^^^^^^^^^^^^^^^^^^^^^^^^^^^
  File "/home/ywc/mpk-env/lib/python3.12/site-packages/tvm_ffi/module.py", line 299, in __call__
    return self.main(*args)
           ^^^^^^^^^^^^^^^^
  File "python/tvm_ffi/cython/function.pxi", line 968, in tvm_ffi.core.Function.__call__
  File "<unknown>", line 0, in __tvm_ffi_main
  File "<unknown>", line 0, in __tvm_ffi_chunk_scan_fwd
  File "<unknown>", line 0, in TVMFFIEnvTensorAlloc
  File "<unknown>", line 0, in TorchDLPackExchangeAPI::ManagedTensorAllocator(DLTensor*, DLManagedTensorVersioned**, void*, void (*)(void*, char const*, char const*))
MemoryError: CUDA out of memory. Tried to allocate 1024.00 MiB. GPU 0 has a total capacity of 94.97 GiB of which 609.88 MiB is free. Process 73312 has 1.13 GiB memory in use. Process 142742 has 36.90 GiB memory in use. Including non-PyTorch memory, this process has 56.26 GiB memory in use. Of the allocated memory 55.25 GiB is allocated by PyTorch, and 386.00 MiB is reserved by PyTorch but unallocated. If reserved but unallocated memory is large try setting PYTORCH_CUDA_ALLOC_CONF=expandable_segments:True to avoid fragmentation.  See documentation for Memory Management  (https://pytorch.org/docs/stable/notes/cuda.html#environment-variables)
Exception raised from malloc at /pytorch/c10/cuda/CUDACachingAllocator.cpp:1498 (most recent call first):
frame #0: c10::Error::Error(c10::SourceLocation, std::__cxx11::basic_string<char, std::char_traits<char>, std::allocator<char> >) + 0x80 (0x7d22428d9eb0 in /home/ywc/mpk-env/lib/python3.12/site-packages/torch/lib/libc10.so)
frame #1: <unknown function> + 0x3ca3b (0x7d2242997a3b in /home/ywc/mpk-env/lib/python3.12/site-packages/torch/lib/libc10_cuda.so)
frame #2: <unknown function> + 0x3cc05 (0x7d2242997c05 in /home/ywc/mpk-env/lib/python3.12/site-packages/torch/lib/libc10_cuda.so)
frame #3: <unknown function> + 0x3d15f (0x7d224299815f in /home/ywc/mpk-env/lib/python3.12/site-packages/torch/lib/libc10_cuda.so)
frame #4: <unknown function> + 0x15d64ad (0x7d2221dd64ad in /home/ywc/mpk-env/lib/python3.12/site-packages/torch/lib/libtorch_cpu.so)
frame #5: <unknown function> + 0x15d2715 (0x7d2221dd2715 in /home/ywc/mpk-env/lib/python3.12/site-packages/torch/lib/libtorch_cpu.so)
frame #6: at::detail::empty_generic(c10::ArrayRef<long>, c10::Allocator*, c10::DispatchKeySet, c10::ScalarType, std::optional<c10::MemoryFormat>) + 0x13 (0x7d2221dd30f3 in /home/ywc/mpk-env/lib/python3.12/site-packages/torch/lib/libtorch_cpu.so)
frame #7: at::detail::empty_cuda(c10::ArrayRef<long>, c10::ScalarType, std::optional<c10::Device>, std::optional<c10::MemoryFormat>) + 0x86 (0x7d21e5871106 in /home/ywc/mpk-env/lib/python3.12/site-packages/torch/lib/libtorch_cuda.so)
frame #8: at::detail::empty_cuda(c10::ArrayRef<long>, std::optional<c10::ScalarType>, std::optional<c10::Layout>, std::optional<c10::Device>, std::optional<bool>, std::optional<c10::MemoryFormat>) + 0x6e (0x7d21e587129e in /home/ywc/mpk-env/lib/python3.12/site-packages/torch/lib/libtorch_cuda.so)
frame #9: at::native::empty_cuda(c10::ArrayRef<long>, std::optional<c10::ScalarType>, std::optional<c10::Layout>, std::optional<c10::Device>, std::optional<bool>, std::optional<c10::MemoryFormat>) + 0x43 (0x7d21e5afce63 in /home/ywc/mpk-env/lib/python3.12/site-packages/torch/lib/libtorch_cuda.so)
frame #10: <unknown function> + 0x32944e4 (0x7d21e7e944e4 in /home/ywc/mpk-env/lib/python3.12/site-packages/torch/lib/libtorch_cuda.so)
frame #11: <unknown function> + 0x329460c (0x7d21e7e9460c in /home/ywc/mpk-env/lib/python3.12/site-packages/torch/lib/libtorch_cuda.so)
frame #12: at::_ops::empty_memory_format::redispatch(c10::DispatchKeySet, c10::ArrayRef<c10::SymInt>, std::optional<c10::ScalarType>, std::optional<c10::Layout>, std::optional<c10::Device>, std::optional<bool>, std::optional<c10::MemoryFormat>) + 0xe6 (0x7d2222d19e06 in /home/ywc/mpk-env/lib/python3.12/site-packages/torch/lib/libtorch_cpu.so)
frame #13: <unknown function> + 0x28bdf39 (0x7d22230bdf39 in /home/ywc/mpk-env/lib/python3.12/site-packages/torch/lib/libtorch_cpu.so)
frame #14: at::_ops::empty_memory_format::call(c10::ArrayRef<c10::SymInt>, std::optional<c10::ScalarType>, std::optional<c10::Layout>, std::optional<c10::Device>, std::optional<bool>, std::optional<c10::MemoryFormat>) + 0x218 (0x7d2222d66168 in /home/ywc/mpk-env/lib/python3.12/site-packages/torch/lib/libtorch_cpu.so)
frame #15: <unknown function> + 0xcb37 (0x7d2242565b37 in /home/ywc/mpk-env/lib/python3.12/site-packages/torch_c_dlpack_ext/libtorch_c_dlpack_addon_torch28-cuda.so)
frame #16: TVMFFIEnvTensorAlloc + 0x66 (0x7d209a6b9f76 in /home/ywc/mpk-env/lib/python3.12/site-packages/tvm_ffi/lib/libtvm_ffi.so)
frame #17: __tvm_ffi_chunk_scan_fwd + 0x3bb0 (0x7d1de400ad89 in /home/ywc/.tilelang/cache/0.1.14_cuda/linux-x86_64/kernels/04f0a3690da7c7c16199c7441d28ad801d068250dd07af4d0857647a92568f8d/executable.so)
frame #18: __tvm_ffi_main + 0x32 (0x7d1de400d3dc in /home/ywc/.tilelang/cache/0.1.14_cuda/linux-x86_64/kernels/04f0a3690da7c7c16199c7441d28ad801d068250dd07af4d0857647a92568f8d/executable.so)
frame #19: <unknown function> + 0x13f6ff (0x7d209a6af6ff in /home/ywc/mpk-env/lib/python3.12/site-packages/tvm_ffi/lib/libtvm_ffi.so)
frame #20: <unknown function> + 0x13f07c (0x7d209a6af07c in /home/ywc/mpk-env/lib/python3.12/site-packages/tvm_ffi/lib/libtvm_ffi.so)
frame #21: <unknown function> + 0x9bd62 (0x7d21c84d5d62 in /home/ywc/mpk-env/lib/python3.12/site-packages/tvm_ffi/core.abi3.so)
<omitting python frames>
frame #25: python() [0x5a3778]
frame #29: python() [0x5a3778]
frame #31: python() [0x64f814]
frame #34: python() [0x54cbb4]
frame #36: python() [0x64f814]
frame #39: python() [0x54cb52]
frame #40: python() [0x6f899c]
frame #41: python() [0x6b93bc]
frame #42: <unknown function> + 0x9cb84 (0x7d224369cb84 in /lib/x86_64-linux-gnu/libc.so.6)
frame #43: <unknown function> + 0x129ecc (0x7d2243729ecc in /lib/x86_64-linux-gnu/libc.so.6)


2026-09-24 15:30:11,862 WARNING:An error occurred while testing config {'block_M': 256, 'block_N': 32, 'block_K': 256, 'block_Dstate': 128, 'num_stages': 4}, checkout autotuner.log for more details
2026-09-24 15:30:11,862 DEBUG:Error: Traceback (most recent call last):
  File "/home/ywc/co-tilelang/tilelang/autotuner/tuner.py", line 597, in _run_benchmark_target
    latency, worker_ref_latency = _call_benchmark_target(_jit_kernel, _worker_state)
                                  ^^^^^^^^^^^^^^^^^^^^^^^^^^^^^^^^^^^^^^^^^^^^^^^^^^
  File "/home/ywc/co-tilelang/tilelang/autotuner/tuner.py", line 569, in _call_benchmark_target
    return invoke()
           ^^^^^^^^
  File "/home/ywc/co-tilelang/tilelang/autotuner/tuner.py", line 560, in invoke
    return benchmark_target(
           ^^^^^^^^^^^^^^^^^
  File "/home/ywc/co-tilelang/tilelang/autotuner/tuner.py", line 717, in _benchmark_target
    latency = profiler.do_bench(
              ^^^^^^^^^^^^^^^^^^
  File "/home/ywc/co-tilelang/tilelang/profiler/__init__.py", line 281, in do_bench
    return run_bench()
           ^^^^^^^^^^^
  File "/home/ywc/co-tilelang/tilelang/profiler/__init__.py", line 267, in run_bench
    return do_bench(
           ^^^^^^^^^
  File "/home/ywc/co-tilelang/tilelang/profiler/bench.py", line 128, in do_bench
    return _do_bench_impl(
           ^^^^^^^^^^^^^^^
  File "/home/ywc/co-tilelang/tilelang/profiler/bench.py", line 187, in _do_bench_impl
    fn()
  File "/home/ywc/co-tilelang/tilelang/jit/adapter/base.py", line 100, in __call__
    return self.func(*args, **kwds)
           ^^^^^^^^^^^^^^^^^^^^^^^^
  File "/home/ywc/co-tilelang/tilelang/jit/adapter/tvm_ffi.py", line 330, in func
    result = self._get_executable()(*inputs, allocator_anchor)
             ^^^^^^^^^^^^^^^^^^^^^^^^^^^^^^^^^^^^^^^^^^^^^^^^^
  File "/home/ywc/mpk-env/lib/python3.12/site-packages/tvm_ffi/module.py", line 299, in __call__
    return self.main(*args)
           ^^^^^^^^^^^^^^^^
  File "python/tvm_ffi/cython/function.pxi", line 968, in tvm_ffi.core.Function.__call__
  File "<unknown>", line 0, in __tvm_ffi_main
  File "<unknown>", line 0, in __tvm_ffi_chunk_scan_fwd
  File "<unknown>", line 0, in TVMFFIEnvTensorAlloc
  File "<unknown>", line 0, in TorchDLPackExchangeAPI::ManagedTensorAllocator(DLTensor*, DLManagedTensorVersioned**, void*, void (*)(void*, char const*, char const*))
MemoryError: CUDA out of memory. Tried to allocate 1024.00 MiB. GPU 0 has a total capacity of 94.97 GiB of which 609.88 MiB is free. Process 73312 has 1.13 GiB memory in use. Process 142742 has 36.90 GiB memory in use. Including non-PyTorch memory, this process has 56.26 GiB memory in use. Of the allocated memory 55.25 GiB is allocated by PyTorch, and 386.00 MiB is reserved by PyTorch but unallocated. If reserved but unallocated memory is large try setting PYTORCH_CUDA_ALLOC_CONF=expandable_segments:True to avoid fragmentation.  See documentation for Memory Management  (https://pytorch.org/docs/stable/notes/cuda.html#environment-variables)
Exception raised from malloc at /pytorch/c10/cuda/CUDACachingAllocator.cpp:1498 (most recent call first):
frame #0: c10::Error::Error(c10::SourceLocation, std::__cxx11::basic_string<char, std::char_traits<char>, std::allocator<char> >) + 0x80 (0x7d22428d9eb0 in /home/ywc/mpk-env/lib/python3.12/site-packages/torch/lib/libc10.so)
frame #1: <unknown function> + 0x3ca3b (0x7d2242997a3b in /home/ywc/mpk-env/lib/python3.12/site-packages/torch/lib/libc10_cuda.so)
frame #2: <unknown function> + 0x3cc05 (0x7d2242997c05 in /home/ywc/mpk-env/lib/python3.12/site-packages/torch/lib/libc10_cuda.so)
frame #3: <unknown function> + 0x3d15f (0x7d224299815f in /home/ywc/mpk-env/lib/python3.12/site-packages/torch/lib/libc10_cuda.so)
frame #4: <unknown function> + 0x15d64ad (0x7d2221dd64ad in /home/ywc/mpk-env/lib/python3.12/site-packages/torch/lib/libtorch_cpu.so)
frame #5: <unknown function> + 0x15d2715 (0x7d2221dd2715 in /home/ywc/mpk-env/lib/python3.12/site-packages/torch/lib/libtorch_cpu.so)
frame #6: at::detail::empty_generic(c10::ArrayRef<long>, c10::Allocator*, c10::DispatchKeySet, c10::ScalarType, std::optional<c10::MemoryFormat>) + 0x13 (0x7d2221dd30f3 in /home/ywc/mpk-env/lib/python3.12/site-packages/torch/lib/libtorch_cpu.so)
frame #7: at::detail::empty_cuda(c10::ArrayRef<long>, c10::ScalarType, std::optional<c10::Device>, std::optional<c10::MemoryFormat>) + 0x86 (0x7d21e5871106 in /home/ywc/mpk-env/lib/python3.12/site-packages/torch/lib/libtorch_cuda.so)
frame #8: at::detail::empty_cuda(c10::ArrayRef<long>, std::optional<c10::ScalarType>, std::optional<c10::Layout>, std::optional<c10::Device>, std::optional<bool>, std::optional<c10::MemoryFormat>) + 0x6e (0x7d21e587129e in /home/ywc/mpk-env/lib/python3.12/site-packages/torch/lib/libtorch_cuda.so)
frame #9: at::native::empty_cuda(c10::ArrayRef<long>, std::optional<c10::ScalarType>, std::optional<c10::Layout>, std::optional<c10::Device>, std::optional<bool>, std::optional<c10::MemoryFormat>) + 0x43 (0x7d21e5afce63 in /home/ywc/mpk-env/lib/python3.12/site-packages/torch/lib/libtorch_cuda.so)
frame #10: <unknown function> + 0x32944e4 (0x7d21e7e944e4 in /home/ywc/mpk-env/lib/python3.12/site-packages/torch/lib/libtorch_cuda.so)
frame #11: <unknown function> + 0x329460c (0x7d21e7e9460c in /home/ywc/mpk-env/lib/python3.12/site-packages/torch/lib/libtorch_cuda.so)
frame #12: at::_ops::empty_memory_format::redispatch(c10::DispatchKeySet, c10::ArrayRef<c10::SymInt>, std::optional<c10::ScalarType>, std::optional<c10::Layout>, std::optional<c10::Device>, std::optional<bool>, std::optional<c10::MemoryFormat>) + 0xe6 (0x7d2222d19e06 in /home/ywc/mpk-env/lib/python3.12/site-packages/torch/lib/libtorch_cpu.so)
frame #13: <unknown function> + 0x28bdf39 (0x7d22230bdf39 in /home/ywc/mpk-env/lib/python3.12/site-packages/torch/lib/libtorch_cpu.so)
frame #14: at::_ops::empty_memory_format::call(c10::ArrayRef<c10::SymInt>, std::optional<c10::ScalarType>, std::optional<c10::Layout>, std::optional<c10::Device>, std::optional<bool>, std::optional<c10::MemoryFormat>) + 0x218 (0x7d2222d66168 in /home/ywc/mpk-env/lib/python3.12/site-packages/torch/lib/libtorch_cpu.so)
frame #15: <unknown function> + 0xcb37 (0x7d2242565b37 in /home/ywc/mpk-env/lib/python3.12/site-packages/torch_c_dlpack_ext/libtorch_c_dlpack_addon_torch28-cuda.so)
frame #16: TVMFFIEnvTensorAlloc + 0x66 (0x7d209a6b9f76 in /home/ywc/mpk-env/lib/python3.12/site-packages/tvm_ffi/lib/libtvm_ffi.so)
frame #17: __tvm_ffi_chunk_scan_fwd + 0x3bb0 (0x7d1dc4694d89 in /home/ywc/.tilelang/cache/0.1.14_cuda/linux-x86_64/kernels/b9b9355aac026451057c2b62afa81cc54577b67b89c3c337dc3b345ebfa7991e/executable.so)
frame #18: __tvm_ffi_main + 0x32 (0x7d1dc46973dc in /home/ywc/.tilelang/cache/0.1.14_cuda/linux-x86_64/kernels/b9b9355aac026451057c2b62afa81cc54577b67b89c3c337dc3b345ebfa7991e/executable.so)
frame #19: <unknown function> + 0x13f6ff (0x7d209a6af6ff in /home/ywc/mpk-env/lib/python3.12/site-packages/tvm_ffi/lib/libtvm_ffi.so)
frame #20: <unknown function> + 0x13f07c (0x7d209a6af07c in /home/ywc/mpk-env/lib/python3.12/site-packages/tvm_ffi/lib/libtvm_ffi.so)
frame #21: <unknown function> + 0x9bd62 (0x7d21c84d5d62 in /home/ywc/mpk-env/lib/python3.12/site-packages/tvm_ffi/core.abi3.so)
<omitting python frames>
frame #25: python() [0x5a3778]
frame #29: python() [0x5a3778]
frame #31: python() [0x64f814]
frame #34: python() [0x54cbb4]
frame #36: python() [0x64f814]
frame #39: python() [0x54cb52]
frame #40: python() [0x6f899c]
frame #41: python() [0x6b93bc]
frame #42: <unknown function> + 0x9cb84 (0x7d224369cb84 in /lib/x86_64-linux-gnu/libc.so.6)
frame #43: <unknown function> + 0x129ecc (0x7d2243729ecc in /lib/x86_64-linux-gnu/libc.so.6)


2026-09-24 15:30:11,868 WARNING:An error occurred while testing config {'block_M': 256, 'block_N': 64, 'block_K': 64, 'block_Dstate': 128, 'num_stages': 1}, checkout autotuner.log for more details
2026-09-24 15:30:11,868 DEBUG:Error: Traceback (most recent call last):
  File "/home/ywc/co-tilelang/tilelang/autotuner/tuner.py", line 597, in _run_benchmark_target
    latency, worker_ref_latency = _call_benchmark_target(_jit_kernel, _worker_state)
                                  ^^^^^^^^^^^^^^^^^^^^^^^^^^^^^^^^^^^^^^^^^^^^^^^^^^
  File "/home/ywc/co-tilelang/tilelang/autotuner/tuner.py", line 569, in _call_benchmark_target
    return invoke()
           ^^^^^^^^
  File "/home/ywc/co-tilelang/tilelang/autotuner/tuner.py", line 560, in invoke
    return benchmark_target(
           ^^^^^^^^^^^^^^^^^
  File "/home/ywc/co-tilelang/tilelang/autotuner/tuner.py", line 717, in _benchmark_target
    latency = profiler.do_bench(
              ^^^^^^^^^^^^^^^^^^
  File "/home/ywc/co-tilelang/tilelang/profiler/__init__.py", line 281, in do_bench
    return run_bench()
           ^^^^^^^^^^^
  File "/home/ywc/co-tilelang/tilelang/profiler/__init__.py", line 267, in run_bench
    return do_bench(
           ^^^^^^^^^
  File "/home/ywc/co-tilelang/tilelang/profiler/bench.py", line 128, in do_bench
    return _do_bench_impl(
           ^^^^^^^^^^^^^^^
  File "/home/ywc/co-tilelang/tilelang/profiler/bench.py", line 187, in _do_bench_impl
    fn()
  File "/home/ywc/co-tilelang/tilelang/jit/adapter/base.py", line 100, in __call__
    return self.func(*args, **kwds)
           ^^^^^^^^^^^^^^^^^^^^^^^^
  File "/home/ywc/co-tilelang/tilelang/jit/adapter/tvm_ffi.py", line 330, in func
    result = self._get_executable()(*inputs, allocator_anchor)
             ^^^^^^^^^^^^^^^^^^^^^^^^^^^^^^^^^^^^^^^^^^^^^^^^^
  File "/home/ywc/mpk-env/lib/python3.12/site-packages/tvm_ffi/module.py", line 299, in __call__
    return self.main(*args)
           ^^^^^^^^^^^^^^^^
  File "python/tvm_ffi/cython/function.pxi", line 968, in tvm_ffi.core.Function.__call__
  File "<unknown>", line 0, in TVMFFIEnvTensorAlloc
  File "<unknown>", line 0, in TorchDLPackExchangeAPI::ManagedTensorAllocator(DLTensor*, DLManagedTensorVersioned**, void*, void (*)(void*, char const*, char const*))
MemoryError: CUDA out of memory. Tried to allocate 1024.00 MiB. GPU 0 has a total capacity of 94.97 GiB of which 609.88 MiB is free. Process 73312 has 1.13 GiB memory in use. Process 142742 has 36.90 GiB memory in use. Including non-PyTorch memory, this process has 56.26 GiB memory in use. Of the allocated memory 55.25 GiB is allocated by PyTorch, and 386.00 MiB is reserved by PyTorch but unallocated. If reserved but unallocated memory is large try setting PYTORCH_CUDA_ALLOC_CONF=expandable_segments:True to avoid fragmentation.  See documentation for Memory Management  (https://pytorch.org/docs/stable/notes/cuda.html#environment-variables)
Exception raised from malloc at /pytorch/c10/cuda/CUDACachingAllocator.cpp:1498 (most recent call first):
frame #0: c10::Error::Error(c10::SourceLocation, std::__cxx11::basic_string<char, std::char_traits<char>, std::allocator<char> >) + 0x80 (0x7d22428d9eb0 in /home/ywc/mpk-env/lib/python3.12/site-packages/torch/lib/libc10.so)
frame #1: <unknown function> + 0x3ca3b (0x7d2242997a3b in /home/ywc/mpk-env/lib/python3.12/site-packages/torch/lib/libc10_cuda.so)
frame #2: <unknown function> + 0x3cc05 (0x7d2242997c05 in /home/ywc/mpk-env/lib/python3.12/site-packages/torch/lib/libc10_cuda.so)
frame #3: <unknown function> + 0x3d15f (0x7d224299815f in /home/ywc/mpk-env/lib/python3.12/site-packages/torch/lib/libc10_cuda.so)
frame #4: <unknown function> + 0x15d64ad (0x7d2221dd64ad in /home/ywc/mpk-env/lib/python3.12/site-packages/torch/lib/libtorch_cpu.so)
frame #5: <unknown function> + 0x15d2715 (0x7d2221dd2715 in /home/ywc/mpk-env/lib/python3.12/site-packages/torch/lib/libtorch_cpu.so)
frame #6: at::detail::empty_generic(c10::ArrayRef<long>, c10::Allocator*, c10::DispatchKeySet, c10::ScalarType, std::optional<c10::MemoryFormat>) + 0x13 (0x7d2221dd30f3 in /home/ywc/mpk-env/lib/python3.12/site-packages/torch/lib/libtorch_cpu.so)
frame #7: at::detail::empty_cuda(c10::ArrayRef<long>, c10::ScalarType, std::optional<c10::Device>, std::optional<c10::MemoryFormat>) + 0x86 (0x7d21e5871106 in /home/ywc/mpk-env/lib/python3.12/site-packages/torch/lib/libtorch_cuda.so)
frame #8: at::detail::empty_cuda(c10::ArrayRef<long>, std::optional<c10::ScalarType>, std::optional<c10::Layout>, std::optional<c10::Device>, std::optional<bool>, std::optional<c10::MemoryFormat>) + 0x6e (0x7d21e587129e in /home/ywc/mpk-env/lib/python3.12/site-packages/torch/lib/libtorch_cuda.so)
frame #9: at::native::empty_cuda(c10::ArrayRef<long>, std::optional<c10::ScalarType>, std::optional<c10::Layout>, std::optional<c10::Device>, std::optional<bool>, std::optional<c10::MemoryFormat>) + 0x43 (0x7d21e5afce63 in /home/ywc/mpk-env/lib/python3.12/site-packages/torch/lib/libtorch_cuda.so)
frame #10: <unknown function> + 0x32944e4 (0x7d21e7e944e4 in /home/ywc/mpk-env/lib/python3.12/site-packages/torch/lib/libtorch_cuda.so)
frame #11: <unknown function> + 0x329460c (0x7d21e7e9460c in /home/ywc/mpk-env/lib/python3.12/site-packages/torch/lib/libtorch_cuda.so)
frame #12: at::_ops::empty_memory_format::redispatch(c10::DispatchKeySet, c10::ArrayRef<c10::SymInt>, std::optional<c10::ScalarType>, std::optional<c10::Layout>, std::optional<c10::Device>, std::optional<bool>, std::optional<c10::MemoryFormat>) + 0xe6 (0x7d2222d19e06 in /home/ywc/mpk-env/lib/python3.12/site-packages/torch/lib/libtorch_cpu.so)
frame #13: <unknown function> + 0x28bdf39 (0x7d22230bdf39 in /home/ywc/mpk-env/lib/python3.12/site-packages/torch/lib/libtorch_cpu.so)
frame #14: at::_ops::empty_memory_format::call(c10::ArrayRef<c10::SymInt>, std::optional<c10::ScalarType>, std::optional<c10::Layout>, std::optional<c10::Device>, std::optional<bool>, std::optional<c10::MemoryFormat>) + 0x218 (0x7d2222d66168 in /home/ywc/mpk-env/lib/python3.12/site-packages/torch/lib/libtorch_cpu.so)
frame #15: <unknown function> + 0xcb37 (0x7d2242565b37 in /home/ywc/mpk-env/lib/python3.12/site-packages/torch_c_dlpack_ext/libtorch_c_dlpack_addon_torch28-cuda.so)
frame #16: TVMFFIEnvTensorAlloc + 0x66 (0x7d209a6b9f76 in /home/ywc/mpk-env/lib/python3.12/site-packages/tvm_ffi/lib/libtvm_ffi.so)
frame #17: __tvm_ffi_chunk_scan_fwd + 0x3bb0 (0x7d1da4246d89 in /home/ywc/.tilelang/cache/0.1.14_cuda/linux-x86_64/kernels/52d9e6eaac98fea8979e85495de6e425ff277fe36a6229243f7908c067530b98/executable.so)
frame #18: __tvm_ffi_main + 0x32 (0x7d1da42493dc in /home/ywc/.tilelang/cache/0.1.14_cuda/linux-x86_64/kernels/52d9e6eaac98fea8979e85495de6e425ff277fe36a6229243f7908c067530b98/executable.so)
frame #19: <unknown function> + 0x13f6ff (0x7d209a6af6ff in /home/ywc/mpk-env/lib/python3.12/site-packages/tvm_ffi/lib/libtvm_ffi.so)
frame #20: <unknown function> + 0x13f07c (0x7d209a6af07c in /home/ywc/mpk-env/lib/python3.12/site-packages/tvm_ffi/lib/libtvm_ffi.so)
frame #21: <unknown function> + 0x9bd62 (0x7d21c84d5d62 in /home/ywc/mpk-env/lib/python3.12/site-packages/tvm_ffi/core.abi3.so)
<omitting python frames>
frame #25: python() [0x5a3778]
frame #29: python() [0x5a3778]
frame #31: python() [0x64f814]
frame #34: python() [0x54cbb4]
frame #36: python() [0x64f814]
frame #39: python() [0x54cb52]
frame #40: python() [0x6f899c]
frame #41: python() [0x6b93bc]
frame #42: <unknown function> + 0x9cb84 (0x7d224369cb84 in /lib/x86_64-linux-gnu/libc.so.6)
frame #43: <unknown function> + 0x129ecc (0x7d2243729ecc in /lib/x86_64-linux-gnu/libc.so.6)


2026-09-24 15:30:11,874 WARNING:An error occurred while testing config {'block_M': 256, 'block_N': 64, 'block_K': 64, 'block_Dstate': 128, 'num_stages': 2}, checkout autotuner.log for more details
2026-09-24 15:30:11,875 DEBUG:Error: Traceback (most recent call last):
  File "/home/ywc/co-tilelang/tilelang/autotuner/tuner.py", line 597, in _run_benchmark_target
    latency, worker_ref_latency = _call_benchmark_target(_jit_kernel, _worker_state)
                                  ^^^^^^^^^^^^^^^^^^^^^^^^^^^^^^^^^^^^^^^^^^^^^^^^^^
  File "/home/ywc/co-tilelang/tilelang/autotuner/tuner.py", line 569, in _call_benchmark_target
    return invoke()
           ^^^^^^^^
  File "/home/ywc/co-tilelang/tilelang/autotuner/tuner.py", line 560, in invoke
    return benchmark_target(
           ^^^^^^^^^^^^^^^^^
  File "/home/ywc/co-tilelang/tilelang/autotuner/tuner.py", line 717, in _benchmark_target
    latency = profiler.do_bench(
              ^^^^^^^^^^^^^^^^^^
  File "/home/ywc/co-tilelang/tilelang/profiler/__init__.py", line 281, in do_bench
    return run_bench()
           ^^^^^^^^^^^
  File "/home/ywc/co-tilelang/tilelang/profiler/__init__.py", line 267, in run_bench
    return do_bench(
           ^^^^^^^^^
  File "/home/ywc/co-tilelang/tilelang/profiler/bench.py", line 128, in do_bench
    return _do_bench_impl(
           ^^^^^^^^^^^^^^^
  File "/home/ywc/co-tilelang/tilelang/profiler/bench.py", line 187, in _do_bench_impl
    fn()
  File "/home/ywc/co-tilelang/tilelang/jit/adapter/base.py", line 100, in __call__
    return self.func(*args, **kwds)
           ^^^^^^^^^^^^^^^^^^^^^^^^
  File "/home/ywc/co-tilelang/tilelang/jit/adapter/tvm_ffi.py", line 330, in func
    result = self._get_executable()(*inputs, allocator_anchor)
             ^^^^^^^^^^^^^^^^^^^^^^^^^^^^^^^^^^^^^^^^^^^^^^^^^
  File "/home/ywc/mpk-env/lib/python3.12/site-packages/tvm_ffi/module.py", line 299, in __call__
    return self.main(*args)
           ^^^^^^^^^^^^^^^^
  File "python/tvm_ffi/cython/function.pxi", line 968, in tvm_ffi.core.Function.__call__
  File "<unknown>", line 0, in TVMFFIEnvTensorAlloc
  File "<unknown>", line 0, in TorchDLPackExchangeAPI::ManagedTensorAllocator(DLTensor*, DLManagedTensorVersioned**, void*, void (*)(void*, char const*, char const*))
MemoryError: CUDA out of memory. Tried to allocate 1024.00 MiB. GPU 0 has a total capacity of 94.97 GiB of which 609.88 MiB is free. Process 73312 has 1.13 GiB memory in use. Process 142742 has 36.90 GiB memory in use. Including non-PyTorch memory, this process has 56.26 GiB memory in use. Of the allocated memory 55.25 GiB is allocated by PyTorch, and 386.00 MiB is reserved by PyTorch but unallocated. If reserved but unallocated memory is large try setting PYTORCH_CUDA_ALLOC_CONF=expandable_segments:True to avoid fragmentation.  See documentation for Memory Management  (https://pytorch.org/docs/stable/notes/cuda.html#environment-variables)
Exception raised from malloc at /pytorch/c10/cuda/CUDACachingAllocator.cpp:1498 (most recent call first):
frame #0: c10::Error::Error(c10::SourceLocation, std::__cxx11::basic_string<char, std::char_traits<char>, std::allocator<char> >) + 0x80 (0x7d22428d9eb0 in /home/ywc/mpk-env/lib/python3.12/site-packages/torch/lib/libc10.so)
frame #1: <unknown function> + 0x3ca3b (0x7d2242997a3b in /home/ywc/mpk-env/lib/python3.12/site-packages/torch/lib/libc10_cuda.so)
frame #2: <unknown function> + 0x3cc05 (0x7d2242997c05 in /home/ywc/mpk-env/lib/python3.12/site-packages/torch/lib/libc10_cuda.so)
frame #3: <unknown function> + 0x3d15f (0x7d224299815f in /home/ywc/mpk-env/lib/python3.12/site-packages/torch/lib/libc10_cuda.so)
frame #4: <unknown function> + 0x15d64ad (0x7d2221dd64ad in /home/ywc/mpk-env/lib/python3.12/site-packages/torch/lib/libtorch_cpu.so)
frame #5: <unknown function> + 0x15d2715 (0x7d2221dd2715 in /home/ywc/mpk-env/lib/python3.12/site-packages/torch/lib/libtorch_cpu.so)
frame #6: at::detail::empty_generic(c10::ArrayRef<long>, c10::Allocator*, c10::DispatchKeySet, c10::ScalarType, std::optional<c10::MemoryFormat>) + 0x13 (0x7d2221dd30f3 in /home/ywc/mpk-env/lib/python3.12/site-packages/torch/lib/libtorch_cpu.so)
frame #7: at::detail::empty_cuda(c10::ArrayRef<long>, c10::ScalarType, std::optional<c10::Device>, std::optional<c10::MemoryFormat>) + 0x86 (0x7d21e5871106 in /home/ywc/mpk-env/lib/python3.12/site-packages/torch/lib/libtorch_cuda.so)
frame #8: at::detail::empty_cuda(c10::ArrayRef<long>, std::optional<c10::ScalarType>, std::optional<c10::Layout>, std::optional<c10::Device>, std::optional<bool>, std::optional<c10::MemoryFormat>) + 0x6e (0x7d21e587129e in /home/ywc/mpk-env/lib/python3.12/site-packages/torch/lib/libtorch_cuda.so)
frame #9: at::native::empty_cuda(c10::ArrayRef<long>, std::optional<c10::ScalarType>, std::optional<c10::Layout>, std::optional<c10::Device>, std::optional<bool>, std::optional<c10::MemoryFormat>) + 0x43 (0x7d21e5afce63 in /home/ywc/mpk-env/lib/python3.12/site-packages/torch/lib/libtorch_cuda.so)
frame #10: <unknown function> + 0x32944e4 (0x7d21e7e944e4 in /home/ywc/mpk-env/lib/python3.12/site-packages/torch/lib/libtorch_cuda.so)
frame #11: <unknown function> + 0x329460c (0x7d21e7e9460c in /home/ywc/mpk-env/lib/python3.12/site-packages/torch/lib/libtorch_cuda.so)
frame #12: at::_ops::empty_memory_format::redispatch(c10::DispatchKeySet, c10::ArrayRef<c10::SymInt>, std::optional<c10::ScalarType>, std::optional<c10::Layout>, std::optional<c10::Device>, std::optional<bool>, std::optional<c10::MemoryFormat>) + 0xe6 (0x7d2222d19e06 in /home/ywc/mpk-env/lib/python3.12/site-packages/torch/lib/libtorch_cpu.so)
frame #13: <unknown function> + 0x28bdf39 (0x7d22230bdf39 in /home/ywc/mpk-env/lib/python3.12/site-packages/torch/lib/libtorch_cpu.so)
frame #14: at::_ops::empty_memory_format::call(c10::ArrayRef<c10::SymInt>, std::optional<c10::ScalarType>, std::optional<c10::Layout>, std::optional<c10::Device>, std::optional<bool>, std::optional<c10::MemoryFormat>) + 0x218 (0x7d2222d66168 in /home/ywc/mpk-env/lib/python3.12/site-packages/torch/lib/libtorch_cpu.so)
frame #15: <unknown function> + 0xcb37 (0x7d2242565b37 in /home/ywc/mpk-env/lib/python3.12/site-packages/torch_c_dlpack_ext/libtorch_c_dlpack_addon_torch28-cuda.so)
frame #16: TVMFFIEnvTensorAlloc + 0x66 (0x7d209a6b9f76 in /home/ywc/mpk-env/lib/python3.12/site-packages/tvm_ffi/lib/libtvm_ffi.so)
frame #17: __tvm_ffi_chunk_scan_fwd + 0x3bb0 (0x7d1d843b2d89 in /home/ywc/.tilelang/cache/0.1.14_cuda/linux-x86_64/kernels/d7af7964bf239a32add1f3adddeb0baf6a5c1511bf1d3e4f10baf5b51d9bbbf0/executable.so)
frame #18: __tvm_ffi_main + 0x32 (0x7d1d843b53dc in /home/ywc/.tilelang/cache/0.1.14_cuda/linux-x86_64/kernels/d7af7964bf239a32add1f3adddeb0baf6a5c1511bf1d3e4f10baf5b51d9bbbf0/executable.so)
frame #19: <unknown function> + 0x13f6ff (0x7d209a6af6ff in /home/ywc/mpk-env/lib/python3.12/site-packages/tvm_ffi/lib/libtvm_ffi.so)
frame #20: <unknown function> + 0x13f07c (0x7d209a6af07c in /home/ywc/mpk-env/lib/python3.12/site-packages/tvm_ffi/lib/libtvm_ffi.so)
frame #21: <unknown function> + 0x9bd62 (0x7d21c84d5d62 in /home/ywc/mpk-env/lib/python3.12/site-packages/tvm_ffi/core.abi3.so)
<omitting python frames>
frame #25: python() [0x5a3778]
frame #29: python() [0x5a3778]
frame #31: python() [0x64f814]
frame #34: python() [0x54cbb4]
frame #36: python() [0x64f814]
frame #39: python() [0x54cb52]
frame #40: python() [0x6f899c]
frame #41: python() [0x6b93bc]
frame #42: <unknown function> + 0x9cb84 (0x7d224369cb84 in /lib/x86_64-linux-gnu/libc.so.6)
frame #43: <unknown function> + 0x129ecc (0x7d2243729ecc in /lib/x86_64-linux-gnu/libc.so.6)


2026-09-24 15:30:11,881 WARNING:An error occurred while testing config {'block_M': 256, 'block_N': 64, 'block_K': 64, 'block_Dstate': 128, 'num_stages': 3}, checkout autotuner.log for more details
2026-09-24 15:30:11,881 DEBUG:Error: Traceback (most recent call last):
  File "/home/ywc/co-tilelang/tilelang/autotuner/tuner.py", line 597, in _run_benchmark_target
    latency, worker_ref_latency = _call_benchmark_target(_jit_kernel, _worker_state)
                                  ^^^^^^^^^^^^^^^^^^^^^^^^^^^^^^^^^^^^^^^^^^^^^^^^^^
  File "/home/ywc/co-tilelang/tilelang/autotuner/tuner.py", line 569, in _call_benchmark_target
    return invoke()
           ^^^^^^^^
  File "/home/ywc/co-tilelang/tilelang/autotuner/tuner.py", line 560, in invoke
    return benchmark_target(
           ^^^^^^^^^^^^^^^^^
  File "/home/ywc/co-tilelang/tilelang/autotuner/tuner.py", line 717, in _benchmark_target
    latency = profiler.do_bench(
              ^^^^^^^^^^^^^^^^^^
  File "/home/ywc/co-tilelang/tilelang/profiler/__init__.py", line 281, in do_bench
    return run_bench()
           ^^^^^^^^^^^
  File "/home/ywc/co-tilelang/tilelang/profiler/__init__.py", line 267, in run_bench
    return do_bench(
           ^^^^^^^^^
  File "/home/ywc/co-tilelang/tilelang/profiler/bench.py", line 128, in do_bench
    return _do_bench_impl(
           ^^^^^^^^^^^^^^^
  File "/home/ywc/co-tilelang/tilelang/profiler/bench.py", line 187, in _do_bench_impl
    fn()
  File "/home/ywc/co-tilelang/tilelang/jit/adapter/base.py", line 100, in __call__
    return self.func(*args, **kwds)
           ^^^^^^^^^^^^^^^^^^^^^^^^
  File "/home/ywc/co-tilelang/tilelang/jit/adapter/tvm_ffi.py", line 330, in func
    result = self._get_executable()(*inputs, allocator_anchor)
             ^^^^^^^^^^^^^^^^^^^^^^^^^^^^^^^^^^^^^^^^^^^^^^^^^
  File "/home/ywc/mpk-env/lib/python3.12/site-packages/tvm_ffi/module.py", line 299, in __call__
    return self.main(*args)
           ^^^^^^^^^^^^^^^^
  File "python/tvm_ffi/cython/function.pxi", line 968, in tvm_ffi.core.Function.__call__
  File "<unknown>", line 0, in TVMFFIEnvTensorAlloc
  File "<unknown>", line 0, in TorchDLPackExchangeAPI::ManagedTensorAllocator(DLTensor*, DLManagedTensorVersioned**, void*, void (*)(void*, char const*, char const*))
MemoryError: CUDA out of memory. Tried to allocate 1024.00 MiB. GPU 0 has a total capacity of 94.97 GiB of which 609.88 MiB is free. Process 73312 has 1.13 GiB memory in use. Process 142742 has 36.90 GiB memory in use. Including non-PyTorch memory, this process has 56.26 GiB memory in use. Of the allocated memory 55.25 GiB is allocated by PyTorch, and 386.00 MiB is reserved by PyTorch but unallocated. If reserved but unallocated memory is large try setting PYTORCH_CUDA_ALLOC_CONF=expandable_segments:True to avoid fragmentation.  See documentation for Memory Management  (https://pytorch.org/docs/stable/notes/cuda.html#environment-variables)
Exception raised from malloc at /pytorch/c10/cuda/CUDACachingAllocator.cpp:1498 (most recent call first):
frame #0: c10::Error::Error(c10::SourceLocation, std::__cxx11::basic_string<char, std::char_traits<char>, std::allocator<char> >) + 0x80 (0x7d22428d9eb0 in /home/ywc/mpk-env/lib/python3.12/site-packages/torch/lib/libc10.so)
frame #1: <unknown function> + 0x3ca3b (0x7d2242997a3b in /home/ywc/mpk-env/lib/python3.12/site-packages/torch/lib/libc10_cuda.so)
frame #2: <unknown function> + 0x3cc05 (0x7d2242997c05 in /home/ywc/mpk-env/lib/python3.12/site-packages/torch/lib/libc10_cuda.so)
frame #3: <unknown function> + 0x3d15f (0x7d224299815f in /home/ywc/mpk-env/lib/python3.12/site-packages/torch/lib/libc10_cuda.so)
frame #4: <unknown function> + 0x15d64ad (0x7d2221dd64ad in /home/ywc/mpk-env/lib/python3.12/site-packages/torch/lib/libtorch_cpu.so)
frame #5: <unknown function> + 0x15d2715 (0x7d2221dd2715 in /home/ywc/mpk-env/lib/python3.12/site-packages/torch/lib/libtorch_cpu.so)
frame #6: at::detail::empty_generic(c10::ArrayRef<long>, c10::Allocator*, c10::DispatchKeySet, c10::ScalarType, std::optional<c10::MemoryFormat>) + 0x13 (0x7d2221dd30f3 in /home/ywc/mpk-env/lib/python3.12/site-packages/torch/lib/libtorch_cpu.so)
frame #7: at::detail::empty_cuda(c10::ArrayRef<long>, c10::ScalarType, std::optional<c10::Device>, std::optional<c10::MemoryFormat>) + 0x86 (0x7d21e5871106 in /home/ywc/mpk-env/lib/python3.12/site-packages/torch/lib/libtorch_cuda.so)
frame #8: at::detail::empty_cuda(c10::ArrayRef<long>, std::optional<c10::ScalarType>, std::optional<c10::Layout>, std::optional<c10::Device>, std::optional<bool>, std::optional<c10::MemoryFormat>) + 0x6e (0x7d21e587129e in /home/ywc/mpk-env/lib/python3.12/site-packages/torch/lib/libtorch_cuda.so)
frame #9: at::native::empty_cuda(c10::ArrayRef<long>, std::optional<c10::ScalarType>, std::optional<c10::Layout>, std::optional<c10::Device>, std::optional<bool>, std::optional<c10::MemoryFormat>) + 0x43 (0x7d21e5afce63 in /home/ywc/mpk-env/lib/python3.12/site-packages/torch/lib/libtorch_cuda.so)
frame #10: <unknown function> + 0x32944e4 (0x7d21e7e944e4 in /home/ywc/mpk-env/lib/python3.12/site-packages/torch/lib/libtorch_cuda.so)
frame #11: <unknown function> + 0x329460c (0x7d21e7e9460c in /home/ywc/mpk-env/lib/python3.12/site-packages/torch/lib/libtorch_cuda.so)
frame #12: at::_ops::empty_memory_format::redispatch(c10::DispatchKeySet, c10::ArrayRef<c10::SymInt>, std::optional<c10::ScalarType>, std::optional<c10::Layout>, std::optional<c10::Device>, std::optional<bool>, std::optional<c10::MemoryFormat>) + 0xe6 (0x7d2222d19e06 in /home/ywc/mpk-env/lib/python3.12/site-packages/torch/lib/libtorch_cpu.so)
frame #13: <unknown function> + 0x28bdf39 (0x7d22230bdf39 in /home/ywc/mpk-env/lib/python3.12/site-packages/torch/lib/libtorch_cpu.so)
frame #14: at::_ops::empty_memory_format::call(c10::ArrayRef<c10::SymInt>, std::optional<c10::ScalarType>, std::optional<c10::Layout>, std::optional<c10::Device>, std::optional<bool>, std::optional<c10::MemoryFormat>) + 0x218 (0x7d2222d66168 in /home/ywc/mpk-env/lib/python3.12/site-packages/torch/lib/libtorch_cpu.so)
frame #15: <unknown function> + 0xcb37 (0x7d2242565b37 in /home/ywc/mpk-env/lib/python3.12/site-packages/torch_c_dlpack_ext/libtorch_c_dlpack_addon_torch28-cuda.so)
frame #16: TVMFFIEnvTensorAlloc + 0x66 (0x7d209a6b9f76 in /home/ywc/mpk-env/lib/python3.12/site-packages/tvm_ffi/lib/libtvm_ffi.so)
frame #17: __tvm_ffi_chunk_scan_fwd + 0x3bb0 (0x7d1d842e9d89 in /home/ywc/.tilelang/cache/0.1.14_cuda/linux-x86_64/kernels/af7f6169cf3096bf68bc45520e6f8c3c91daea549fb338e08218c22e8de7b06e/executable.so)
frame #18: __tvm_ffi_main + 0x32 (0x7d1d842ec3dc in /home/ywc/.tilelang/cache/0.1.14_cuda/linux-x86_64/kernels/af7f6169cf3096bf68bc45520e6f8c3c91daea549fb338e08218c22e8de7b06e/executable.so)
frame #19: <unknown function> + 0x13f6ff (0x7d209a6af6ff in /home/ywc/mpk-env/lib/python3.12/site-packages/tvm_ffi/lib/libtvm_ffi.so)
frame #20: <unknown function> + 0x13f07c (0x7d209a6af07c in /home/ywc/mpk-env/lib/python3.12/site-packages/tvm_ffi/lib/libtvm_ffi.so)
frame #21: <unknown function> + 0x9bd62 (0x7d21c84d5d62 in /home/ywc/mpk-env/lib/python3.12/site-packages/tvm_ffi/core.abi3.so)
<omitting python frames>
frame #25: python() [0x5a3778]
frame #29: python() [0x5a3778]
frame #31: python() [0x64f814]
frame #34: python() [0x54cbb4]
frame #36: python() [0x64f814]
frame #39: python() [0x54cb52]
frame #40: python() [0x6f899c]
frame #41: python() [0x6b93bc]
frame #42: <unknown function> + 0x9cb84 (0x7d224369cb84 in /lib/x86_64-linux-gnu/libc.so.6)
frame #43: <unknown function> + 0x129ecc (0x7d2243729ecc in /lib/x86_64-linux-gnu/libc.so.6)


2026-09-24 15:30:11,887 WARNING:An error occurred while testing config {'block_M': 256, 'block_N': 64, 'block_K': 64, 'block_Dstate': 128, 'num_stages': 4}, checkout autotuner.log for more details
2026-09-24 15:30:11,888 DEBUG:Error: Traceback (most recent call last):
  File "/home/ywc/co-tilelang/tilelang/autotuner/tuner.py", line 597, in _run_benchmark_target
    latency, worker_ref_latency = _call_benchmark_target(_jit_kernel, _worker_state)
                                  ^^^^^^^^^^^^^^^^^^^^^^^^^^^^^^^^^^^^^^^^^^^^^^^^^^
  File "/home/ywc/co-tilelang/tilelang/autotuner/tuner.py", line 569, in _call_benchmark_target
    return invoke()
           ^^^^^^^^
  File "/home/ywc/co-tilelang/tilelang/autotuner/tuner.py", line 560, in invoke
    return benchmark_target(
           ^^^^^^^^^^^^^^^^^
  File "/home/ywc/co-tilelang/tilelang/autotuner/tuner.py", line 717, in _benchmark_target
    latency = profiler.do_bench(
              ^^^^^^^^^^^^^^^^^^
  File "/home/ywc/co-tilelang/tilelang/profiler/__init__.py", line 281, in do_bench
    return run_bench()
           ^^^^^^^^^^^
  File "/home/ywc/co-tilelang/tilelang/profiler/__init__.py", line 267, in run_bench
    return do_bench(
           ^^^^^^^^^
  File "/home/ywc/co-tilelang/tilelang/profiler/bench.py", line 128, in do_bench
    return _do_bench_impl(
           ^^^^^^^^^^^^^^^
  File "/home/ywc/co-tilelang/tilelang/profiler/bench.py", line 187, in _do_bench_impl
    fn()
  File "/home/ywc/co-tilelang/tilelang/jit/adapter/base.py", line 100, in __call__
    return self.func(*args, **kwds)
           ^^^^^^^^^^^^^^^^^^^^^^^^
  File "/home/ywc/co-tilelang/tilelang/jit/adapter/tvm_ffi.py", line 330, in func
    result = self._get_executable()(*inputs, allocator_anchor)
             ^^^^^^^^^^^^^^^^^^^^^^^^^^^^^^^^^^^^^^^^^^^^^^^^^
  File "/home/ywc/mpk-env/lib/python3.12/site-packages/tvm_ffi/module.py", line 299, in __call__
    return self.main(*args)
           ^^^^^^^^^^^^^^^^
  File "python/tvm_ffi/cython/function.pxi", line 968, in tvm_ffi.core.Function.__call__
  File "<unknown>", line 0, in TVMFFIEnvTensorAlloc
  File "<unknown>", line 0, in TorchDLPackExchangeAPI::ManagedTensorAllocator(DLTensor*, DLManagedTensorVersioned**, void*, void (*)(void*, char const*, char const*))
MemoryError: CUDA out of memory. Tried to allocate 1024.00 MiB. GPU 0 has a total capacity of 94.97 GiB of which 609.88 MiB is free. Process 73312 has 1.13 GiB memory in use. Process 142742 has 36.90 GiB memory in use. Including non-PyTorch memory, this process has 56.26 GiB memory in use. Of the allocated memory 55.25 GiB is allocated by PyTorch, and 386.00 MiB is reserved by PyTorch but unallocated. If reserved but unallocated memory is large try setting PYTORCH_CUDA_ALLOC_CONF=expandable_segments:True to avoid fragmentation.  See documentation for Memory Management  (https://pytorch.org/docs/stable/notes/cuda.html#environment-variables)
Exception raised from malloc at /pytorch/c10/cuda/CUDACachingAllocator.cpp:1498 (most recent call first):
frame #0: c10::Error::Error(c10::SourceLocation, std::__cxx11::basic_string<char, std::char_traits<char>, std::allocator<char> >) + 0x80 (0x7d22428d9eb0 in /home/ywc/mpk-env/lib/python3.12/site-packages/torch/lib/libc10.so)
frame #1: <unknown function> + 0x3ca3b (0x7d2242997a3b in /home/ywc/mpk-env/lib/python3.12/site-packages/torch/lib/libc10_cuda.so)
frame #2: <unknown function> + 0x3cc05 (0x7d2242997c05 in /home/ywc/mpk-env/lib/python3.12/site-packages/torch/lib/libc10_cuda.so)
frame #3: <unknown function> + 0x3d15f (0x7d224299815f in /home/ywc/mpk-env/lib/python3.12/site-packages/torch/lib/libc10_cuda.so)
frame #4: <unknown function> + 0x15d64ad (0x7d2221dd64ad in /home/ywc/mpk-env/lib/python3.12/site-packages/torch/lib/libtorch_cpu.so)
frame #5: <unknown function> + 0x15d2715 (0x7d2221dd2715 in /home/ywc/mpk-env/lib/python3.12/site-packages/torch/lib/libtorch_cpu.so)
frame #6: at::detail::empty_generic(c10::ArrayRef<long>, c10::Allocator*, c10::DispatchKeySet, c10::ScalarType, std::optional<c10::MemoryFormat>) + 0x13 (0x7d2221dd30f3 in /home/ywc/mpk-env/lib/python3.12/site-packages/torch/lib/libtorch_cpu.so)
frame #7: at::detail::empty_cuda(c10::ArrayRef<long>, c10::ScalarType, std::optional<c10::Device>, std::optional<c10::MemoryFormat>) + 0x86 (0x7d21e5871106 in /home/ywc/mpk-env/lib/python3.12/site-packages/torch/lib/libtorch_cuda.so)
frame #8: at::detail::empty_cuda(c10::ArrayRef<long>, std::optional<c10::ScalarType>, std::optional<c10::Layout>, std::optional<c10::Device>, std::optional<bool>, std::optional<c10::MemoryFormat>) + 0x6e (0x7d21e587129e in /home/ywc/mpk-env/lib/python3.12/site-packages/torch/lib/libtorch_cuda.so)
frame #9: at::native::empty_cuda(c10::ArrayRef<long>, std::optional<c10::ScalarType>, std::optional<c10::Layout>, std::optional<c10::Device>, std::optional<bool>, std::optional<c10::MemoryFormat>) + 0x43 (0x7d21e5afce63 in /home/ywc/mpk-env/lib/python3.12/site-packages/torch/lib/libtorch_cuda.so)
frame #10: <unknown function> + 0x32944e4 (0x7d21e7e944e4 in /home/ywc/mpk-env/lib/python3.12/site-packages/torch/lib/libtorch_cuda.so)
frame #11: <unknown function> + 0x329460c (0x7d21e7e9460c in /home/ywc/mpk-env/lib/python3.12/site-packages/torch/lib/libtorch_cuda.so)
frame #12: at::_ops::empty_memory_format::redispatch(c10::DispatchKeySet, c10::ArrayRef<c10::SymInt>, std::optional<c10::ScalarType>, std::optional<c10::Layout>, std::optional<c10::Device>, std::optional<bool>, std::optional<c10::MemoryFormat>) + 0xe6 (0x7d2222d19e06 in /home/ywc/mpk-env/lib/python3.12/site-packages/torch/lib/libtorch_cpu.so)
frame #13: <unknown function> + 0x28bdf39 (0x7d22230bdf39 in /home/ywc/mpk-env/lib/python3.12/site-packages/torch/lib/libtorch_cpu.so)
frame #14: at::_ops::empty_memory_format::call(c10::ArrayRef<c10::SymInt>, std::optional<c10::ScalarType>, std::optional<c10::Layout>, std::optional<c10::Device>, std::optional<bool>, std::optional<c10::MemoryFormat>) + 0x218 (0x7d2222d66168 in /home/ywc/mpk-env/lib/python3.12/site-packages/torch/lib/libtorch_cpu.so)
frame #15: <unknown function> + 0xcb37 (0x7d2242565b37 in /home/ywc/mpk-env/lib/python3.12/site-packages/torch_c_dlpack_ext/libtorch_c_dlpack_addon_torch28-cuda.so)
frame #16: TVMFFIEnvTensorAlloc + 0x66 (0x7d209a6b9f76 in /home/ywc/mpk-env/lib/python3.12/site-packages/tvm_ffi/lib/libtvm_ffi.so)
frame #17: __tvm_ffi_chunk_scan_fwd + 0x3bb0 (0x7d1d84221d89 in /home/ywc/.tilelang/cache/0.1.14_cuda/linux-x86_64/kernels/a505ace490652b0dd772970fc3a6bc536745e4e289cd726bb31f7a4b5bd05202/executable.so)
frame #18: __tvm_ffi_main + 0x32 (0x7d1d842243dc in /home/ywc/.tilelang/cache/0.1.14_cuda/linux-x86_64/kernels/a505ace490652b0dd772970fc3a6bc536745e4e289cd726bb31f7a4b5bd05202/executable.so)
frame #19: <unknown function> + 0x13f6ff (0x7d209a6af6ff in /home/ywc/mpk-env/lib/python3.12/site-packages/tvm_ffi/lib/libtvm_ffi.so)
frame #20: <unknown function> + 0x13f07c (0x7d209a6af07c in /home/ywc/mpk-env/lib/python3.12/site-packages/tvm_ffi/lib/libtvm_ffi.so)
frame #21: <unknown function> + 0x9bd62 (0x7d21c84d5d62 in /home/ywc/mpk-env/lib/python3.12/site-packages/tvm_ffi/core.abi3.so)
<omitting python frames>
frame #25: python() [0x5a3778]
frame #29: python() [0x5a3778]
frame #31: python() [0x64f814]
frame #34: python() [0x54cbb4]
frame #36: python() [0x64f814]
frame #39: python() [0x54cb52]
frame #40: python() [0x6f899c]
frame #41: python() [0x6b93bc]
frame #42: <unknown function> + 0x9cb84 (0x7d224369cb84 in /lib/x86_64-linux-gnu/libc.so.6)
frame #43: <unknown function> + 0x129ecc (0x7d2243729ecc in /lib/x86_64-linux-gnu/libc.so.6)


2026-09-24 15:30:11,894 WARNING:An error occurred while testing config {'block_M': 256, 'block_N': 64, 'block_K': 64, 'block_Dstate': 128, 'num_stages': 5}, checkout autotuner.log for more details
2026-09-24 15:30:11,895 DEBUG:Error: Traceback (most recent call last):
  File "/home/ywc/co-tilelang/tilelang/autotuner/tuner.py", line 597, in _run_benchmark_target
    latency, worker_ref_latency = _call_benchmark_target(_jit_kernel, _worker_state)
                                  ^^^^^^^^^^^^^^^^^^^^^^^^^^^^^^^^^^^^^^^^^^^^^^^^^^
  File "/home/ywc/co-tilelang/tilelang/autotuner/tuner.py", line 569, in _call_benchmark_target
    return invoke()
           ^^^^^^^^
  File "/home/ywc/co-tilelang/tilelang/autotuner/tuner.py", line 560, in invoke
    return benchmark_target(
           ^^^^^^^^^^^^^^^^^
  File "/home/ywc/co-tilelang/tilelang/autotuner/tuner.py", line 717, in _benchmark_target
    latency = profiler.do_bench(
              ^^^^^^^^^^^^^^^^^^
  File "/home/ywc/co-tilelang/tilelang/profiler/__init__.py", line 281, in do_bench
    return run_bench()
           ^^^^^^^^^^^
  File "/home/ywc/co-tilelang/tilelang/profiler/__init__.py", line 267, in run_bench
    return do_bench(
           ^^^^^^^^^
  File "/home/ywc/co-tilelang/tilelang/profiler/bench.py", line 128, in do_bench
    return _do_bench_impl(
           ^^^^^^^^^^^^^^^
  File "/home/ywc/co-tilelang/tilelang/profiler/bench.py", line 187, in _do_bench_impl
    fn()
  File "/home/ywc/co-tilelang/tilelang/jit/adapter/base.py", line 100, in __call__
    return self.func(*args, **kwds)
           ^^^^^^^^^^^^^^^^^^^^^^^^
  File "/home/ywc/co-tilelang/tilelang/jit/adapter/tvm_ffi.py", line 330, in func
    result = self._get_executable()(*inputs, allocator_anchor)
             ^^^^^^^^^^^^^^^^^^^^^^^^^^^^^^^^^^^^^^^^^^^^^^^^^
  File "/home/ywc/mpk-env/lib/python3.12/site-packages/tvm_ffi/module.py", line 299, in __call__
    return self.main(*args)
           ^^^^^^^^^^^^^^^^
  File "python/tvm_ffi/cython/function.pxi", line 968, in tvm_ffi.core.Function.__call__
  File "<unknown>", line 0, in TVMFFIEnvTensorAlloc
  File "<unknown>", line 0, in TorchDLPackExchangeAPI::ManagedTensorAllocator(DLTensor*, DLManagedTensorVersioned**, void*, void (*)(void*, char const*, char const*))
MemoryError: CUDA out of memory. Tried to allocate 1024.00 MiB. GPU 0 has a total capacity of 94.97 GiB of which 609.88 MiB is free. Process 73312 has 1.13 GiB memory in use. Process 142742 has 36.90 GiB memory in use. Including non-PyTorch memory, this process has 56.26 GiB memory in use. Of the allocated memory 55.25 GiB is allocated by PyTorch, and 386.00 MiB is reserved by PyTorch but unallocated. If reserved but unallocated memory is large try setting PYTORCH_CUDA_ALLOC_CONF=expandable_segments:True to avoid fragmentation.  See documentation for Memory Management  (https://pytorch.org/docs/stable/notes/cuda.html#environment-variables)
Exception raised from malloc at /pytorch/c10/cuda/CUDACachingAllocator.cpp:1498 (most recent call first):
frame #0: c10::Error::Error(c10::SourceLocation, std::__cxx11::basic_string<char, std::char_traits<char>, std::allocator<char> >) + 0x80 (0x7d22428d9eb0 in /home/ywc/mpk-env/lib/python3.12/site-packages/torch/lib/libc10.so)
frame #1: <unknown function> + 0x3ca3b (0x7d2242997a3b in /home/ywc/mpk-env/lib/python3.12/site-packages/torch/lib/libc10_cuda.so)
frame #2: <unknown function> + 0x3cc05 (0x7d2242997c05 in /home/ywc/mpk-env/lib/python3.12/site-packages/torch/lib/libc10_cuda.so)
frame #3: <unknown function> + 0x3d15f (0x7d224299815f in /home/ywc/mpk-env/lib/python3.12/site-packages/torch/lib/libc10_cuda.so)
frame #4: <unknown function> + 0x15d64ad (0x7d2221dd64ad in /home/ywc/mpk-env/lib/python3.12/site-packages/torch/lib/libtorch_cpu.so)
frame #5: <unknown function> + 0x15d2715 (0x7d2221dd2715 in /home/ywc/mpk-env/lib/python3.12/site-packages/torch/lib/libtorch_cpu.so)
frame #6: at::detail::empty_generic(c10::ArrayRef<long>, c10::Allocator*, c10::DispatchKeySet, c10::ScalarType, std::optional<c10::MemoryFormat>) + 0x13 (0x7d2221dd30f3 in /home/ywc/mpk-env/lib/python3.12/site-packages/torch/lib/libtorch_cpu.so)
frame #7: at::detail::empty_cuda(c10::ArrayRef<long>, c10::ScalarType, std::optional<c10::Device>, std::optional<c10::MemoryFormat>) + 0x86 (0x7d21e5871106 in /home/ywc/mpk-env/lib/python3.12/site-packages/torch/lib/libtorch_cuda.so)
frame #8: at::detail::empty_cuda(c10::ArrayRef<long>, std::optional<c10::ScalarType>, std::optional<c10::Layout>, std::optional<c10::Device>, std::optional<bool>, std::optional<c10::MemoryFormat>) + 0x6e (0x7d21e587129e in /home/ywc/mpk-env/lib/python3.12/site-packages/torch/lib/libtorch_cuda.so)
frame #9: at::native::empty_cuda(c10::ArrayRef<long>, std::optional<c10::ScalarType>, std::optional<c10::Layout>, std::optional<c10::Device>, std::optional<bool>, std::optional<c10::MemoryFormat>) + 0x43 (0x7d21e5afce63 in /home/ywc/mpk-env/lib/python3.12/site-packages/torch/lib/libtorch_cuda.so)
frame #10: <unknown function> + 0x32944e4 (0x7d21e7e944e4 in /home/ywc/mpk-env/lib/python3.12/site-packages/torch/lib/libtorch_cuda.so)
frame #11: <unknown function> + 0x329460c (0x7d21e7e9460c in /home/ywc/mpk-env/lib/python3.12/site-packages/torch/lib/libtorch_cuda.so)
frame #12: at::_ops::empty_memory_format::redispatch(c10::DispatchKeySet, c10::ArrayRef<c10::SymInt>, std::optional<c10::ScalarType>, std::optional<c10::Layout>, std::optional<c10::Device>, std::optional<bool>, std::optional<c10::MemoryFormat>) + 0xe6 (0x7d2222d19e06 in /home/ywc/mpk-env/lib/python3.12/site-packages/torch/lib/libtorch_cpu.so)
frame #13: <unknown function> + 0x28bdf39 (0x7d22230bdf39 in /home/ywc/mpk-env/lib/python3.12/site-packages/torch/lib/libtorch_cpu.so)
frame #14: at::_ops::empty_memory_format::call(c10::ArrayRef<c10::SymInt>, std::optional<c10::ScalarType>, std::optional<c10::Layout>, std::optional<c10::Device>, std::optional<bool>, std::optional<c10::MemoryFormat>) + 0x218 (0x7d2222d66168 in /home/ywc/mpk-env/lib/python3.12/site-packages/torch/lib/libtorch_cpu.so)
frame #15: <unknown function> + 0xcb37 (0x7d2242565b37 in /home/ywc/mpk-env/lib/python3.12/site-packages/torch_c_dlpack_ext/libtorch_c_dlpack_addon_torch28-cuda.so)
frame #16: TVMFFIEnvTensorAlloc + 0x66 (0x7d209a6b9f76 in /home/ywc/mpk-env/lib/python3.12/site-packages/tvm_ffi/lib/libtvm_ffi.so)
frame #17: __tvm_ffi_chunk_scan_fwd + 0x3bb0 (0x7d1d84158d89 in /home/ywc/.tilelang/cache/0.1.14_cuda/linux-x86_64/kernels/a741facf9a19796b6d9751f915687d00e43c12c00ae1c9efcfa884b28f99a760/executable.so)
frame #18: __tvm_ffi_main + 0x32 (0x7d1d8415b3dc in /home/ywc/.tilelang/cache/0.1.14_cuda/linux-x86_64/kernels/a741facf9a19796b6d9751f915687d00e43c12c00ae1c9efcfa884b28f99a760/executable.so)
frame #19: <unknown function> + 0x13f6ff (0x7d209a6af6ff in /home/ywc/mpk-env/lib/python3.12/site-packages/tvm_ffi/lib/libtvm_ffi.so)
frame #20: <unknown function> + 0x13f07c (0x7d209a6af07c in /home/ywc/mpk-env/lib/python3.12/site-packages/tvm_ffi/lib/libtvm_ffi.so)
frame #21: <unknown function> + 0x9bd62 (0x7d21c84d5d62 in /home/ywc/mpk-env/lib/python3.12/site-packages/tvm_ffi/core.abi3.so)
<omitting python frames>
frame #25: python() [0x5a3778]
frame #29: python() [0x5a3778]
frame #31: python() [0x64f814]
frame #34: python() [0x54cbb4]
frame #36: python() [0x64f814]
frame #39: python() [0x54cb52]
frame #40: python() [0x6f899c]
frame #41: python() [0x6b93bc]
frame #42: <unknown function> + 0x9cb84 (0x7d224369cb84 in /lib/x86_64-linux-gnu/libc.so.6)
frame #43: <unknown function> + 0x129ecc (0x7d2243729ecc in /lib/x86_64-linux-gnu/libc.so.6)


2026-09-24 15:30:11,901 WARNING:An error occurred while testing config {'block_M': 256, 'block_N': 64, 'block_K': 128, 'block_Dstate': 128, 'num_stages': 1}, checkout autotuner.log for more details
2026-09-24 15:30:11,902 DEBUG:Error: Traceback (most recent call last):
  File "/home/ywc/co-tilelang/tilelang/autotuner/tuner.py", line 597, in _run_benchmark_target
    latency, worker_ref_latency = _call_benchmark_target(_jit_kernel, _worker_state)
                                  ^^^^^^^^^^^^^^^^^^^^^^^^^^^^^^^^^^^^^^^^^^^^^^^^^^
  File "/home/ywc/co-tilelang/tilelang/autotuner/tuner.py", line 569, in _call_benchmark_target
    return invoke()
           ^^^^^^^^
  File "/home/ywc/co-tilelang/tilelang/autotuner/tuner.py", line 560, in invoke
    return benchmark_target(
           ^^^^^^^^^^^^^^^^^
  File "/home/ywc/co-tilelang/tilelang/autotuner/tuner.py", line 717, in _benchmark_target
    latency = profiler.do_bench(
              ^^^^^^^^^^^^^^^^^^
  File "/home/ywc/co-tilelang/tilelang/profiler/__init__.py", line 281, in do_bench
    return run_bench()
           ^^^^^^^^^^^
  File "/home/ywc/co-tilelang/tilelang/profiler/__init__.py", line 267, in run_bench
    return do_bench(
           ^^^^^^^^^
  File "/home/ywc/co-tilelang/tilelang/profiler/bench.py", line 128, in do_bench
    return _do_bench_impl(
           ^^^^^^^^^^^^^^^
  File "/home/ywc/co-tilelang/tilelang/profiler/bench.py", line 187, in _do_bench_impl
    fn()
  File "/home/ywc/co-tilelang/tilelang/jit/adapter/base.py", line 100, in __call__
    return self.func(*args, **kwds)
           ^^^^^^^^^^^^^^^^^^^^^^^^
  File "/home/ywc/co-tilelang/tilelang/jit/adapter/tvm_ffi.py", line 330, in func
    result = self._get_executable()(*inputs, allocator_anchor)
             ^^^^^^^^^^^^^^^^^^^^^^^^^^^^^^^^^^^^^^^^^^^^^^^^^
  File "/home/ywc/mpk-env/lib/python3.12/site-packages/tvm_ffi/module.py", line 299, in __call__
    return self.main(*args)
           ^^^^^^^^^^^^^^^^
  File "python/tvm_ffi/cython/function.pxi", line 968, in tvm_ffi.core.Function.__call__
  File "<unknown>", line 0, in TVMFFIEnvTensorAlloc
  File "<unknown>", line 0, in TorchDLPackExchangeAPI::ManagedTensorAllocator(DLTensor*, DLManagedTensorVersioned**, void*, void (*)(void*, char const*, char const*))
MemoryError: CUDA out of memory. Tried to allocate 1024.00 MiB. GPU 0 has a total capacity of 94.97 GiB of which 609.88 MiB is free. Process 73312 has 1.13 GiB memory in use. Process 142742 has 36.90 GiB memory in use. Including non-PyTorch memory, this process has 56.26 GiB memory in use. Of the allocated memory 55.25 GiB is allocated by PyTorch, and 386.00 MiB is reserved by PyTorch but unallocated. If reserved but unallocated memory is large try setting PYTORCH_CUDA_ALLOC_CONF=expandable_segments:True to avoid fragmentation.  See documentation for Memory Management  (https://pytorch.org/docs/stable/notes/cuda.html#environment-variables)
Exception raised from malloc at /pytorch/c10/cuda/CUDACachingAllocator.cpp:1498 (most recent call first):
frame #0: c10::Error::Error(c10::SourceLocation, std::__cxx11::basic_string<char, std::char_traits<char>, std::allocator<char> >) + 0x80 (0x7d22428d9eb0 in /home/ywc/mpk-env/lib/python3.12/site-packages/torch/lib/libc10.so)
frame #1: <unknown function> + 0x3ca3b (0x7d2242997a3b in /home/ywc/mpk-env/lib/python3.12/site-packages/torch/lib/libc10_cuda.so)
frame #2: <unknown function> + 0x3cc05 (0x7d2242997c05 in /home/ywc/mpk-env/lib/python3.12/site-packages/torch/lib/libc10_cuda.so)
frame #3: <unknown function> + 0x3d15f (0x7d224299815f in /home/ywc/mpk-env/lib/python3.12/site-packages/torch/lib/libc10_cuda.so)
frame #4: <unknown function> + 0x15d64ad (0x7d2221dd64ad in /home/ywc/mpk-env/lib/python3.12/site-packages/torch/lib/libtorch_cpu.so)
frame #5: <unknown function> + 0x15d2715 (0x7d2221dd2715 in /home/ywc/mpk-env/lib/python3.12/site-packages/torch/lib/libtorch_cpu.so)
frame #6: at::detail::empty_generic(c10::ArrayRef<long>, c10::Allocator*, c10::DispatchKeySet, c10::ScalarType, std::optional<c10::MemoryFormat>) + 0x13 (0x7d2221dd30f3 in /home/ywc/mpk-env/lib/python3.12/site-packages/torch/lib/libtorch_cpu.so)
frame #7: at::detail::empty_cuda(c10::ArrayRef<long>, c10::ScalarType, std::optional<c10::Device>, std::optional<c10::MemoryFormat>) + 0x86 (0x7d21e5871106 in /home/ywc/mpk-env/lib/python3.12/site-packages/torch/lib/libtorch_cuda.so)
frame #8: at::detail::empty_cuda(c10::ArrayRef<long>, std::optional<c10::ScalarType>, std::optional<c10::Layout>, std::optional<c10::Device>, std::optional<bool>, std::optional<c10::MemoryFormat>) + 0x6e (0x7d21e587129e in /home/ywc/mpk-env/lib/python3.12/site-packages/torch/lib/libtorch_cuda.so)
frame #9: at::native::empty_cuda(c10::ArrayRef<long>, std::optional<c10::ScalarType>, std::optional<c10::Layout>, std::optional<c10::Device>, std::optional<bool>, std::optional<c10::MemoryFormat>) + 0x43 (0x7d21e5afce63 in /home/ywc/mpk-env/lib/python3.12/site-packages/torch/lib/libtorch_cuda.so)
frame #10: <unknown function> + 0x32944e4 (0x7d21e7e944e4 in /home/ywc/mpk-env/lib/python3.12/site-packages/torch/lib/libtorch_cuda.so)
frame #11: <unknown function> + 0x329460c (0x7d21e7e9460c in /home/ywc/mpk-env/lib/python3.12/site-packages/torch/lib/libtorch_cuda.so)
frame #12: at::_ops::empty_memory_format::redispatch(c10::DispatchKeySet, c10::ArrayRef<c10::SymInt>, std::optional<c10::ScalarType>, std::optional<c10::Layout>, std::optional<c10::Device>, std::optional<bool>, std::optional<c10::MemoryFormat>) + 0xe6 (0x7d2222d19e06 in /home/ywc/mpk-env/lib/python3.12/site-packages/torch/lib/libtorch_cpu.so)
frame #13: <unknown function> + 0x28bdf39 (0x7d22230bdf39 in /home/ywc/mpk-env/lib/python3.12/site-packages/torch/lib/libtorch_cpu.so)
frame #14: at::_ops::empty_memory_format::call(c10::ArrayRef<c10::SymInt>, std::optional<c10::ScalarType>, std::optional<c10::Layout>, std::optional<c10::Device>, std::optional<bool>, std::optional<c10::MemoryFormat>) + 0x218 (0x7d2222d66168 in /home/ywc/mpk-env/lib/python3.12/site-packages/torch/lib/libtorch_cpu.so)
frame #15: <unknown function> + 0xcb37 (0x7d2242565b37 in /home/ywc/mpk-env/lib/python3.12/site-packages/torch_c_dlpack_ext/libtorch_c_dlpack_addon_torch28-cuda.so)
frame #16: TVMFFIEnvTensorAlloc + 0x66 (0x7d209a6b9f76 in /home/ywc/mpk-env/lib/python3.12/site-packages/tvm_ffi/lib/libtvm_ffi.so)
frame #17: __tvm_ffi_chunk_scan_fwd + 0x3bb0 (0x7d1d646a8d89 in /home/ywc/.tilelang/cache/0.1.14_cuda/linux-x86_64/kernels/b24d155bc5d58a52108329049ef0f5cc229deb48d2f32b812970c21c29aaf499/executable.so)
frame #18: __tvm_ffi_main + 0x32 (0x7d1d646ab3dc in /home/ywc/.tilelang/cache/0.1.14_cuda/linux-x86_64/kernels/b24d155bc5d58a52108329049ef0f5cc229deb48d2f32b812970c21c29aaf499/executable.so)
frame #19: <unknown function> + 0x13f6ff (0x7d209a6af6ff in /home/ywc/mpk-env/lib/python3.12/site-packages/tvm_ffi/lib/libtvm_ffi.so)
frame #20: <unknown function> + 0x13f07c (0x7d209a6af07c in /home/ywc/mpk-env/lib/python3.12/site-packages/tvm_ffi/lib/libtvm_ffi.so)
frame #21: <unknown function> + 0x9bd62 (0x7d21c84d5d62 in /home/ywc/mpk-env/lib/python3.12/site-packages/tvm_ffi/core.abi3.so)
<omitting python frames>
frame #25: python() [0x5a3778]
frame #29: python() [0x5a3778]
frame #31: python() [0x64f814]
frame #34: python() [0x54cbb4]
frame #36: python() [0x64f814]
frame #39: python() [0x54cb52]
frame #40: python() [0x6f899c]
frame #41: python() [0x6b93bc]
frame #42: <unknown function> + 0x9cb84 (0x7d224369cb84 in /lib/x86_64-linux-gnu/libc.so.6)
frame #43: <unknown function> + 0x129ecc (0x7d2243729ecc in /lib/x86_64-linux-gnu/libc.so.6)


2026-09-24 15:30:11,908 WARNING:An error occurred while testing config {'block_M': 256, 'block_N': 64, 'block_K': 128, 'block_Dstate': 128, 'num_stages': 2}, checkout autotuner.log for more details
2026-09-24 15:30:11,908 DEBUG:Error: Traceback (most recent call last):
  File "/home/ywc/co-tilelang/tilelang/autotuner/tuner.py", line 597, in _run_benchmark_target
    latency, worker_ref_latency = _call_benchmark_target(_jit_kernel, _worker_state)
                                  ^^^^^^^^^^^^^^^^^^^^^^^^^^^^^^^^^^^^^^^^^^^^^^^^^^
  File "/home/ywc/co-tilelang/tilelang/autotuner/tuner.py", line 569, in _call_benchmark_target
    return invoke()
           ^^^^^^^^
  File "/home/ywc/co-tilelang/tilelang/autotuner/tuner.py", line 560, in invoke
    return benchmark_target(
           ^^^^^^^^^^^^^^^^^
  File "/home/ywc/co-tilelang/tilelang/autotuner/tuner.py", line 717, in _benchmark_target
    latency = profiler.do_bench(
              ^^^^^^^^^^^^^^^^^^
  File "/home/ywc/co-tilelang/tilelang/profiler/__init__.py", line 281, in do_bench
    return run_bench()
           ^^^^^^^^^^^
  File "/home/ywc/co-tilelang/tilelang/profiler/__init__.py", line 267, in run_bench
    return do_bench(
           ^^^^^^^^^
  File "/home/ywc/co-tilelang/tilelang/profiler/bench.py", line 128, in do_bench
    return _do_bench_impl(
           ^^^^^^^^^^^^^^^
  File "/home/ywc/co-tilelang/tilelang/profiler/bench.py", line 187, in _do_bench_impl
    fn()
  File "/home/ywc/co-tilelang/tilelang/jit/adapter/base.py", line 100, in __call__
    return self.func(*args, **kwds)
           ^^^^^^^^^^^^^^^^^^^^^^^^
  File "/home/ywc/co-tilelang/tilelang/jit/adapter/tvm_ffi.py", line 330, in func
    result = self._get_executable()(*inputs, allocator_anchor)
             ^^^^^^^^^^^^^^^^^^^^^^^^^^^^^^^^^^^^^^^^^^^^^^^^^
  File "/home/ywc/mpk-env/lib/python3.12/site-packages/tvm_ffi/module.py", line 299, in __call__
    return self.main(*args)
           ^^^^^^^^^^^^^^^^
  File "python/tvm_ffi/cython/function.pxi", line 968, in tvm_ffi.core.Function.__call__
  File "<unknown>", line 0, in TVMFFIEnvTensorAlloc
  File "<unknown>", line 0, in TorchDLPackExchangeAPI::ManagedTensorAllocator(DLTensor*, DLManagedTensorVersioned**, void*, void (*)(void*, char const*, char const*))
MemoryError: CUDA out of memory. Tried to allocate 1024.00 MiB. GPU 0 has a total capacity of 94.97 GiB of which 609.88 MiB is free. Process 73312 has 1.13 GiB memory in use. Process 142742 has 36.90 GiB memory in use. Including non-PyTorch memory, this process has 56.26 GiB memory in use. Of the allocated memory 55.25 GiB is allocated by PyTorch, and 386.00 MiB is reserved by PyTorch but unallocated. If reserved but unallocated memory is large try setting PYTORCH_CUDA_ALLOC_CONF=expandable_segments:True to avoid fragmentation.  See documentation for Memory Management  (https://pytorch.org/docs/stable/notes/cuda.html#environment-variables)
Exception raised from malloc at /pytorch/c10/cuda/CUDACachingAllocator.cpp:1498 (most recent call first):
frame #0: c10::Error::Error(c10::SourceLocation, std::__cxx11::basic_string<char, std::char_traits<char>, std::allocator<char> >) + 0x80 (0x7d22428d9eb0 in /home/ywc/mpk-env/lib/python3.12/site-packages/torch/lib/libc10.so)
frame #1: <unknown function> + 0x3ca3b (0x7d2242997a3b in /home/ywc/mpk-env/lib/python3.12/site-packages/torch/lib/libc10_cuda.so)
frame #2: <unknown function> + 0x3cc05 (0x7d2242997c05 in /home/ywc/mpk-env/lib/python3.12/site-packages/torch/lib/libc10_cuda.so)
frame #3: <unknown function> + 0x3d15f (0x7d224299815f in /home/ywc/mpk-env/lib/python3.12/site-packages/torch/lib/libc10_cuda.so)
frame #4: <unknown function> + 0x15d64ad (0x7d2221dd64ad in /home/ywc/mpk-env/lib/python3.12/site-packages/torch/lib/libtorch_cpu.so)
frame #5: <unknown function> + 0x15d2715 (0x7d2221dd2715 in /home/ywc/mpk-env/lib/python3.12/site-packages/torch/lib/libtorch_cpu.so)
frame #6: at::detail::empty_generic(c10::ArrayRef<long>, c10::Allocator*, c10::DispatchKeySet, c10::ScalarType, std::optional<c10::MemoryFormat>) + 0x13 (0x7d2221dd30f3 in /home/ywc/mpk-env/lib/python3.12/site-packages/torch/lib/libtorch_cpu.so)
frame #7: at::detail::empty_cuda(c10::ArrayRef<long>, c10::ScalarType, std::optional<c10::Device>, std::optional<c10::MemoryFormat>) + 0x86 (0x7d21e5871106 in /home/ywc/mpk-env/lib/python3.12/site-packages/torch/lib/libtorch_cuda.so)
frame #8: at::detail::empty_cuda(c10::ArrayRef<long>, std::optional<c10::ScalarType>, std::optional<c10::Layout>, std::optional<c10::Device>, std::optional<bool>, std::optional<c10::MemoryFormat>) + 0x6e (0x7d21e587129e in /home/ywc/mpk-env/lib/python3.12/site-packages/torch/lib/libtorch_cuda.so)
frame #9: at::native::empty_cuda(c10::ArrayRef<long>, std::optional<c10::ScalarType>, std::optional<c10::Layout>, std::optional<c10::Device>, std::optional<bool>, std::optional<c10::MemoryFormat>) + 0x43 (0x7d21e5afce63 in /home/ywc/mpk-env/lib/python3.12/site-packages/torch/lib/libtorch_cuda.so)
frame #10: <unknown function> + 0x32944e4 (0x7d21e7e944e4 in /home/ywc/mpk-env/lib/python3.12/site-packages/torch/lib/libtorch_cuda.so)
frame #11: <unknown function> + 0x329460c (0x7d21e7e9460c in /home/ywc/mpk-env/lib/python3.12/site-packages/torch/lib/libtorch_cuda.so)
frame #12: at::_ops::empty_memory_format::redispatch(c10::DispatchKeySet, c10::ArrayRef<c10::SymInt>, std::optional<c10::ScalarType>, std::optional<c10::Layout>, std::optional<c10::Device>, std::optional<bool>, std::optional<c10::MemoryFormat>) + 0xe6 (0x7d2222d19e06 in /home/ywc/mpk-env/lib/python3.12/site-packages/torch/lib/libtorch_cpu.so)
frame #13: <unknown function> + 0x28bdf39 (0x7d22230bdf39 in /home/ywc/mpk-env/lib/python3.12/site-packages/torch/lib/libtorch_cpu.so)
frame #14: at::_ops::empty_memory_format::call(c10::ArrayRef<c10::SymInt>, std::optional<c10::ScalarType>, std::optional<c10::Layout>, std::optional<c10::Device>, std::optional<bool>, std::optional<c10::MemoryFormat>) + 0x218 (0x7d2222d66168 in /home/ywc/mpk-env/lib/python3.12/site-packages/torch/lib/libtorch_cpu.so)
frame #15: <unknown function> + 0xcb37 (0x7d2242565b37 in /home/ywc/mpk-env/lib/python3.12/site-packages/torch_c_dlpack_ext/libtorch_c_dlpack_addon_torch28-cuda.so)
frame #16: TVMFFIEnvTensorAlloc + 0x66 (0x7d209a6b9f76 in /home/ywc/mpk-env/lib/python3.12/site-packages/tvm_ffi/lib/libtvm_ffi.so)
frame #17: __tvm_ffi_chunk_scan_fwd + 0x3bb0 (0x7d1d6454ed89 in /home/ywc/.tilelang/cache/0.1.14_cuda/linux-x86_64/kernels/3dd3003a3e1cd6d2007013eec3a4b8bbe8c27566c50537886672ea701a4a5b12/executable.so)
frame #18: __tvm_ffi_main + 0x32 (0x7d1d645513dc in /home/ywc/.tilelang/cache/0.1.14_cuda/linux-x86_64/kernels/3dd3003a3e1cd6d2007013eec3a4b8bbe8c27566c50537886672ea701a4a5b12/executable.so)
frame #19: <unknown function> + 0x13f6ff (0x7d209a6af6ff in /home/ywc/mpk-env/lib/python3.12/site-packages/tvm_ffi/lib/libtvm_ffi.so)
frame #20: <unknown function> + 0x13f07c (0x7d209a6af07c in /home/ywc/mpk-env/lib/python3.12/site-packages/tvm_ffi/lib/libtvm_ffi.so)
frame #21: <unknown function> + 0x9bd62 (0x7d21c84d5d62 in /home/ywc/mpk-env/lib/python3.12/site-packages/tvm_ffi/core.abi3.so)
<omitting python frames>
frame #25: python() [0x5a3778]
frame #29: python() [0x5a3778]
frame #31: python() [0x64f814]
frame #34: python() [0x54cbb4]
frame #36: python() [0x64f814]
frame #39: python() [0x54cb52]
frame #40: python() [0x6f899c]
frame #41: python() [0x6b93bc]
frame #42: <unknown function> + 0x9cb84 (0x7d224369cb84 in /lib/x86_64-linux-gnu/libc.so.6)
frame #43: <unknown function> + 0x129ecc (0x7d2243729ecc in /lib/x86_64-linux-gnu/libc.so.6)


2026-09-24 15:30:11,915 WARNING:An error occurred while testing config {'block_M': 256, 'block_N': 64, 'block_K': 128, 'block_Dstate': 128, 'num_stages': 3}, checkout autotuner.log for more details
2026-09-24 15:30:11,915 DEBUG:Error: Traceback (most recent call last):
  File "/home/ywc/co-tilelang/tilelang/autotuner/tuner.py", line 597, in _run_benchmark_target
    latency, worker_ref_latency = _call_benchmark_target(_jit_kernel, _worker_state)
                                  ^^^^^^^^^^^^^^^^^^^^^^^^^^^^^^^^^^^^^^^^^^^^^^^^^^
  File "/home/ywc/co-tilelang/tilelang/autotuner/tuner.py", line 569, in _call_benchmark_target
    return invoke()
           ^^^^^^^^
  File "/home/ywc/co-tilelang/tilelang/autotuner/tuner.py", line 560, in invoke
    return benchmark_target(
           ^^^^^^^^^^^^^^^^^
  File "/home/ywc/co-tilelang/tilelang/autotuner/tuner.py", line 717, in _benchmark_target
    latency = profiler.do_bench(
              ^^^^^^^^^^^^^^^^^^
  File "/home/ywc/co-tilelang/tilelang/profiler/__init__.py", line 281, in do_bench
    return run_bench()
           ^^^^^^^^^^^
  File "/home/ywc/co-tilelang/tilelang/profiler/__init__.py", line 267, in run_bench
    return do_bench(
           ^^^^^^^^^
  File "/home/ywc/co-tilelang/tilelang/profiler/bench.py", line 128, in do_bench
    return _do_bench_impl(
           ^^^^^^^^^^^^^^^
  File "/home/ywc/co-tilelang/tilelang/profiler/bench.py", line 187, in _do_bench_impl
    fn()
  File "/home/ywc/co-tilelang/tilelang/jit/adapter/base.py", line 100, in __call__
    return self.func(*args, **kwds)
           ^^^^^^^^^^^^^^^^^^^^^^^^
  File "/home/ywc/co-tilelang/tilelang/jit/adapter/tvm_ffi.py", line 330, in func
    result = self._get_executable()(*inputs, allocator_anchor)
             ^^^^^^^^^^^^^^^^^^^^^^^^^^^^^^^^^^^^^^^^^^^^^^^^^
  File "/home/ywc/mpk-env/lib/python3.12/site-packages/tvm_ffi/module.py", line 299, in __call__
    return self.main(*args)
           ^^^^^^^^^^^^^^^^
  File "python/tvm_ffi/cython/function.pxi", line 968, in tvm_ffi.core.Function.__call__
  File "<unknown>", line 0, in TVMFFIEnvTensorAlloc
  File "<unknown>", line 0, in TorchDLPackExchangeAPI::ManagedTensorAllocator(DLTensor*, DLManagedTensorVersioned**, void*, void (*)(void*, char const*, char const*))
MemoryError: CUDA out of memory. Tried to allocate 1024.00 MiB. GPU 0 has a total capacity of 94.97 GiB of which 609.88 MiB is free. Process 73312 has 1.13 GiB memory in use. Process 142742 has 36.90 GiB memory in use. Including non-PyTorch memory, this process has 56.26 GiB memory in use. Of the allocated memory 55.25 GiB is allocated by PyTorch, and 386.00 MiB is reserved by PyTorch but unallocated. If reserved but unallocated memory is large try setting PYTORCH_CUDA_ALLOC_CONF=expandable_segments:True to avoid fragmentation.  See documentation for Memory Management  (https://pytorch.org/docs/stable/notes/cuda.html#environment-variables)
Exception raised from malloc at /pytorch/c10/cuda/CUDACachingAllocator.cpp:1498 (most recent call first):
frame #0: c10::Error::Error(c10::SourceLocation, std::__cxx11::basic_string<char, std::char_traits<char>, std::allocator<char> >) + 0x80 (0x7d22428d9eb0 in /home/ywc/mpk-env/lib/python3.12/site-packages/torch/lib/libc10.so)
frame #1: <unknown function> + 0x3ca3b (0x7d2242997a3b in /home/ywc/mpk-env/lib/python3.12/site-packages/torch/lib/libc10_cuda.so)
frame #2: <unknown function> + 0x3cc05 (0x7d2242997c05 in /home/ywc/mpk-env/lib/python3.12/site-packages/torch/lib/libc10_cuda.so)
frame #3: <unknown function> + 0x3d15f (0x7d224299815f in /home/ywc/mpk-env/lib/python3.12/site-packages/torch/lib/libc10_cuda.so)
frame #4: <unknown function> + 0x15d64ad (0x7d2221dd64ad in /home/ywc/mpk-env/lib/python3.12/site-packages/torch/lib/libtorch_cpu.so)
frame #5: <unknown function> + 0x15d2715 (0x7d2221dd2715 in /home/ywc/mpk-env/lib/python3.12/site-packages/torch/lib/libtorch_cpu.so)
frame #6: at::detail::empty_generic(c10::ArrayRef<long>, c10::Allocator*, c10::DispatchKeySet, c10::ScalarType, std::optional<c10::MemoryFormat>) + 0x13 (0x7d2221dd30f3 in /home/ywc/mpk-env/lib/python3.12/site-packages/torch/lib/libtorch_cpu.so)
frame #7: at::detail::empty_cuda(c10::ArrayRef<long>, c10::ScalarType, std::optional<c10::Device>, std::optional<c10::MemoryFormat>) + 0x86 (0x7d21e5871106 in /home/ywc/mpk-env/lib/python3.12/site-packages/torch/lib/libtorch_cuda.so)
frame #8: at::detail::empty_cuda(c10::ArrayRef<long>, std::optional<c10::ScalarType>, std::optional<c10::Layout>, std::optional<c10::Device>, std::optional<bool>, std::optional<c10::MemoryFormat>) + 0x6e (0x7d21e587129e in /home/ywc/mpk-env/lib/python3.12/site-packages/torch/lib/libtorch_cuda.so)
frame #9: at::native::empty_cuda(c10::ArrayRef<long>, std::optional<c10::ScalarType>, std::optional<c10::Layout>, std::optional<c10::Device>, std::optional<bool>, std::optional<c10::MemoryFormat>) + 0x43 (0x7d21e5afce63 in /home/ywc/mpk-env/lib/python3.12/site-packages/torch/lib/libtorch_cuda.so)
frame #10: <unknown function> + 0x32944e4 (0x7d21e7e944e4 in /home/ywc/mpk-env/lib/python3.12/site-packages/torch/lib/libtorch_cuda.so)
frame #11: <unknown function> + 0x329460c (0x7d21e7e9460c in /home/ywc/mpk-env/lib/python3.12/site-packages/torch/lib/libtorch_cuda.so)
frame #12: at::_ops::empty_memory_format::redispatch(c10::DispatchKeySet, c10::ArrayRef<c10::SymInt>, std::optional<c10::ScalarType>, std::optional<c10::Layout>, std::optional<c10::Device>, std::optional<bool>, std::optional<c10::MemoryFormat>) + 0xe6 (0x7d2222d19e06 in /home/ywc/mpk-env/lib/python3.12/site-packages/torch/lib/libtorch_cpu.so)
frame #13: <unknown function> + 0x28bdf39 (0x7d22230bdf39 in /home/ywc/mpk-env/lib/python3.12/site-packages/torch/lib/libtorch_cpu.so)
frame #14: at::_ops::empty_memory_format::call(c10::ArrayRef<c10::SymInt>, std::optional<c10::ScalarType>, std::optional<c10::Layout>, std::optional<c10::Device>, std::optional<bool>, std::optional<c10::MemoryFormat>) + 0x218 (0x7d2222d66168 in /home/ywc/mpk-env/lib/python3.12/site-packages/torch/lib/libtorch_cpu.so)
frame #15: <unknown function> + 0xcb37 (0x7d2242565b37 in /home/ywc/mpk-env/lib/python3.12/site-packages/torch_c_dlpack_ext/libtorch_c_dlpack_addon_torch28-cuda.so)
frame #16: TVMFFIEnvTensorAlloc + 0x66 (0x7d209a6b9f76 in /home/ywc/mpk-env/lib/python3.12/site-packages/tvm_ffi/lib/libtvm_ffi.so)
frame #17: __tvm_ffi_chunk_scan_fwd + 0x3bb0 (0x7d1d643f4d89 in /home/ywc/.tilelang/cache/0.1.14_cuda/linux-x86_64/kernels/77eafc13d23b4676014247d28d82f0b5d01299f7527e76f2f626b641329fe7b4/executable.so)
frame #18: __tvm_ffi_main + 0x32 (0x7d1d643f73dc in /home/ywc/.tilelang/cache/0.1.14_cuda/linux-x86_64/kernels/77eafc13d23b4676014247d28d82f0b5d01299f7527e76f2f626b641329fe7b4/executable.so)
frame #19: <unknown function> + 0x13f6ff (0x7d209a6af6ff in /home/ywc/mpk-env/lib/python3.12/site-packages/tvm_ffi/lib/libtvm_ffi.so)
frame #20: <unknown function> + 0x13f07c (0x7d209a6af07c in /home/ywc/mpk-env/lib/python3.12/site-packages/tvm_ffi/lib/libtvm_ffi.so)
frame #21: <unknown function> + 0x9bd62 (0x7d21c84d5d62 in /home/ywc/mpk-env/lib/python3.12/site-packages/tvm_ffi/core.abi3.so)
<omitting python frames>
frame #25: python() [0x5a3778]
frame #29: python() [0x5a3778]
frame #31: python() [0x64f814]
frame #34: python() [0x54cbb4]
frame #36: python() [0x64f814]
frame #39: python() [0x54cb52]
frame #40: python() [0x6f899c]
frame #41: python() [0x6b93bc]
frame #42: <unknown function> + 0x9cb84 (0x7d224369cb84 in /lib/x86_64-linux-gnu/libc.so.6)
frame #43: <unknown function> + 0x129ecc (0x7d2243729ecc in /lib/x86_64-linux-gnu/libc.so.6)


2026-09-24 15:30:11,922 WARNING:An error occurred while testing config {'block_M': 256, 'block_N': 64, 'block_K': 128, 'block_Dstate': 128, 'num_stages': 4}, checkout autotuner.log for more details
2026-09-24 15:30:11,922 DEBUG:Error: Traceback (most recent call last):
  File "/home/ywc/co-tilelang/tilelang/autotuner/tuner.py", line 597, in _run_benchmark_target
    latency, worker_ref_latency = _call_benchmark_target(_jit_kernel, _worker_state)
                                  ^^^^^^^^^^^^^^^^^^^^^^^^^^^^^^^^^^^^^^^^^^^^^^^^^^
  File "/home/ywc/co-tilelang/tilelang/autotuner/tuner.py", line 569, in _call_benchmark_target
    return invoke()
           ^^^^^^^^
  File "/home/ywc/co-tilelang/tilelang/autotuner/tuner.py", line 560, in invoke
    return benchmark_target(
           ^^^^^^^^^^^^^^^^^
  File "/home/ywc/co-tilelang/tilelang/autotuner/tuner.py", line 717, in _benchmark_target
    latency = profiler.do_bench(
              ^^^^^^^^^^^^^^^^^^
  File "/home/ywc/co-tilelang/tilelang/profiler/__init__.py", line 281, in do_bench
    return run_bench()
           ^^^^^^^^^^^
  File "/home/ywc/co-tilelang/tilelang/profiler/__init__.py", line 267, in run_bench
    return do_bench(
           ^^^^^^^^^
  File "/home/ywc/co-tilelang/tilelang/profiler/bench.py", line 128, in do_bench
    return _do_bench_impl(
           ^^^^^^^^^^^^^^^
  File "/home/ywc/co-tilelang/tilelang/profiler/bench.py", line 187, in _do_bench_impl
    fn()
  File "/home/ywc/co-tilelang/tilelang/jit/adapter/base.py", line 100, in __call__
    return self.func(*args, **kwds)
           ^^^^^^^^^^^^^^^^^^^^^^^^
  File "/home/ywc/co-tilelang/tilelang/jit/adapter/tvm_ffi.py", line 330, in func
    result = self._get_executable()(*inputs, allocator_anchor)
             ^^^^^^^^^^^^^^^^^^^^^^^^^^^^^^^^^^^^^^^^^^^^^^^^^
  File "/home/ywc/mpk-env/lib/python3.12/site-packages/tvm_ffi/module.py", line 299, in __call__
    return self.main(*args)
           ^^^^^^^^^^^^^^^^
  File "python/tvm_ffi/cython/function.pxi", line 968, in tvm_ffi.core.Function.__call__
  File "<unknown>", line 0, in TVMFFIEnvTensorAlloc
  File "<unknown>", line 0, in TorchDLPackExchangeAPI::ManagedTensorAllocator(DLTensor*, DLManagedTensorVersioned**, void*, void (*)(void*, char const*, char const*))
MemoryError: CUDA out of memory. Tried to allocate 1024.00 MiB. GPU 0 has a total capacity of 94.97 GiB of which 609.88 MiB is free. Process 73312 has 1.13 GiB memory in use. Process 142742 has 36.90 GiB memory in use. Including non-PyTorch memory, this process has 56.26 GiB memory in use. Of the allocated memory 55.25 GiB is allocated by PyTorch, and 386.00 MiB is reserved by PyTorch but unallocated. If reserved but unallocated memory is large try setting PYTORCH_CUDA_ALLOC_CONF=expandable_segments:True to avoid fragmentation.  See documentation for Memory Management  (https://pytorch.org/docs/stable/notes/cuda.html#environment-variables)
Exception raised from malloc at /pytorch/c10/cuda/CUDACachingAllocator.cpp:1498 (most recent call first):
frame #0: c10::Error::Error(c10::SourceLocation, std::__cxx11::basic_string<char, std::char_traits<char>, std::allocator<char> >) + 0x80 (0x7d22428d9eb0 in /home/ywc/mpk-env/lib/python3.12/site-packages/torch/lib/libc10.so)
frame #1: <unknown function> + 0x3ca3b (0x7d2242997a3b in /home/ywc/mpk-env/lib/python3.12/site-packages/torch/lib/libc10_cuda.so)
frame #2: <unknown function> + 0x3cc05 (0x7d2242997c05 in /home/ywc/mpk-env/lib/python3.12/site-packages/torch/lib/libc10_cuda.so)
frame #3: <unknown function> + 0x3d15f (0x7d224299815f in /home/ywc/mpk-env/lib/python3.12/site-packages/torch/lib/libc10_cuda.so)
frame #4: <unknown function> + 0x15d64ad (0x7d2221dd64ad in /home/ywc/mpk-env/lib/python3.12/site-packages/torch/lib/libtorch_cpu.so)
frame #5: <unknown function> + 0x15d2715 (0x7d2221dd2715 in /home/ywc/mpk-env/lib/python3.12/site-packages/torch/lib/libtorch_cpu.so)
frame #6: at::detail::empty_generic(c10::ArrayRef<long>, c10::Allocator*, c10::DispatchKeySet, c10::ScalarType, std::optional<c10::MemoryFormat>) + 0x13 (0x7d2221dd30f3 in /home/ywc/mpk-env/lib/python3.12/site-packages/torch/lib/libtorch_cpu.so)
frame #7: at::detail::empty_cuda(c10::ArrayRef<long>, c10::ScalarType, std::optional<c10::Device>, std::optional<c10::MemoryFormat>) + 0x86 (0x7d21e5871106 in /home/ywc/mpk-env/lib/python3.12/site-packages/torch/lib/libtorch_cuda.so)
frame #8: at::detail::empty_cuda(c10::ArrayRef<long>, std::optional<c10::ScalarType>, std::optional<c10::Layout>, std::optional<c10::Device>, std::optional<bool>, std::optional<c10::MemoryFormat>) + 0x6e (0x7d21e587129e in /home/ywc/mpk-env/lib/python3.12/site-packages/torch/lib/libtorch_cuda.so)
frame #9: at::native::empty_cuda(c10::ArrayRef<long>, std::optional<c10::ScalarType>, std::optional<c10::Layout>, std::optional<c10::Device>, std::optional<bool>, std::optional<c10::MemoryFormat>) + 0x43 (0x7d21e5afce63 in /home/ywc/mpk-env/lib/python3.12/site-packages/torch/lib/libtorch_cuda.so)
frame #10: <unknown function> + 0x32944e4 (0x7d21e7e944e4 in /home/ywc/mpk-env/lib/python3.12/site-packages/torch/lib/libtorch_cuda.so)
frame #11: <unknown function> + 0x329460c (0x7d21e7e9460c in /home/ywc/mpk-env/lib/python3.12/site-packages/torch/lib/libtorch_cuda.so)
frame #12: at::_ops::empty_memory_format::redispatch(c10::DispatchKeySet, c10::ArrayRef<c10::SymInt>, std::optional<c10::ScalarType>, std::optional<c10::Layout>, std::optional<c10::Device>, std::optional<bool>, std::optional<c10::MemoryFormat>) + 0xe6 (0x7d2222d19e06 in /home/ywc/mpk-env/lib/python3.12/site-packages/torch/lib/libtorch_cpu.so)
frame #13: <unknown function> + 0x28bdf39 (0x7d22230bdf39 in /home/ywc/mpk-env/lib/python3.12/site-packages/torch/lib/libtorch_cpu.so)
frame #14: at::_ops::empty_memory_format::call(c10::ArrayRef<c10::SymInt>, std::optional<c10::ScalarType>, std::optional<c10::Layout>, std::optional<c10::Device>, std::optional<bool>, std::optional<c10::MemoryFormat>) + 0x218 (0x7d2222d66168 in /home/ywc/mpk-env/lib/python3.12/site-packages/torch/lib/libtorch_cpu.so)
frame #15: <unknown function> + 0xcb37 (0x7d2242565b37 in /home/ywc/mpk-env/lib/python3.12/site-packages/torch_c_dlpack_ext/libtorch_c_dlpack_addon_torch28-cuda.so)
frame #16: TVMFFIEnvTensorAlloc + 0x66 (0x7d209a6b9f76 in /home/ywc/mpk-env/lib/python3.12/site-packages/tvm_ffi/lib/libtvm_ffi.so)
frame #17: __tvm_ffi_chunk_scan_fwd + 0x3bb0 (0x7d1d64299d89 in /home/ywc/.tilelang/cache/0.1.14_cuda/linux-x86_64/kernels/8d49d33985351796caf0e2c42f467c8e759fd65532958c34e798fb2470d14557/executable.so)
frame #18: __tvm_ffi_main + 0x32 (0x7d1d6429c3dc in /home/ywc/.tilelang/cache/0.1.14_cuda/linux-x86_64/kernels/8d49d33985351796caf0e2c42f467c8e759fd65532958c34e798fb2470d14557/executable.so)
frame #19: <unknown function> + 0x13f6ff (0x7d209a6af6ff in /home/ywc/mpk-env/lib/python3.12/site-packages/tvm_ffi/lib/libtvm_ffi.so)
frame #20: <unknown function> + 0x13f07c (0x7d209a6af07c in /home/ywc/mpk-env/lib/python3.12/site-packages/tvm_ffi/lib/libtvm_ffi.so)
frame #21: <unknown function> + 0x9bd62 (0x7d21c84d5d62 in /home/ywc/mpk-env/lib/python3.12/site-packages/tvm_ffi/core.abi3.so)
<omitting python frames>
frame #25: python() [0x5a3778]
frame #29: python() [0x5a3778]
frame #31: python() [0x64f814]
frame #34: python() [0x54cbb4]
frame #36: python() [0x64f814]
frame #39: python() [0x54cb52]
frame #40: python() [0x6f899c]
frame #41: python() [0x6b93bc]
frame #42: <unknown function> + 0x9cb84 (0x7d224369cb84 in /lib/x86_64-linux-gnu/libc.so.6)
frame #43: <unknown function> + 0x129ecc (0x7d2243729ecc in /lib/x86_64-linux-gnu/libc.so.6)


2026-09-24 15:30:11,929 WARNING:An error occurred while testing config {'block_M': 256, 'block_N': 64, 'block_K': 128, 'block_Dstate': 128, 'num_stages': 5}, checkout autotuner.log for more details
2026-09-24 15:30:11,929 DEBUG:Error: Traceback (most recent call last):
  File "/home/ywc/co-tilelang/tilelang/autotuner/tuner.py", line 597, in _run_benchmark_target
    latency, worker_ref_latency = _call_benchmark_target(_jit_kernel, _worker_state)
                                  ^^^^^^^^^^^^^^^^^^^^^^^^^^^^^^^^^^^^^^^^^^^^^^^^^^
  File "/home/ywc/co-tilelang/tilelang/autotuner/tuner.py", line 569, in _call_benchmark_target
    return invoke()
           ^^^^^^^^
  File "/home/ywc/co-tilelang/tilelang/autotuner/tuner.py", line 560, in invoke
    return benchmark_target(
           ^^^^^^^^^^^^^^^^^
  File "/home/ywc/co-tilelang/tilelang/autotuner/tuner.py", line 717, in _benchmark_target
    latency = profiler.do_bench(
              ^^^^^^^^^^^^^^^^^^
  File "/home/ywc/co-tilelang/tilelang/profiler/__init__.py", line 281, in do_bench
    return run_bench()
           ^^^^^^^^^^^
  File "/home/ywc/co-tilelang/tilelang/profiler/__init__.py", line 267, in run_bench
    return do_bench(
           ^^^^^^^^^
  File "/home/ywc/co-tilelang/tilelang/profiler/bench.py", line 128, in do_bench
    return _do_bench_impl(
           ^^^^^^^^^^^^^^^
  File "/home/ywc/co-tilelang/tilelang/profiler/bench.py", line 187, in _do_bench_impl
    fn()
  File "/home/ywc/co-tilelang/tilelang/jit/adapter/base.py", line 100, in __call__
    return self.func(*args, **kwds)
           ^^^^^^^^^^^^^^^^^^^^^^^^
  File "/home/ywc/co-tilelang/tilelang/jit/adapter/tvm_ffi.py", line 330, in func
    result = self._get_executable()(*inputs, allocator_anchor)
             ^^^^^^^^^^^^^^^^^^^^^^^^^^^^^^^^^^^^^^^^^^^^^^^^^
  File "/home/ywc/mpk-env/lib/python3.12/site-packages/tvm_ffi/module.py", line 299, in __call__
    return self.main(*args)
           ^^^^^^^^^^^^^^^^
  File "python/tvm_ffi/cython/function.pxi", line 968, in tvm_ffi.core.Function.__call__
  File "<unknown>", line 0, in TVMFFIEnvTensorAlloc
  File "<unknown>", line 0, in TorchDLPackExchangeAPI::ManagedTensorAllocator(DLTensor*, DLManagedTensorVersioned**, void*, void (*)(void*, char const*, char const*))
MemoryError: CUDA out of memory. Tried to allocate 1024.00 MiB. GPU 0 has a total capacity of 94.97 GiB of which 609.88 MiB is free. Process 73312 has 1.13 GiB memory in use. Process 142742 has 36.90 GiB memory in use. Including non-PyTorch memory, this process has 56.26 GiB memory in use. Of the allocated memory 55.25 GiB is allocated by PyTorch, and 386.00 MiB is reserved by PyTorch but unallocated. If reserved but unallocated memory is large try setting PYTORCH_CUDA_ALLOC_CONF=expandable_segments:True to avoid fragmentation.  See documentation for Memory Management  (https://pytorch.org/docs/stable/notes/cuda.html#environment-variables)
Exception raised from malloc at /pytorch/c10/cuda/CUDACachingAllocator.cpp:1498 (most recent call first):
frame #0: c10::Error::Error(c10::SourceLocation, std::__cxx11::basic_string<char, std::char_traits<char>, std::allocator<char> >) + 0x80 (0x7d22428d9eb0 in /home/ywc/mpk-env/lib/python3.12/site-packages/torch/lib/libc10.so)
frame #1: <unknown function> + 0x3ca3b (0x7d2242997a3b in /home/ywc/mpk-env/lib/python3.12/site-packages/torch/lib/libc10_cuda.so)
frame #2: <unknown function> + 0x3cc05 (0x7d2242997c05 in /home/ywc/mpk-env/lib/python3.12/site-packages/torch/lib/libc10_cuda.so)
frame #3: <unknown function> + 0x3d15f (0x7d224299815f in /home/ywc/mpk-env/lib/python3.12/site-packages/torch/lib/libc10_cuda.so)
frame #4: <unknown function> + 0x15d64ad (0x7d2221dd64ad in /home/ywc/mpk-env/lib/python3.12/site-packages/torch/lib/libtorch_cpu.so)
frame #5: <unknown function> + 0x15d2715 (0x7d2221dd2715 in /home/ywc/mpk-env/lib/python3.12/site-packages/torch/lib/libtorch_cpu.so)
frame #6: at::detail::empty_generic(c10::ArrayRef<long>, c10::Allocator*, c10::DispatchKeySet, c10::ScalarType, std::optional<c10::MemoryFormat>) + 0x13 (0x7d2221dd30f3 in /home/ywc/mpk-env/lib/python3.12/site-packages/torch/lib/libtorch_cpu.so)
frame #7: at::detail::empty_cuda(c10::ArrayRef<long>, c10::ScalarType, std::optional<c10::Device>, std::optional<c10::MemoryFormat>) + 0x86 (0x7d21e5871106 in /home/ywc/mpk-env/lib/python3.12/site-packages/torch/lib/libtorch_cuda.so)
frame #8: at::detail::empty_cuda(c10::ArrayRef<long>, std::optional<c10::ScalarType>, std::optional<c10::Layout>, std::optional<c10::Device>, std::optional<bool>, std::optional<c10::MemoryFormat>) + 0x6e (0x7d21e587129e in /home/ywc/mpk-env/lib/python3.12/site-packages/torch/lib/libtorch_cuda.so)
frame #9: at::native::empty_cuda(c10::ArrayRef<long>, std::optional<c10::ScalarType>, std::optional<c10::Layout>, std::optional<c10::Device>, std::optional<bool>, std::optional<c10::MemoryFormat>) + 0x43 (0x7d21e5afce63 in /home/ywc/mpk-env/lib/python3.12/site-packages/torch/lib/libtorch_cuda.so)
frame #10: <unknown function> + 0x32944e4 (0x7d21e7e944e4 in /home/ywc/mpk-env/lib/python3.12/site-packages/torch/lib/libtorch_cuda.so)
frame #11: <unknown function> + 0x329460c (0x7d21e7e9460c in /home/ywc/mpk-env/lib/python3.12/site-packages/torch/lib/libtorch_cuda.so)
frame #12: at::_ops::empty_memory_format::redispatch(c10::DispatchKeySet, c10::ArrayRef<c10::SymInt>, std::optional<c10::ScalarType>, std::optional<c10::Layout>, std::optional<c10::Device>, std::optional<bool>, std::optional<c10::MemoryFormat>) + 0xe6 (0x7d2222d19e06 in /home/ywc/mpk-env/lib/python3.12/site-packages/torch/lib/libtorch_cpu.so)
frame #13: <unknown function> + 0x28bdf39 (0x7d22230bdf39 in /home/ywc/mpk-env/lib/python3.12/site-packages/torch/lib/libtorch_cpu.so)
frame #14: at::_ops::empty_memory_format::call(c10::ArrayRef<c10::SymInt>, std::optional<c10::ScalarType>, std::optional<c10::Layout>, std::optional<c10::Device>, std::optional<bool>, std::optional<c10::MemoryFormat>) + 0x218 (0x7d2222d66168 in /home/ywc/mpk-env/lib/python3.12/site-packages/torch/lib/libtorch_cpu.so)
frame #15: <unknown function> + 0xcb37 (0x7d2242565b37 in /home/ywc/mpk-env/lib/python3.12/site-packages/torch_c_dlpack_ext/libtorch_c_dlpack_addon_torch28-cuda.so)
frame #16: TVMFFIEnvTensorAlloc + 0x66 (0x7d209a6b9f76 in /home/ywc/mpk-env/lib/python3.12/site-packages/tvm_ffi/lib/libtvm_ffi.so)
frame #17: __tvm_ffi_chunk_scan_fwd + 0x3bb0 (0x7d1d6413ed89 in /home/ywc/.tilelang/cache/0.1.14_cuda/linux-x86_64/kernels/7e48c5a1200346f88d92fb1a51c82cb1b251e33fd7170db9e774d9f2e4de4e40/executable.so)
frame #18: __tvm_ffi_main + 0x32 (0x7d1d641413dc in /home/ywc/.tilelang/cache/0.1.14_cuda/linux-x86_64/kernels/7e48c5a1200346f88d92fb1a51c82cb1b251e33fd7170db9e774d9f2e4de4e40/executable.so)
frame #19: <unknown function> + 0x13f6ff (0x7d209a6af6ff in /home/ywc/mpk-env/lib/python3.12/site-packages/tvm_ffi/lib/libtvm_ffi.so)
frame #20: <unknown function> + 0x13f07c (0x7d209a6af07c in /home/ywc/mpk-env/lib/python3.12/site-packages/tvm_ffi/lib/libtvm_ffi.so)
frame #21: <unknown function> + 0x9bd62 (0x7d21c84d5d62 in /home/ywc/mpk-env/lib/python3.12/site-packages/tvm_ffi/core.abi3.so)
<omitting python frames>
frame #25: python() [0x5a3778]
frame #29: python() [0x5a3778]
frame #31: python() [0x64f814]
frame #34: python() [0x54cbb4]
frame #36: python() [0x64f814]
frame #39: python() [0x54cb52]
frame #40: python() [0x6f899c]
frame #41: python() [0x6b93bc]
frame #42: <unknown function> + 0x9cb84 (0x7d224369cb84 in /lib/x86_64-linux-gnu/libc.so.6)
frame #43: <unknown function> + 0x129ecc (0x7d2243729ecc in /lib/x86_64-linux-gnu/libc.so.6)


2026-09-24 15:30:11,935 WARNING:An error occurred while testing config {'block_M': 256, 'block_N': 64, 'block_K': 256, 'block_Dstate': 128, 'num_stages': 1}, checkout autotuner.log for more details
2026-09-24 15:30:11,936 DEBUG:Error: Traceback (most recent call last):
  File "/home/ywc/co-tilelang/tilelang/autotuner/tuner.py", line 597, in _run_benchmark_target
    latency, worker_ref_latency = _call_benchmark_target(_jit_kernel, _worker_state)
                                  ^^^^^^^^^^^^^^^^^^^^^^^^^^^^^^^^^^^^^^^^^^^^^^^^^^
  File "/home/ywc/co-tilelang/tilelang/autotuner/tuner.py", line 569, in _call_benchmark_target
    return invoke()
           ^^^^^^^^
  File "/home/ywc/co-tilelang/tilelang/autotuner/tuner.py", line 560, in invoke
    return benchmark_target(
           ^^^^^^^^^^^^^^^^^
  File "/home/ywc/co-tilelang/tilelang/autotuner/tuner.py", line 717, in _benchmark_target
    latency = profiler.do_bench(
              ^^^^^^^^^^^^^^^^^^
  File "/home/ywc/co-tilelang/tilelang/profiler/__init__.py", line 281, in do_bench
    return run_bench()
           ^^^^^^^^^^^
  File "/home/ywc/co-tilelang/tilelang/profiler/__init__.py", line 267, in run_bench
    return do_bench(
           ^^^^^^^^^
  File "/home/ywc/co-tilelang/tilelang/profiler/bench.py", line 128, in do_bench
    return _do_bench_impl(
           ^^^^^^^^^^^^^^^
  File "/home/ywc/co-tilelang/tilelang/profiler/bench.py", line 187, in _do_bench_impl
    fn()
  File "/home/ywc/co-tilelang/tilelang/jit/adapter/base.py", line 100, in __call__
    return self.func(*args, **kwds)
           ^^^^^^^^^^^^^^^^^^^^^^^^
  File "/home/ywc/co-tilelang/tilelang/jit/adapter/tvm_ffi.py", line 330, in func
    result = self._get_executable()(*inputs, allocator_anchor)
             ^^^^^^^^^^^^^^^^^^^^^^^^^^^^^^^^^^^^^^^^^^^^^^^^^
  File "/home/ywc/mpk-env/lib/python3.12/site-packages/tvm_ffi/module.py", line 299, in __call__
    return self.main(*args)
           ^^^^^^^^^^^^^^^^
  File "python/tvm_ffi/cython/function.pxi", line 968, in tvm_ffi.core.Function.__call__
  File "<unknown>", line 0, in TVMFFIEnvTensorAlloc
  File "<unknown>", line 0, in TorchDLPackExchangeAPI::ManagedTensorAllocator(DLTensor*, DLManagedTensorVersioned**, void*, void (*)(void*, char const*, char const*))
MemoryError: CUDA out of memory. Tried to allocate 1024.00 MiB. GPU 0 has a total capacity of 94.97 GiB of which 609.88 MiB is free. Process 73312 has 1.13 GiB memory in use. Process 142742 has 36.90 GiB memory in use. Including non-PyTorch memory, this process has 56.26 GiB memory in use. Of the allocated memory 55.25 GiB is allocated by PyTorch, and 386.00 MiB is reserved by PyTorch but unallocated. If reserved but unallocated memory is large try setting PYTORCH_CUDA_ALLOC_CONF=expandable_segments:True to avoid fragmentation.  See documentation for Memory Management  (https://pytorch.org/docs/stable/notes/cuda.html#environment-variables)
Exception raised from malloc at /pytorch/c10/cuda/CUDACachingAllocator.cpp:1498 (most recent call first):
frame #0: c10::Error::Error(c10::SourceLocation, std::__cxx11::basic_string<char, std::char_traits<char>, std::allocator<char> >) + 0x80 (0x7d22428d9eb0 in /home/ywc/mpk-env/lib/python3.12/site-packages/torch/lib/libc10.so)
frame #1: <unknown function> + 0x3ca3b (0x7d2242997a3b in /home/ywc/mpk-env/lib/python3.12/site-packages/torch/lib/libc10_cuda.so)
frame #2: <unknown function> + 0x3cc05 (0x7d2242997c05 in /home/ywc/mpk-env/lib/python3.12/site-packages/torch/lib/libc10_cuda.so)
frame #3: <unknown function> + 0x3d15f (0x7d224299815f in /home/ywc/mpk-env/lib/python3.12/site-packages/torch/lib/libc10_cuda.so)
frame #4: <unknown function> + 0x15d64ad (0x7d2221dd64ad in /home/ywc/mpk-env/lib/python3.12/site-packages/torch/lib/libtorch_cpu.so)
frame #5: <unknown function> + 0x15d2715 (0x7d2221dd2715 in /home/ywc/mpk-env/lib/python3.12/site-packages/torch/lib/libtorch_cpu.so)
frame #6: at::detail::empty_generic(c10::ArrayRef<long>, c10::Allocator*, c10::DispatchKeySet, c10::ScalarType, std::optional<c10::MemoryFormat>) + 0x13 (0x7d2221dd30f3 in /home/ywc/mpk-env/lib/python3.12/site-packages/torch/lib/libtorch_cpu.so)
frame #7: at::detail::empty_cuda(c10::ArrayRef<long>, c10::ScalarType, std::optional<c10::Device>, std::optional<c10::MemoryFormat>) + 0x86 (0x7d21e5871106 in /home/ywc/mpk-env/lib/python3.12/site-packages/torch/lib/libtorch_cuda.so)
frame #8: at::detail::empty_cuda(c10::ArrayRef<long>, std::optional<c10::ScalarType>, std::optional<c10::Layout>, std::optional<c10::Device>, std::optional<bool>, std::optional<c10::MemoryFormat>) + 0x6e (0x7d21e587129e in /home/ywc/mpk-env/lib/python3.12/site-packages/torch/lib/libtorch_cuda.so)
frame #9: at::native::empty_cuda(c10::ArrayRef<long>, std::optional<c10::ScalarType>, std::optional<c10::Layout>, std::optional<c10::Device>, std::optional<bool>, std::optional<c10::MemoryFormat>) + 0x43 (0x7d21e5afce63 in /home/ywc/mpk-env/lib/python3.12/site-packages/torch/lib/libtorch_cuda.so)
frame #10: <unknown function> + 0x32944e4 (0x7d21e7e944e4 in /home/ywc/mpk-env/lib/python3.12/site-packages/torch/lib/libtorch_cuda.so)
frame #11: <unknown function> + 0x329460c (0x7d21e7e9460c in /home/ywc/mpk-env/lib/python3.12/site-packages/torch/lib/libtorch_cuda.so)
frame #12: at::_ops::empty_memory_format::redispatch(c10::DispatchKeySet, c10::ArrayRef<c10::SymInt>, std::optional<c10::ScalarType>, std::optional<c10::Layout>, std::optional<c10::Device>, std::optional<bool>, std::optional<c10::MemoryFormat>) + 0xe6 (0x7d2222d19e06 in /home/ywc/mpk-env/lib/python3.12/site-packages/torch/lib/libtorch_cpu.so)
frame #13: <unknown function> + 0x28bdf39 (0x7d22230bdf39 in /home/ywc/mpk-env/lib/python3.12/site-packages/torch/lib/libtorch_cpu.so)
frame #14: at::_ops::empty_memory_format::call(c10::ArrayRef<c10::SymInt>, std::optional<c10::ScalarType>, std::optional<c10::Layout>, std::optional<c10::Device>, std::optional<bool>, std::optional<c10::MemoryFormat>) + 0x218 (0x7d2222d66168 in /home/ywc/mpk-env/lib/python3.12/site-packages/torch/lib/libtorch_cpu.so)
frame #15: <unknown function> + 0xcb37 (0x7d2242565b37 in /home/ywc/mpk-env/lib/python3.12/site-packages/torch_c_dlpack_ext/libtorch_c_dlpack_addon_torch28-cuda.so)
frame #16: TVMFFIEnvTensorAlloc + 0x66 (0x7d209a6b9f76 in /home/ywc/mpk-env/lib/python3.12/site-packages/tvm_ffi/lib/libtvm_ffi.so)
frame #17: __tvm_ffi_chunk_scan_fwd + 0x3bb0 (0x7d1d44668d89 in /home/ywc/.tilelang/cache/0.1.14_cuda/linux-x86_64/kernels/aa4d4f5fc9405c123a9fb27b21f21025ee41c45a769b1805090a24f62c86db54/executable.so)
frame #18: __tvm_ffi_main + 0x32 (0x7d1d4466b3dc in /home/ywc/.tilelang/cache/0.1.14_cuda/linux-x86_64/kernels/aa4d4f5fc9405c123a9fb27b21f21025ee41c45a769b1805090a24f62c86db54/executable.so)
frame #19: <unknown function> + 0x13f6ff (0x7d209a6af6ff in /home/ywc/mpk-env/lib/python3.12/site-packages/tvm_ffi/lib/libtvm_ffi.so)
frame #20: <unknown function> + 0x13f07c (0x7d209a6af07c in /home/ywc/mpk-env/lib/python3.12/site-packages/tvm_ffi/lib/libtvm_ffi.so)
frame #21: <unknown function> + 0x9bd62 (0x7d21c84d5d62 in /home/ywc/mpk-env/lib/python3.12/site-packages/tvm_ffi/core.abi3.so)
<omitting python frames>
frame #25: python() [0x5a3778]
frame #29: python() [0x5a3778]
frame #31: python() [0x64f814]
frame #34: python() [0x54cbb4]
frame #36: python() [0x64f814]
frame #39: python() [0x54cb52]
frame #40: python() [0x6f899c]
frame #41: python() [0x6b93bc]
frame #42: <unknown function> + 0x9cb84 (0x7d224369cb84 in /lib/x86_64-linux-gnu/libc.so.6)
frame #43: <unknown function> + 0x129ecc (0x7d2243729ecc in /lib/x86_64-linux-gnu/libc.so.6)


2026-09-24 15:30:11,942 WARNING:An error occurred while testing config {'block_M': 256, 'block_N': 64, 'block_K': 256, 'block_Dstate': 128, 'num_stages': 2}, checkout autotuner.log for more details
2026-09-24 15:30:11,942 DEBUG:Error: Traceback (most recent call last):
  File "/home/ywc/co-tilelang/tilelang/autotuner/tuner.py", line 597, in _run_benchmark_target
    latency, worker_ref_latency = _call_benchmark_target(_jit_kernel, _worker_state)
                                  ^^^^^^^^^^^^^^^^^^^^^^^^^^^^^^^^^^^^^^^^^^^^^^^^^^
  File "/home/ywc/co-tilelang/tilelang/autotuner/tuner.py", line 569, in _call_benchmark_target
    return invoke()
           ^^^^^^^^
  File "/home/ywc/co-tilelang/tilelang/autotuner/tuner.py", line 560, in invoke
    return benchmark_target(
           ^^^^^^^^^^^^^^^^^
  File "/home/ywc/co-tilelang/tilelang/autotuner/tuner.py", line 717, in _benchmark_target
    latency = profiler.do_bench(
              ^^^^^^^^^^^^^^^^^^
  File "/home/ywc/co-tilelang/tilelang/profiler/__init__.py", line 281, in do_bench
    return run_bench()
           ^^^^^^^^^^^
  File "/home/ywc/co-tilelang/tilelang/profiler/__init__.py", line 267, in run_bench
    return do_bench(
           ^^^^^^^^^
  File "/home/ywc/co-tilelang/tilelang/profiler/bench.py", line 128, in do_bench
    return _do_bench_impl(
           ^^^^^^^^^^^^^^^
  File "/home/ywc/co-tilelang/tilelang/profiler/bench.py", line 187, in _do_bench_impl
    fn()
  File "/home/ywc/co-tilelang/tilelang/jit/adapter/base.py", line 100, in __call__
    return self.func(*args, **kwds)
           ^^^^^^^^^^^^^^^^^^^^^^^^
  File "/home/ywc/co-tilelang/tilelang/jit/adapter/tvm_ffi.py", line 330, in func
    result = self._get_executable()(*inputs, allocator_anchor)
             ^^^^^^^^^^^^^^^^^^^^^^^^^^^^^^^^^^^^^^^^^^^^^^^^^
  File "/home/ywc/mpk-env/lib/python3.12/site-packages/tvm_ffi/module.py", line 299, in __call__
    return self.main(*args)
           ^^^^^^^^^^^^^^^^
  File "python/tvm_ffi/cython/function.pxi", line 968, in tvm_ffi.core.Function.__call__
  File "<unknown>", line 0, in TVMFFIEnvTensorAlloc
  File "<unknown>", line 0, in TorchDLPackExchangeAPI::ManagedTensorAllocator(DLTensor*, DLManagedTensorVersioned**, void*, void (*)(void*, char const*, char const*))
MemoryError: CUDA out of memory. Tried to allocate 1024.00 MiB. GPU 0 has a total capacity of 94.97 GiB of which 609.88 MiB is free. Process 73312 has 1.13 GiB memory in use. Process 142742 has 36.90 GiB memory in use. Including non-PyTorch memory, this process has 56.26 GiB memory in use. Of the allocated memory 55.25 GiB is allocated by PyTorch, and 386.00 MiB is reserved by PyTorch but unallocated. If reserved but unallocated memory is large try setting PYTORCH_CUDA_ALLOC_CONF=expandable_segments:True to avoid fragmentation.  See documentation for Memory Management  (https://pytorch.org/docs/stable/notes/cuda.html#environment-variables)
Exception raised from malloc at /pytorch/c10/cuda/CUDACachingAllocator.cpp:1498 (most recent call first):
frame #0: c10::Error::Error(c10::SourceLocation, std::__cxx11::basic_string<char, std::char_traits<char>, std::allocator<char> >) + 0x80 (0x7d22428d9eb0 in /home/ywc/mpk-env/lib/python3.12/site-packages/torch/lib/libc10.so)
frame #1: <unknown function> + 0x3ca3b (0x7d2242997a3b in /home/ywc/mpk-env/lib/python3.12/site-packages/torch/lib/libc10_cuda.so)
frame #2: <unknown function> + 0x3cc05 (0x7d2242997c05 in /home/ywc/mpk-env/lib/python3.12/site-packages/torch/lib/libc10_cuda.so)
frame #3: <unknown function> + 0x3d15f (0x7d224299815f in /home/ywc/mpk-env/lib/python3.12/site-packages/torch/lib/libc10_cuda.so)
frame #4: <unknown function> + 0x15d64ad (0x7d2221dd64ad in /home/ywc/mpk-env/lib/python3.12/site-packages/torch/lib/libtorch_cpu.so)
frame #5: <unknown function> + 0x15d2715 (0x7d2221dd2715 in /home/ywc/mpk-env/lib/python3.12/site-packages/torch/lib/libtorch_cpu.so)
frame #6: at::detail::empty_generic(c10::ArrayRef<long>, c10::Allocator*, c10::DispatchKeySet, c10::ScalarType, std::optional<c10::MemoryFormat>) + 0x13 (0x7d2221dd30f3 in /home/ywc/mpk-env/lib/python3.12/site-packages/torch/lib/libtorch_cpu.so)
frame #7: at::detail::empty_cuda(c10::ArrayRef<long>, c10::ScalarType, std::optional<c10::Device>, std::optional<c10::MemoryFormat>) + 0x86 (0x7d21e5871106 in /home/ywc/mpk-env/lib/python3.12/site-packages/torch/lib/libtorch_cuda.so)
frame #8: at::detail::empty_cuda(c10::ArrayRef<long>, std::optional<c10::ScalarType>, std::optional<c10::Layout>, std::optional<c10::Device>, std::optional<bool>, std::optional<c10::MemoryFormat>) + 0x6e (0x7d21e587129e in /home/ywc/mpk-env/lib/python3.12/site-packages/torch/lib/libtorch_cuda.so)
frame #9: at::native::empty_cuda(c10::ArrayRef<long>, std::optional<c10::ScalarType>, std::optional<c10::Layout>, std::optional<c10::Device>, std::optional<bool>, std::optional<c10::MemoryFormat>) + 0x43 (0x7d21e5afce63 in /home/ywc/mpk-env/lib/python3.12/site-packages/torch/lib/libtorch_cuda.so)
frame #10: <unknown function> + 0x32944e4 (0x7d21e7e944e4 in /home/ywc/mpk-env/lib/python3.12/site-packages/torch/lib/libtorch_cuda.so)
frame #11: <unknown function> + 0x329460c (0x7d21e7e9460c in /home/ywc/mpk-env/lib/python3.12/site-packages/torch/lib/libtorch_cuda.so)
frame #12: at::_ops::empty_memory_format::redispatch(c10::DispatchKeySet, c10::ArrayRef<c10::SymInt>, std::optional<c10::ScalarType>, std::optional<c10::Layout>, std::optional<c10::Device>, std::optional<bool>, std::optional<c10::MemoryFormat>) + 0xe6 (0x7d2222d19e06 in /home/ywc/mpk-env/lib/python3.12/site-packages/torch/lib/libtorch_cpu.so)
frame #13: <unknown function> + 0x28bdf39 (0x7d22230bdf39 in /home/ywc/mpk-env/lib/python3.12/site-packages/torch/lib/libtorch_cpu.so)
frame #14: at::_ops::empty_memory_format::call(c10::ArrayRef<c10::SymInt>, std::optional<c10::ScalarType>, std::optional<c10::Layout>, std::optional<c10::Device>, std::optional<bool>, std::optional<c10::MemoryFormat>) + 0x218 (0x7d2222d66168 in /home/ywc/mpk-env/lib/python3.12/site-packages/torch/lib/libtorch_cpu.so)
frame #15: <unknown function> + 0xcb37 (0x7d2242565b37 in /home/ywc/mpk-env/lib/python3.12/site-packages/torch_c_dlpack_ext/libtorch_c_dlpack_addon_torch28-cuda.so)
frame #16: TVMFFIEnvTensorAlloc + 0x66 (0x7d209a6b9f76 in /home/ywc/mpk-env/lib/python3.12/site-packages/tvm_ffi/lib/libtvm_ffi.so)
frame #17: __tvm_ffi_chunk_scan_fwd + 0x3bb0 (0x7d1d444d4d89 in /home/ywc/.tilelang/cache/0.1.14_cuda/linux-x86_64/kernels/2eb9e12c3c652f4497832bde8eec0ce945558d1be085e53fd1ec73453596e1af/executable.so)
frame #18: __tvm_ffi_main + 0x32 (0x7d1d444d73dc in /home/ywc/.tilelang/cache/0.1.14_cuda/linux-x86_64/kernels/2eb9e12c3c652f4497832bde8eec0ce945558d1be085e53fd1ec73453596e1af/executable.so)
frame #19: <unknown function> + 0x13f6ff (0x7d209a6af6ff in /home/ywc/mpk-env/lib/python3.12/site-packages/tvm_ffi/lib/libtvm_ffi.so)
frame #20: <unknown function> + 0x13f07c (0x7d209a6af07c in /home/ywc/mpk-env/lib/python3.12/site-packages/tvm_ffi/lib/libtvm_ffi.so)
frame #21: <unknown function> + 0x9bd62 (0x7d21c84d5d62 in /home/ywc/mpk-env/lib/python3.12/site-packages/tvm_ffi/core.abi3.so)
<omitting python frames>
frame #25: python() [0x5a3778]
frame #29: python() [0x5a3778]
frame #31: python() [0x64f814]
frame #34: python() [0x54cbb4]
frame #36: python() [0x64f814]
frame #39: python() [0x54cb52]
frame #40: python() [0x6f899c]
frame #41: python() [0x6b93bc]
frame #42: <unknown function> + 0x9cb84 (0x7d224369cb84 in /lib/x86_64-linux-gnu/libc.so.6)
frame #43: <unknown function> + 0x129ecc (0x7d2243729ecc in /lib/x86_64-linux-gnu/libc.so.6)


2026-09-24 15:30:11,948 WARNING:An error occurred while testing config {'block_M': 256, 'block_N': 64, 'block_K': 256, 'block_Dstate': 128, 'num_stages': 3}, checkout autotuner.log for more details
2026-09-24 15:30:11,948 DEBUG:Error: Traceback (most recent call last):
  File "/home/ywc/co-tilelang/tilelang/autotuner/tuner.py", line 597, in _run_benchmark_target
    latency, worker_ref_latency = _call_benchmark_target(_jit_kernel, _worker_state)
                                  ^^^^^^^^^^^^^^^^^^^^^^^^^^^^^^^^^^^^^^^^^^^^^^^^^^
  File "/home/ywc/co-tilelang/tilelang/autotuner/tuner.py", line 569, in _call_benchmark_target
    return invoke()
           ^^^^^^^^
  File "/home/ywc/co-tilelang/tilelang/autotuner/tuner.py", line 560, in invoke
    return benchmark_target(
           ^^^^^^^^^^^^^^^^^
  File "/home/ywc/co-tilelang/tilelang/autotuner/tuner.py", line 717, in _benchmark_target
    latency = profiler.do_bench(
              ^^^^^^^^^^^^^^^^^^
  File "/home/ywc/co-tilelang/tilelang/profiler/__init__.py", line 281, in do_bench
    return run_bench()
           ^^^^^^^^^^^
  File "/home/ywc/co-tilelang/tilelang/profiler/__init__.py", line 267, in run_bench
    return do_bench(
           ^^^^^^^^^
  File "/home/ywc/co-tilelang/tilelang/profiler/bench.py", line 128, in do_bench
    return _do_bench_impl(
           ^^^^^^^^^^^^^^^
  File "/home/ywc/co-tilelang/tilelang/profiler/bench.py", line 187, in _do_bench_impl
    fn()
  File "/home/ywc/co-tilelang/tilelang/jit/adapter/base.py", line 100, in __call__
    return self.func(*args, **kwds)
           ^^^^^^^^^^^^^^^^^^^^^^^^
  File "/home/ywc/co-tilelang/tilelang/jit/adapter/tvm_ffi.py", line 330, in func
    result = self._get_executable()(*inputs, allocator_anchor)
             ^^^^^^^^^^^^^^^^^^^^^^^^^^^^^^^^^^^^^^^^^^^^^^^^^
  File "/home/ywc/mpk-env/lib/python3.12/site-packages/tvm_ffi/module.py", line 299, in __call__
    return self.main(*args)
           ^^^^^^^^^^^^^^^^
  File "python/tvm_ffi/cython/function.pxi", line 968, in tvm_ffi.core.Function.__call__
  File "<unknown>", line 0, in TVMFFIEnvTensorAlloc
  File "<unknown>", line 0, in TorchDLPackExchangeAPI::ManagedTensorAllocator(DLTensor*, DLManagedTensorVersioned**, void*, void (*)(void*, char const*, char const*))
MemoryError: CUDA out of memory. Tried to allocate 1024.00 MiB. GPU 0 has a total capacity of 94.97 GiB of which 609.88 MiB is free. Process 73312 has 1.13 GiB memory in use. Process 142742 has 36.90 GiB memory in use. Including non-PyTorch memory, this process has 56.26 GiB memory in use. Of the allocated memory 55.25 GiB is allocated by PyTorch, and 386.00 MiB is reserved by PyTorch but unallocated. If reserved but unallocated memory is large try setting PYTORCH_CUDA_ALLOC_CONF=expandable_segments:True to avoid fragmentation.  See documentation for Memory Management  (https://pytorch.org/docs/stable/notes/cuda.html#environment-variables)
Exception raised from malloc at /pytorch/c10/cuda/CUDACachingAllocator.cpp:1498 (most recent call first):
frame #0: c10::Error::Error(c10::SourceLocation, std::__cxx11::basic_string<char, std::char_traits<char>, std::allocator<char> >) + 0x80 (0x7d22428d9eb0 in /home/ywc/mpk-env/lib/python3.12/site-packages/torch/lib/libc10.so)
frame #1: <unknown function> + 0x3ca3b (0x7d2242997a3b in /home/ywc/mpk-env/lib/python3.12/site-packages/torch/lib/libc10_cuda.so)
frame #2: <unknown function> + 0x3cc05 (0x7d2242997c05 in /home/ywc/mpk-env/lib/python3.12/site-packages/torch/lib/libc10_cuda.so)
frame #3: <unknown function> + 0x3d15f (0x7d224299815f in /home/ywc/mpk-env/lib/python3.12/site-packages/torch/lib/libc10_cuda.so)
frame #4: <unknown function> + 0x15d64ad (0x7d2221dd64ad in /home/ywc/mpk-env/lib/python3.12/site-packages/torch/lib/libtorch_cpu.so)
frame #5: <unknown function> + 0x15d2715 (0x7d2221dd2715 in /home/ywc/mpk-env/lib/python3.12/site-packages/torch/lib/libtorch_cpu.so)
frame #6: at::detail::empty_generic(c10::ArrayRef<long>, c10::Allocator*, c10::DispatchKeySet, c10::ScalarType, std::optional<c10::MemoryFormat>) + 0x13 (0x7d2221dd30f3 in /home/ywc/mpk-env/lib/python3.12/site-packages/torch/lib/libtorch_cpu.so)
frame #7: at::detail::empty_cuda(c10::ArrayRef<long>, c10::ScalarType, std::optional<c10::Device>, std::optional<c10::MemoryFormat>) + 0x86 (0x7d21e5871106 in /home/ywc/mpk-env/lib/python3.12/site-packages/torch/lib/libtorch_cuda.so)
frame #8: at::detail::empty_cuda(c10::ArrayRef<long>, std::optional<c10::ScalarType>, std::optional<c10::Layout>, std::optional<c10::Device>, std::optional<bool>, std::optional<c10::MemoryFormat>) + 0x6e (0x7d21e587129e in /home/ywc/mpk-env/lib/python3.12/site-packages/torch/lib/libtorch_cuda.so)
frame #9: at::native::empty_cuda(c10::ArrayRef<long>, std::optional<c10::ScalarType>, std::optional<c10::Layout>, std::optional<c10::Device>, std::optional<bool>, std::optional<c10::MemoryFormat>) + 0x43 (0x7d21e5afce63 in /home/ywc/mpk-env/lib/python3.12/site-packages/torch/lib/libtorch_cuda.so)
frame #10: <unknown function> + 0x32944e4 (0x7d21e7e944e4 in /home/ywc/mpk-env/lib/python3.12/site-packages/torch/lib/libtorch_cuda.so)
frame #11: <unknown function> + 0x329460c (0x7d21e7e9460c in /home/ywc/mpk-env/lib/python3.12/site-packages/torch/lib/libtorch_cuda.so)
frame #12: at::_ops::empty_memory_format::redispatch(c10::DispatchKeySet, c10::ArrayRef<c10::SymInt>, std::optional<c10::ScalarType>, std::optional<c10::Layout>, std::optional<c10::Device>, std::optional<bool>, std::optional<c10::MemoryFormat>) + 0xe6 (0x7d2222d19e06 in /home/ywc/mpk-env/lib/python3.12/site-packages/torch/lib/libtorch_cpu.so)
frame #13: <unknown function> + 0x28bdf39 (0x7d22230bdf39 in /home/ywc/mpk-env/lib/python3.12/site-packages/torch/lib/libtorch_cpu.so)
frame #14: at::_ops::empty_memory_format::call(c10::ArrayRef<c10::SymInt>, std::optional<c10::ScalarType>, std::optional<c10::Layout>, std::optional<c10::Device>, std::optional<bool>, std::optional<c10::MemoryFormat>) + 0x218 (0x7d2222d66168 in /home/ywc/mpk-env/lib/python3.12/site-packages/torch/lib/libtorch_cpu.so)
frame #15: <unknown function> + 0xcb37 (0x7d2242565b37 in /home/ywc/mpk-env/lib/python3.12/site-packages/torch_c_dlpack_ext/libtorch_c_dlpack_addon_torch28-cuda.so)
frame #16: TVMFFIEnvTensorAlloc + 0x66 (0x7d209a6b9f76 in /home/ywc/mpk-env/lib/python3.12/site-packages/tvm_ffi/lib/libtvm_ffi.so)
frame #17: __tvm_ffi_chunk_scan_fwd + 0x3bb0 (0x7d1d4433fd89 in /home/ywc/.tilelang/cache/0.1.14_cuda/linux-x86_64/kernels/2bfac2da289d91d462186c35e6a1076413e120da1bbe54b39955fd0a0fa0bb7b/executable.so)
frame #18: __tvm_ffi_main + 0x32 (0x7d1d443423dc in /home/ywc/.tilelang/cache/0.1.14_cuda/linux-x86_64/kernels/2bfac2da289d91d462186c35e6a1076413e120da1bbe54b39955fd0a0fa0bb7b/executable.so)
frame #19: <unknown function> + 0x13f6ff (0x7d209a6af6ff in /home/ywc/mpk-env/lib/python3.12/site-packages/tvm_ffi/lib/libtvm_ffi.so)
frame #20: <unknown function> + 0x13f07c (0x7d209a6af07c in /home/ywc/mpk-env/lib/python3.12/site-packages/tvm_ffi/lib/libtvm_ffi.so)
frame #21: <unknown function> + 0x9bd62 (0x7d21c84d5d62 in /home/ywc/mpk-env/lib/python3.12/site-packages/tvm_ffi/core.abi3.so)
<omitting python frames>
frame #25: python() [0x5a3778]
frame #29: python() [0x5a3778]
frame #31: python() [0x64f814]
frame #34: python() [0x54cbb4]
frame #36: python() [0x64f814]
frame #39: python() [0x54cb52]
frame #40: python() [0x6f899c]
frame #41: python() [0x6b93bc]
frame #42: <unknown function> + 0x9cb84 (0x7d224369cb84 in /lib/x86_64-linux-gnu/libc.so.6)
frame #43: <unknown function> + 0x129ecc (0x7d2243729ecc in /lib/x86_64-linux-gnu/libc.so.6)


2026-09-24 15:30:11,954 WARNING:An error occurred while testing config {'block_M': 256, 'block_N': 64, 'block_K': 256, 'block_Dstate': 128, 'num_stages': 4}, checkout autotuner.log for more details
2026-09-24 15:30:11,954 DEBUG:Error: Traceback (most recent call last):
  File "/home/ywc/co-tilelang/tilelang/autotuner/tuner.py", line 597, in _run_benchmark_target
    latency, worker_ref_latency = _call_benchmark_target(_jit_kernel, _worker_state)
                                  ^^^^^^^^^^^^^^^^^^^^^^^^^^^^^^^^^^^^^^^^^^^^^^^^^^
  File "/home/ywc/co-tilelang/tilelang/autotuner/tuner.py", line 569, in _call_benchmark_target
    return invoke()
           ^^^^^^^^
  File "/home/ywc/co-tilelang/tilelang/autotuner/tuner.py", line 560, in invoke
    return benchmark_target(
           ^^^^^^^^^^^^^^^^^
  File "/home/ywc/co-tilelang/tilelang/autotuner/tuner.py", line 717, in _benchmark_target
    latency = profiler.do_bench(
              ^^^^^^^^^^^^^^^^^^
  File "/home/ywc/co-tilelang/tilelang/profiler/__init__.py", line 281, in do_bench
    return run_bench()
           ^^^^^^^^^^^
  File "/home/ywc/co-tilelang/tilelang/profiler/__init__.py", line 267, in run_bench
    return do_bench(
           ^^^^^^^^^
  File "/home/ywc/co-tilelang/tilelang/profiler/bench.py", line 128, in do_bench
    return _do_bench_impl(
           ^^^^^^^^^^^^^^^
  File "/home/ywc/co-tilelang/tilelang/profiler/bench.py", line 187, in _do_bench_impl
    fn()
  File "/home/ywc/co-tilelang/tilelang/jit/adapter/base.py", line 100, in __call__
    return self.func(*args, **kwds)
           ^^^^^^^^^^^^^^^^^^^^^^^^
  File "/home/ywc/co-tilelang/tilelang/jit/adapter/tvm_ffi.py", line 330, in func
    result = self._get_executable()(*inputs, allocator_anchor)
             ^^^^^^^^^^^^^^^^^^^^^^^^^^^^^^^^^^^^^^^^^^^^^^^^^
  File "/home/ywc/mpk-env/lib/python3.12/site-packages/tvm_ffi/module.py", line 299, in __call__
    return self.main(*args)
           ^^^^^^^^^^^^^^^^
  File "python/tvm_ffi/cython/function.pxi", line 968, in tvm_ffi.core.Function.__call__
  File "<unknown>", line 0, in TVMFFIEnvTensorAlloc
  File "<unknown>", line 0, in TorchDLPackExchangeAPI::ManagedTensorAllocator(DLTensor*, DLManagedTensorVersioned**, void*, void (*)(void*, char const*, char const*))
MemoryError: CUDA out of memory. Tried to allocate 1024.00 MiB. GPU 0 has a total capacity of 94.97 GiB of which 609.88 MiB is free. Process 73312 has 1.13 GiB memory in use. Process 142742 has 36.90 GiB memory in use. Including non-PyTorch memory, this process has 56.26 GiB memory in use. Of the allocated memory 55.25 GiB is allocated by PyTorch, and 386.00 MiB is reserved by PyTorch but unallocated. If reserved but unallocated memory is large try setting PYTORCH_CUDA_ALLOC_CONF=expandable_segments:True to avoid fragmentation.  See documentation for Memory Management  (https://pytorch.org/docs/stable/notes/cuda.html#environment-variables)
Exception raised from malloc at /pytorch/c10/cuda/CUDACachingAllocator.cpp:1498 (most recent call first):
frame #0: c10::Error::Error(c10::SourceLocation, std::__cxx11::basic_string<char, std::char_traits<char>, std::allocator<char> >) + 0x80 (0x7d22428d9eb0 in /home/ywc/mpk-env/lib/python3.12/site-packages/torch/lib/libc10.so)
frame #1: <unknown function> + 0x3ca3b (0x7d2242997a3b in /home/ywc/mpk-env/lib/python3.12/site-packages/torch/lib/libc10_cuda.so)
frame #2: <unknown function> + 0x3cc05 (0x7d2242997c05 in /home/ywc/mpk-env/lib/python3.12/site-packages/torch/lib/libc10_cuda.so)
frame #3: <unknown function> + 0x3d15f (0x7d224299815f in /home/ywc/mpk-env/lib/python3.12/site-packages/torch/lib/libc10_cuda.so)
frame #4: <unknown function> + 0x15d64ad (0x7d2221dd64ad in /home/ywc/mpk-env/lib/python3.12/site-packages/torch/lib/libtorch_cpu.so)
frame #5: <unknown function> + 0x15d2715 (0x7d2221dd2715 in /home/ywc/mpk-env/lib/python3.12/site-packages/torch/lib/libtorch_cpu.so)
frame #6: at::detail::empty_generic(c10::ArrayRef<long>, c10::Allocator*, c10::DispatchKeySet, c10::ScalarType, std::optional<c10::MemoryFormat>) + 0x13 (0x7d2221dd30f3 in /home/ywc/mpk-env/lib/python3.12/site-packages/torch/lib/libtorch_cpu.so)
frame #7: at::detail::empty_cuda(c10::ArrayRef<long>, c10::ScalarType, std::optional<c10::Device>, std::optional<c10::MemoryFormat>) + 0x86 (0x7d21e5871106 in /home/ywc/mpk-env/lib/python3.12/site-packages/torch/lib/libtorch_cuda.so)
frame #8: at::detail::empty_cuda(c10::ArrayRef<long>, std::optional<c10::ScalarType>, std::optional<c10::Layout>, std::optional<c10::Device>, std::optional<bool>, std::optional<c10::MemoryFormat>) + 0x6e (0x7d21e587129e in /home/ywc/mpk-env/lib/python3.12/site-packages/torch/lib/libtorch_cuda.so)
frame #9: at::native::empty_cuda(c10::ArrayRef<long>, std::optional<c10::ScalarType>, std::optional<c10::Layout>, std::optional<c10::Device>, std::optional<bool>, std::optional<c10::MemoryFormat>) + 0x43 (0x7d21e5afce63 in /home/ywc/mpk-env/lib/python3.12/site-packages/torch/lib/libtorch_cuda.so)
frame #10: <unknown function> + 0x32944e4 (0x7d21e7e944e4 in /home/ywc/mpk-env/lib/python3.12/site-packages/torch/lib/libtorch_cuda.so)
frame #11: <unknown function> + 0x329460c (0x7d21e7e9460c in /home/ywc/mpk-env/lib/python3.12/site-packages/torch/lib/libtorch_cuda.so)
frame #12: at::_ops::empty_memory_format::redispatch(c10::DispatchKeySet, c10::ArrayRef<c10::SymInt>, std::optional<c10::ScalarType>, std::optional<c10::Layout>, std::optional<c10::Device>, std::optional<bool>, std::optional<c10::MemoryFormat>) + 0xe6 (0x7d2222d19e06 in /home/ywc/mpk-env/lib/python3.12/site-packages/torch/lib/libtorch_cpu.so)
frame #13: <unknown function> + 0x28bdf39 (0x7d22230bdf39 in /home/ywc/mpk-env/lib/python3.12/site-packages/torch/lib/libtorch_cpu.so)
frame #14: at::_ops::empty_memory_format::call(c10::ArrayRef<c10::SymInt>, std::optional<c10::ScalarType>, std::optional<c10::Layout>, std::optional<c10::Device>, std::optional<bool>, std::optional<c10::MemoryFormat>) + 0x218 (0x7d2222d66168 in /home/ywc/mpk-env/lib/python3.12/site-packages/torch/lib/libtorch_cpu.so)
frame #15: <unknown function> + 0xcb37 (0x7d2242565b37 in /home/ywc/mpk-env/lib/python3.12/site-packages/torch_c_dlpack_ext/libtorch_c_dlpack_addon_torch28-cuda.so)
frame #16: TVMFFIEnvTensorAlloc + 0x66 (0x7d209a6b9f76 in /home/ywc/mpk-env/lib/python3.12/site-packages/tvm_ffi/lib/libtvm_ffi.so)
frame #17: __tvm_ffi_chunk_scan_fwd + 0x3bb0 (0x7d1d441aad89 in /home/ywc/.tilelang/cache/0.1.14_cuda/linux-x86_64/kernels/e71b52564b5c5b118f63ef6526efae12c7ee7704410e5f7eb444be10065e1f73/executable.so)
frame #18: __tvm_ffi_main + 0x32 (0x7d1d441ad3dc in /home/ywc/.tilelang/cache/0.1.14_cuda/linux-x86_64/kernels/e71b52564b5c5b118f63ef6526efae12c7ee7704410e5f7eb444be10065e1f73/executable.so)
frame #19: <unknown function> + 0x13f6ff (0x7d209a6af6ff in /home/ywc/mpk-env/lib/python3.12/site-packages/tvm_ffi/lib/libtvm_ffi.so)
frame #20: <unknown function> + 0x13f07c (0x7d209a6af07c in /home/ywc/mpk-env/lib/python3.12/site-packages/tvm_ffi/lib/libtvm_ffi.so)
frame #21: <unknown function> + 0x9bd62 (0x7d21c84d5d62 in /home/ywc/mpk-env/lib/python3.12/site-packages/tvm_ffi/core.abi3.so)
<omitting python frames>
frame #25: python() [0x5a3778]
frame #29: python() [0x5a3778]
frame #31: python() [0x64f814]
frame #34: python() [0x54cbb4]
frame #36: python() [0x64f814]
frame #39: python() [0x54cb52]
frame #40: python() [0x6f899c]
frame #41: python() [0x6b93bc]
frame #42: <unknown function> + 0x9cb84 (0x7d224369cb84 in /lib/x86_64-linux-gnu/libc.so.6)
frame #43: <unknown function> + 0x129ecc (0x7d2243729ecc in /lib/x86_64-linux-gnu/libc.so.6)


